-- MySQL dump 10.13  Distrib 8.0.23, for Win64 (x86_64)
--
-- Host: localhost    Database: hospital_db
-- ------------------------------------------------------
-- Server version	8.0.23

/*!40101 SET @OLD_CHARACTER_SET_CLIENT=@@CHARACTER_SET_CLIENT */;
/*!40101 SET @OLD_CHARACTER_SET_RESULTS=@@CHARACTER_SET_RESULTS */;
/*!40101 SET @OLD_COLLATION_CONNECTION=@@COLLATION_CONNECTION */;
/*!50503 SET NAMES utf8mb4 */;
/*!40103 SET @OLD_TIME_ZONE=@@TIME_ZONE */;
/*!40103 SET TIME_ZONE='+00:00' */;
/*!40014 SET @OLD_UNIQUE_CHECKS=@@UNIQUE_CHECKS, UNIQUE_CHECKS=0 */;
/*!40014 SET @OLD_FOREIGN_KEY_CHECKS=@@FOREIGN_KEY_CHECKS, FOREIGN_KEY_CHECKS=0 */;
/*!40101 SET @OLD_SQL_MODE=@@SQL_MODE, SQL_MODE='NO_AUTO_VALUE_ON_ZERO' */;
/*!40111 SET @OLD_SQL_NOTES=@@SQL_NOTES, SQL_NOTES=0 */;

--
-- Table structure for table `api_backuphistory`
--

DROP TABLE IF EXISTS `api_backuphistory`;
/*!40101 SET @saved_cs_client     = @@character_set_client */;
/*!50503 SET character_set_client = utf8mb4 */;
CREATE TABLE `api_backuphistory` (
  `id` bigint NOT NULL AUTO_INCREMENT,
  `backup_file` varchar(255) COLLATE utf8mb4_unicode_ci NOT NULL,
  `media_backup` varchar(255) COLLATE utf8mb4_unicode_ci NOT NULL,
  `backup_location` varchar(255) COLLATE utf8mb4_unicode_ci NOT NULL,
  `timestamp` datetime(6) NOT NULL,
  `notes` longtext COLLATE utf8mb4_unicode_ci NOT NULL,
  `performed_by_id` bigint DEFAULT NULL,
  PRIMARY KEY (`id`),
  KEY `api_backuphistory_performed_by_id_22149427_fk_api_user_id` (`performed_by_id`),
  CONSTRAINT `api_backuphistory_performed_by_id_22149427_fk_api_user_id` FOREIGN KEY (`performed_by_id`) REFERENCES `api_user` (`id`)
) ENGINE=InnoDB DEFAULT CHARSET=utf8mb4 COLLATE=utf8mb4_unicode_ci;
/*!40101 SET character_set_client = @saved_cs_client */;

--
-- Dumping data for table `api_backuphistory`
--

LOCK TABLES `api_backuphistory` WRITE;
/*!40000 ALTER TABLE `api_backuphistory` DISABLE KEYS */;
/*!40000 ALTER TABLE `api_backuphistory` ENABLE KEYS */;
UNLOCK TABLES;

--
-- Table structure for table `api_bed`
--

DROP TABLE IF EXISTS `api_bed`;
/*!40101 SET @saved_cs_client     = @@character_set_client */;
/*!50503 SET character_set_client = utf8mb4 */;
CREATE TABLE `api_bed` (
  `id` bigint NOT NULL AUTO_INCREMENT,
  `number` varchar(10) COLLATE utf8mb4_unicode_ci NOT NULL,
  `is_occupied` tinyint(1) NOT NULL,
  `room_id` bigint NOT NULL,
  PRIMARY KEY (`id`),
  UNIQUE KEY `number` (`number`),
  KEY `api_bed_room_id_60602bf3_fk_api_room_id` (`room_id`),
  CONSTRAINT `api_bed_room_id_60602bf3_fk_api_room_id` FOREIGN KEY (`room_id`) REFERENCES `api_room` (`id`)
) ENGINE=InnoDB AUTO_INCREMENT=14 DEFAULT CHARSET=utf8mb4 COLLATE=utf8mb4_unicode_ci;
/*!40101 SET character_set_client = @saved_cs_client */;

--
-- Dumping data for table `api_bed`
--

LOCK TABLES `api_bed` WRITE;
/*!40000 ALTER TABLE `api_bed` DISABLE KEYS */;
INSERT INTO `api_bed` VALUES (1,'101',1,1),(2,'102',0,1),(3,'103',0,1),(4,'201',0,2),(5,'202',0,2),(6,'203',0,2),(7,'204',0,2),(8,'301',0,3),(9,'302',1,3),(10,'404',0,4),(11,'403',0,4),(12,'402',0,4),(13,'401',0,4);
/*!40000 ALTER TABLE `api_bed` ENABLE KEYS */;
UNLOCK TABLES;

--
-- Table structure for table `api_bedassignment`
--

DROP TABLE IF EXISTS `api_bedassignment`;
/*!40101 SET @saved_cs_client     = @@character_set_client */;
/*!50503 SET character_set_client = utf8mb4 */;
CREATE TABLE `api_bedassignment` (
  `id` bigint NOT NULL AUTO_INCREMENT,
  `start_time` datetime(6) NOT NULL,
  `end_time` datetime(6) DEFAULT NULL,
  `last_billed_time` datetime(6) DEFAULT NULL,
  `total_hours` int unsigned NOT NULL,
  `assigned_by_id` bigint DEFAULT NULL,
  `bed_id` bigint NOT NULL,
  `billing_id` bigint DEFAULT NULL,
  `patient_id` bigint NOT NULL,
  PRIMARY KEY (`id`),
  KEY `api_bedassignment_billing_id_de6783e6_fk_api_billing_id` (`billing_id`),
  KEY `api_bedassignment_patient_id_6473a769_fk_api_patient_id` (`patient_id`),
  KEY `api_bedassignment_assigned_by_id_f3159492_fk_api_user_id` (`assigned_by_id`),
  KEY `api_bedassignment_bed_id_0f122349_fk_api_bed_id` (`bed_id`),
  CONSTRAINT `api_bedassignment_assigned_by_id_f3159492_fk_api_user_id` FOREIGN KEY (`assigned_by_id`) REFERENCES `api_user` (`id`),
  CONSTRAINT `api_bedassignment_bed_id_0f122349_fk_api_bed_id` FOREIGN KEY (`bed_id`) REFERENCES `api_bed` (`id`),
  CONSTRAINT `api_bedassignment_billing_id_de6783e6_fk_api_billing_id` FOREIGN KEY (`billing_id`) REFERENCES `api_billing` (`id`),
  CONSTRAINT `api_bedassignment_patient_id_6473a769_fk_api_patient_id` FOREIGN KEY (`patient_id`) REFERENCES `api_patient` (`id`),
  CONSTRAINT `api_bedassignment_chk_1` CHECK ((`total_hours` >= 0))
) ENGINE=InnoDB AUTO_INCREMENT=3 DEFAULT CHARSET=utf8mb4 COLLATE=utf8mb4_unicode_ci;
/*!40101 SET character_set_client = @saved_cs_client */;

--
-- Dumping data for table `api_bedassignment`
--

LOCK TABLES `api_bedassignment` WRITE;
/*!40000 ALTER TABLE `api_bedassignment` DISABLE KEYS */;
INSERT INTO `api_bedassignment` VALUES (1,'2025-06-27 02:03:31.602668','2025-06-27 02:04:50.954325','2025-06-27 02:04:46.239264',2,1,4,2,6),(2,'2025-06-27 03:19:17.807311','2025-06-27 03:22:01.402099','2025-06-27 03:21:28.784675',3,1,3,2,6);
/*!40000 ALTER TABLE `api_bedassignment` ENABLE KEYS */;
UNLOCK TABLES;

--
-- Table structure for table `api_billing`
--

DROP TABLE IF EXISTS `api_billing`;
/*!40101 SET @saved_cs_client     = @@character_set_client */;
/*!50503 SET character_set_client = utf8mb4 */;
CREATE TABLE `api_billing` (
  `id` bigint NOT NULL AUTO_INCREMENT,
  `code` varchar(8) COLLATE utf8mb4_unicode_ci NOT NULL,
  `date_created` datetime(6) NOT NULL,
  `status` varchar(20) COLLATE utf8mb4_unicode_ci NOT NULL,
  `total_due` decimal(10,2) NOT NULL,
  `created_by_id` bigint DEFAULT NULL,
  `patient_id` bigint NOT NULL,
  PRIMARY KEY (`id`),
  UNIQUE KEY `code` (`code`),
  KEY `api_billing_patient_id_a7d84402_fk_api_patient_id` (`patient_id`),
  KEY `api_billing_created_by_id_9f5a7bd0_fk_api_user_id` (`created_by_id`),
  CONSTRAINT `api_billing_created_by_id_9f5a7bd0_fk_api_user_id` FOREIGN KEY (`created_by_id`) REFERENCES `api_user` (`id`),
  CONSTRAINT `api_billing_patient_id_a7d84402_fk_api_patient_id` FOREIGN KEY (`patient_id`) REFERENCES `api_patient` (`id`)
) ENGINE=InnoDB AUTO_INCREMENT=3 DEFAULT CHARSET=utf8mb4 COLLATE=utf8mb4_unicode_ci;
/*!40101 SET character_set_client = @saved_cs_client */;

--
-- Dumping data for table `api_billing`
--

LOCK TABLES `api_billing` WRITE;
/*!40000 ALTER TABLE `api_billing` DISABLE KEYS */;
INSERT INTO `api_billing` VALUES (1,'PA9SPUNQ','2025-06-26 06:19:00.199749','Unpaid',0.00,1,1),(2,'N4YVBRW3','2025-06-27 01:41:35.972823','Unpaid',5310.00,1,6);
/*!40000 ALTER TABLE `api_billing` ENABLE KEYS */;
UNLOCK TABLES;

--
-- Table structure for table `api_billing_operator`
--

DROP TABLE IF EXISTS `api_billing_operator`;
/*!40101 SET @saved_cs_client     = @@character_set_client */;
/*!50503 SET character_set_client = utf8mb4 */;
CREATE TABLE `api_billing_operator` (
  `id` bigint NOT NULL AUTO_INCREMENT,
  `billing_id` bigint NOT NULL,
  `user_id` bigint NOT NULL,
  PRIMARY KEY (`id`),
  UNIQUE KEY `api_billing_operator_billing_id_user_id_ef23e407_uniq` (`billing_id`,`user_id`),
  KEY `api_billing_operator_user_id_fd32ba2c_fk_api_user_id` (`user_id`),
  CONSTRAINT `api_billing_operator_billing_id_8bd8f773_fk_api_billing_id` FOREIGN KEY (`billing_id`) REFERENCES `api_billing` (`id`),
  CONSTRAINT `api_billing_operator_user_id_fd32ba2c_fk_api_user_id` FOREIGN KEY (`user_id`) REFERENCES `api_user` (`id`)
) ENGINE=InnoDB AUTO_INCREMENT=3 DEFAULT CHARSET=utf8mb4 COLLATE=utf8mb4_unicode_ci;
/*!40101 SET character_set_client = @saved_cs_client */;

--
-- Dumping data for table `api_billing_operator`
--

LOCK TABLES `api_billing_operator` WRITE;
/*!40000 ALTER TABLE `api_billing_operator` DISABLE KEYS */;
INSERT INTO `api_billing_operator` VALUES (1,1,1),(2,2,1);
/*!40000 ALTER TABLE `api_billing_operator` ENABLE KEYS */;
UNLOCK TABLES;

--
-- Table structure for table `api_billingitem`
--

DROP TABLE IF EXISTS `api_billingitem`;
/*!40101 SET @saved_cs_client     = @@character_set_client */;
/*!50503 SET character_set_client = utf8mb4 */;
CREATE TABLE `api_billingitem` (
  `id` bigint NOT NULL AUTO_INCREMENT,
  `quantity` int unsigned NOT NULL,
  `subtotal` decimal(10,2) NOT NULL,
  `bed_assignment_id` bigint DEFAULT NULL,
  `billing_id` bigint NOT NULL,
  `service_availed_id` bigint DEFAULT NULL,
  PRIMARY KEY (`id`),
  KEY `api_billingitem_bed_assignment_id_9f6ef93a_fk_api_bedas` (`bed_assignment_id`),
  KEY `api_billingitem_billing_id_9fb409fb_fk_api_billing_id` (`billing_id`),
  KEY `api_billingitem_service_availed_id_e0c7722a_fk_api_patie` (`service_availed_id`),
  CONSTRAINT `api_billingitem_bed_assignment_id_9f6ef93a_fk_api_bedas` FOREIGN KEY (`bed_assignment_id`) REFERENCES `api_bedassignment` (`id`),
  CONSTRAINT `api_billingitem_billing_id_9fb409fb_fk_api_billing_id` FOREIGN KEY (`billing_id`) REFERENCES `api_billing` (`id`),
  CONSTRAINT `api_billingitem_service_availed_id_e0c7722a_fk_api_patie` FOREIGN KEY (`service_availed_id`) REFERENCES `api_patientservice` (`id`),
  CONSTRAINT `api_billingitem_chk_1` CHECK ((`quantity` >= 0))
) ENGINE=InnoDB AUTO_INCREMENT=8 DEFAULT CHARSET=utf8mb4 COLLATE=utf8mb4_unicode_ci;
/*!40101 SET character_set_client = @saved_cs_client */;

--
-- Dumping data for table `api_billingitem`
--

LOCK TABLES `api_billingitem` WRITE;
/*!40000 ALTER TABLE `api_billingitem` DISABLE KEYS */;
INSERT INTO `api_billingitem` VALUES (1,1,2400.00,NULL,2,1),(2,1,1320.00,NULL,2,2),(3,1,120.00,1,2,NULL),(4,1,120.00,1,2,NULL),(5,1,450.00,2,2,NULL),(6,1,450.00,2,2,NULL),(7,1,450.00,2,2,NULL);
/*!40000 ALTER TABLE `api_billingitem` ENABLE KEYS */;
UNLOCK TABLES;

--
-- Table structure for table `api_billingoperatorlog`
--

DROP TABLE IF EXISTS `api_billingoperatorlog`;
/*!40101 SET @saved_cs_client     = @@character_set_client */;
/*!50503 SET character_set_client = utf8mb4 */;
CREATE TABLE `api_billingoperatorlog` (
  `id` bigint NOT NULL AUTO_INCREMENT,
  `timestamp` datetime(6) NOT NULL,
  `action` varchar(50) COLLATE utf8mb4_unicode_ci DEFAULT NULL,
  `billing_id` bigint NOT NULL,
  `user_id` bigint DEFAULT NULL,
  PRIMARY KEY (`id`),
  KEY `api_billingoperatorlog_billing_id_e3514d9f_fk_api_billing_id` (`billing_id`),
  KEY `api_billingoperatorlog_user_id_c9991532_fk_api_user_id` (`user_id`),
  CONSTRAINT `api_billingoperatorlog_billing_id_e3514d9f_fk_api_billing_id` FOREIGN KEY (`billing_id`) REFERENCES `api_billing` (`id`),
  CONSTRAINT `api_billingoperatorlog_user_id_c9991532_fk_api_user_id` FOREIGN KEY (`user_id`) REFERENCES `api_user` (`id`)
) ENGINE=InnoDB AUTO_INCREMENT=5 DEFAULT CHARSET=utf8mb4 COLLATE=utf8mb4_unicode_ci;
/*!40101 SET character_set_client = @saved_cs_client */;

--
-- Dumping data for table `api_billingoperatorlog`
--

LOCK TABLES `api_billingoperatorlog` WRITE;
/*!40000 ALTER TABLE `api_billingoperatorlog` DISABLE KEYS */;
INSERT INTO `api_billingoperatorlog` VALUES (1,'2025-06-26 06:19:00.238443','Bill Created',1,1),(2,'2025-06-27 01:41:35.988482','Bill Created',2,1),(3,'2025-06-27 01:41:49.451921','Billing Item Added/Updated',2,1),(4,'2025-06-27 01:42:08.501570','Billing Item Added/Updated',2,1);
/*!40000 ALTER TABLE `api_billingoperatorlog` ENABLE KEYS */;
UNLOCK TABLES;

--
-- Table structure for table `api_clinicalnote`
--

DROP TABLE IF EXISTS `api_clinicalnote`;
/*!40101 SET @saved_cs_client     = @@character_set_client */;
/*!50503 SET character_set_client = utf8mb4 */;
CREATE TABLE `api_clinicalnote` (
  `id` bigint NOT NULL AUTO_INCREMENT,
  `note_type` varchar(120) COLLATE utf8mb4_unicode_ci DEFAULT NULL,
  `content` longtext COLLATE utf8mb4_unicode_ci,
  `created_at` datetime(6) DEFAULT NULL,
  `updated_at` datetime(6) DEFAULT NULL,
  `author_id` bigint DEFAULT NULL,
  `patient_id` bigint NOT NULL,
  `dose_frequency` varchar(100) COLLATE utf8mb4_unicode_ci DEFAULT NULL,
  `focus_problem` longtext COLLATE utf8mb4_unicode_ci,
  `medication` varchar(255) COLLATE utf8mb4_unicode_ci DEFAULT NULL,
  `note_date` datetime(6) DEFAULT NULL,
  `orders` longtext COLLATE utf8mb4_unicode_ci,
  `progress_notes` longtext COLLATE utf8mb4_unicode_ci,
  `case_number_patient` longtext COLLATE utf8mb4_unicode_ci,
  PRIMARY KEY (`id`),
  KEY `api_clinicalnote_author_id_a0be26c4_fk_api_user_id` (`author_id`),
  KEY `api_clinicalnote_patient_id_6c9209af_fk_api_patient_id` (`patient_id`),
  CONSTRAINT `api_clinicalnote_author_id_a0be26c4_fk_api_user_id` FOREIGN KEY (`author_id`) REFERENCES `api_user` (`id`),
  CONSTRAINT `api_clinicalnote_patient_id_6c9209af_fk_api_patient_id` FOREIGN KEY (`patient_id`) REFERENCES `api_patient` (`id`)
) ENGINE=InnoDB AUTO_INCREMENT=5 DEFAULT CHARSET=utf8mb4 COLLATE=utf8mb4_unicode_ci;
/*!40101 SET character_set_client = @saved_cs_client */;

--
-- Dumping data for table `api_clinicalnote`
--

LOCK TABLES `api_clinicalnote` WRITE;
/*!40000 ALTER TABLE `api_clinicalnote` DISABLE KEYS */;
INSERT INTO `api_clinicalnote` VALUES (1,'Doctor','','2025-06-26 05:51:54.590713','2025-06-26 05:51:54.590713',1,1,'','','','2025-06-26 05:51:00.000000','Kill the left leg','Leg Amputation','CN-20250617-003'),(2,'Nurse','','2025-06-26 05:52:34.516502','2025-06-26 05:52:34.516502',1,1,'','Left leg amputated?','','2025-06-26 05:51:00.000000','','Data: right leg was accidentally amputated LOL\nAction: uhm..\nResponse: haha','CN-20250617-003'),(3,'Doctor','','2025-06-26 19:14:34.853882','2025-06-26 19:14:34.853882',1,6,'','','','2025-06-26 19:14:00.000000','si asdasd','baby ko','CN-20250627-babyyy'),(4,'Nurse','','2025-06-26 19:14:46.433710','2025-06-26 19:14:46.433710',1,6,'','i','','2025-06-26 19:14:00.000000','','Data: d\nAction: k\nResponse: haha','CN-20250627-babyyy');
/*!40000 ALTER TABLE `api_clinicalnote` ENABLE KEYS */;
UNLOCK TABLES;

--
-- Table structure for table `api_historicalpatient`
--

DROP TABLE IF EXISTS `api_historicalpatient`;
/*!40101 SET @saved_cs_client     = @@character_set_client */;
/*!50503 SET character_set_client = utf8mb4 */;
CREATE TABLE `api_historicalpatient` (
  `id` bigint NOT NULL,
  `has_philhealth` tinyint(1) NOT NULL,
  `case_number` varchar(255) COLLATE utf8mb4_unicode_ci DEFAULT NULL,
  `hospital_case_number` varchar(255) COLLATE utf8mb4_unicode_ci DEFAULT NULL,
  `has_hmo` tinyint(1) NOT NULL,
  `hmo` varchar(255) COLLATE utf8mb4_unicode_ci DEFAULT NULL,
  `code` varchar(5) COLLATE utf8mb4_unicode_ci NOT NULL,
  `name` varchar(255) COLLATE utf8mb4_unicode_ci NOT NULL,
  `status` varchar(20) COLLATE utf8mb4_unicode_ci NOT NULL,
  `admission_date` datetime(6) DEFAULT NULL,
  `current_condition` longtext COLLATE utf8mb4_unicode_ci NOT NULL,
  `date_of_birth` date DEFAULT NULL,
  `address` varchar(255) COLLATE utf8mb4_unicode_ci DEFAULT NULL,
  `occupation` varchar(100) COLLATE utf8mb4_unicode_ci DEFAULT NULL,
  `civil_status` varchar(20) COLLATE utf8mb4_unicode_ci DEFAULT NULL,
  `nationality` varchar(100) COLLATE utf8mb4_unicode_ci DEFAULT NULL,
  `religion` varchar(100) COLLATE utf8mb4_unicode_ci DEFAULT NULL,
  `visit_type` varchar(20) COLLATE utf8mb4_unicode_ci DEFAULT NULL,
  `consultation_datetime` datetime(6) DEFAULT NULL,
  `referred_by` varchar(255) COLLATE utf8mb4_unicode_ci DEFAULT NULL,
  `next_consultation_date` datetime(6) DEFAULT NULL,
  `discharge_date` datetime(6) DEFAULT NULL,
  `phone` varchar(15) COLLATE utf8mb4_unicode_ci DEFAULT NULL,
  `emergency_contact_name` varchar(255) COLLATE utf8mb4_unicode_ci DEFAULT NULL,
  `emergency_contact_phone` varchar(15) COLLATE utf8mb4_unicode_ci DEFAULT NULL,
  `is_active` varchar(10) COLLATE utf8mb4_unicode_ci NOT NULL,
  `entry_date` datetime(6) NOT NULL,
  `height` decimal(5,2) DEFAULT NULL,
  `weight` decimal(5,2) DEFAULT NULL,
  `blood_pressure` varchar(20) COLLATE utf8mb4_unicode_ci DEFAULT NULL,
  `pulse_rate` decimal(5,2) DEFAULT NULL,
  `respiratory_rate` decimal(5,2) DEFAULT NULL,
  `temperature` decimal(5,2) DEFAULT NULL,
  `physical_examination` longtext COLLATE utf8mb4_unicode_ci,
  `main_complaint` longtext COLLATE utf8mb4_unicode_ci,
  `present_illness` longtext COLLATE utf8mb4_unicode_ci,
  `clinical_findings` longtext COLLATE utf8mb4_unicode_ci,
  `icd_code` varchar(20) COLLATE utf8mb4_unicode_ci DEFAULT NULL,
  `diagnosis` longtext COLLATE utf8mb4_unicode_ci,
  `treatment` longtext COLLATE utf8mb4_unicode_ci,
  `history_id` int NOT NULL AUTO_INCREMENT,
  `history_date` datetime(6) NOT NULL,
  `history_change_reason` varchar(100) COLLATE utf8mb4_unicode_ci DEFAULT NULL,
  `history_type` varchar(1) COLLATE utf8mb4_unicode_ci NOT NULL,
  `attending_physician_id` bigint DEFAULT NULL,
  `history_user_id` bigint DEFAULT NULL,
  `disposition` varchar(20) COLLATE utf8mb4_unicode_ci DEFAULT NULL,
  `father_address` varchar(255) COLLATE utf8mb4_unicode_ci DEFAULT NULL,
  `father_contact` varchar(15) COLLATE utf8mb4_unicode_ci DEFAULT NULL,
  `father_name` varchar(255) COLLATE utf8mb4_unicode_ci DEFAULT NULL,
  `membership` varchar(10) COLLATE utf8mb4_unicode_ci DEFAULT NULL,
  `mother_address` varchar(255) COLLATE utf8mb4_unicode_ci DEFAULT NULL,
  `mother_contact` varchar(15) COLLATE utf8mb4_unicode_ci DEFAULT NULL,
  `mother_name` varchar(255) COLLATE utf8mb4_unicode_ci DEFAULT NULL,
  `result` varchar(20) COLLATE utf8mb4_unicode_ci DEFAULT NULL,
  `spouse_address` varchar(255) COLLATE utf8mb4_unicode_ci DEFAULT NULL,
  `spouse_contact` varchar(15) COLLATE utf8mb4_unicode_ci DEFAULT NULL,
  `spouse_name` varchar(255) COLLATE utf8mb4_unicode_ci DEFAULT NULL,
  `bed_number` varchar(20) COLLATE utf8mb4_unicode_ci DEFAULT NULL,
  `ward_service` varchar(100) COLLATE utf8mb4_unicode_ci DEFAULT NULL,
  `age` varchar(255) COLLATE utf8mb4_unicode_ci DEFAULT NULL,
  `birth_place` varchar(255) COLLATE utf8mb4_unicode_ci DEFAULT NULL,
  `gender` varchar(10) COLLATE utf8mb4_unicode_ci DEFAULT NULL,
  `type_of_admission` varchar(20) COLLATE utf8mb4_unicode_ci DEFAULT NULL,
  `other_diagnosis` varchar(255) COLLATE utf8mb4_unicode_ci DEFAULT NULL,
  `other_operation` varchar(255) COLLATE utf8mb4_unicode_ci DEFAULT NULL,
  `principal_diagnosis` varchar(255) COLLATE utf8mb4_unicode_ci DEFAULT NULL,
  `principal_operation` varchar(255) COLLATE utf8mb4_unicode_ci DEFAULT NULL,
  `total_days` varchar(255) COLLATE utf8mb4_unicode_ci DEFAULT NULL,
  `archived` tinyint(1) NOT NULL,
  PRIMARY KEY (`history_id`),
  KEY `api_historicalpatient_history_user_id_aa8d524a_fk_api_user_id` (`history_user_id`),
  KEY `api_historicalpatient_id_beba82e9` (`id`),
  KEY `api_historicalpatient_case_number_80453bae` (`case_number`),
  KEY `api_historicalpatient_code_9022f6a4` (`code`),
  KEY `api_historicalpatient_history_date_371c351f` (`history_date`),
  KEY `api_historicalpatient_attending_physician_id_bea45980` (`attending_physician_id`),
  CONSTRAINT `api_historicalpatient_history_user_id_aa8d524a_fk_api_user_id` FOREIGN KEY (`history_user_id`) REFERENCES `api_user` (`id`)
) ENGINE=InnoDB AUTO_INCREMENT=48 DEFAULT CHARSET=utf8mb4 COLLATE=utf8mb4_unicode_ci;
/*!40101 SET character_set_client = @saved_cs_client */;

--
-- Dumping data for table `api_historicalpatient`
--

LOCK TABLES `api_historicalpatient` WRITE;
/*!40000 ALTER TABLE `api_historicalpatient` DISABLE KEYS */;
INSERT INTO `api_historicalpatient` VALUES (1,0,'CN-20250617-002','HCN-20250617-001',0,'HBO','J35YT','Marwan D. Terrorist','Admitted','2025-06-26 04:18:00.000000','Not specified','2025-06-26','blk 1 lot 38','Global Terrierist','Single','Filipino','Roman Catholic','New',NULL,'Dr. Santos',NULL,NULL,'09764926311','','','Active','2025-06-26 04:20:15.138862',NULL,NULL,'',NULL,NULL,NULL,'','','','','','','',1,'2025-06-26 04:20:15.146866',NULL,'+',1,1,'Transferred','block 1 lot 38, Hinapao Street','09357773518','Rasheed Mohammad','SSS','','','','Died','','','','1','private','1','Taytay Rizal','Male','New','','','','','',0),(1,0,'CN-20250617-002','HCN-20250617-001',0,'HBO','J35YT','Marwan D. Terrorist','Outpatient','2025-06-26 04:18:00.000000','Not specified','2025-06-26','blk 1 lot 38','Global Terrierist','Single','Filipino','Roman Catholic','New','2025-06-26 04:38:00.000000','Dr. Santos',NULL,NULL,'09764926311','','','Active','2025-06-26 04:20:15.138862',120.00,65.00,'120',80.00,60.00,32.00,'he\'s healthy','n/a','n/a','','02asd','','Biogesic twice a year',2,'2025-06-26 04:40:20.302809',NULL,'~',1,1,'Transferred','block 1 lot 38, Hinapao Street','09357773518','Rasheed Mohammad','SSS','','','','Died','','','','1','private','1','Taytay Rizal','Male','New','','','','','',0),(1,0,'CN-20250617-002','HCN-20250617-001',0,'HBO','J35YT','Marwan D. Terrorist','Outpatient','2025-06-26 04:18:00.000000','Not specified','2025-06-26','blk 1 lot 38','Global Terrierist','Single','Filipino','Roman Catholic','New','2025-06-26 04:38:00.000000','Dr. Santos',NULL,NULL,'09764926311','','','Active','2025-06-26 04:20:15.138862',120.00,65.00,'120',80.00,60.00,32.00,'he\'s healthy','n/a','n/a','','02asd','','Biogesic twice a year',3,'2025-06-26 04:40:20.318258',NULL,'~',1,1,'Transferred','block 1 lot 38, Hinapao Street','09357773518','Rasheed Mohammad','SSS','','','','Died','','','','1','private','1','Taytay Rizal','Male','New','','','','','',0),(1,0,'CN-20250617-002','HCN-20250617-001',0,'HBO','J35YT','Marwan D. Terrorist','Admitted','2025-06-26 04:18:00.000000','Not specified','2025-06-26','blk 1 lot 38','Global Terrierist','Single','Filipino','Roman Catholic','New','2025-06-26 04:38:00.000000','Dr. Santos',NULL,NULL,'09764926311','','','Active','2025-06-26 04:20:15.138862',120.00,65.00,'120',80.00,60.00,32.00,'he\'s healthy','n/a','n/a','','02asd','','Biogesic twice a year',4,'2025-06-26 04:55:35.685615',NULL,'~',1,1,'Transferred','block 1 lot 38, Hinapao Street','09357773518','Rasheed Mohammad','SSS','','','','Died','','','','1','private','1','Taytay Rizal','Male','New','','','','','',0),(1,0,'CN-20250617-002','HCN-20250617-001',0,'HBO','J35YT','Marwan D. Terrorist','Admitted','2025-06-26 04:18:00.000000','Not specified','2025-06-26','blk 1 lot 38','Global Terrierist','Single','Filipino','Roman Catholic','New','2025-06-26 04:38:00.000000','Dr. Santos',NULL,NULL,'09764926311','','','Active','2025-06-26 04:20:15.138862',120.00,65.00,'120',80.00,60.00,32.00,'he\'s healthy','n/a','n/a','','02asd','','Biogesic twice a year',5,'2025-06-26 04:55:35.706662',NULL,'~',1,1,'Transferred','block 1 lot 38, Hinapao Street','09357773518','Rasheed Mohammad','SSS','','','','Died','','','','1','private','1','Taytay Rizal','Male','New','','','','','',0),(1,0,'CN-20250617-003','HCN-20250617-001',0,'HBO','J35YT','Marwan D. Terrorist','Outpatient','2025-06-26 04:18:00.000000','Not specified','2025-06-26','blk 1 lot 38','Global Terrierist','Single','Filipino','Roman Catholic','New','2025-06-26 04:38:00.000000','Dr. Santos',NULL,NULL,'09764926311','','','Active','2025-06-26 04:20:15.138862',120.00,65.00,'120',80.00,60.00,32.00,'he\'s healthy','n/a','n/a','','02asd','','Biogesic twice a year',6,'2025-06-26 05:01:59.428013',NULL,'~',1,1,'Transferred','block 1 lot 38, Hinapao Street','09357773518','Rasheed Mohammad','SSS','','','','Died','','','','1','private','1','Taytay Rizal','Male','New','','','','','',0),(1,0,'CN-20250617-003','HCN-20250617-001',0,'HBO','J35YT','Marwan D. Terrorist','Outpatient','2025-06-26 04:18:00.000000','Not specified','2025-06-26','blk 1 lot 38','Global Terrierist','Single','Filipino','Roman Catholic','New','2025-06-26 04:38:00.000000','Dr. Santos',NULL,NULL,'09764926311','','','Active','2025-06-26 04:20:15.138862',120.00,65.00,'120',80.00,60.00,32.00,'he\'s healthy','n/a','n/a','','02asd','','Biogesic twice a year',7,'2025-06-26 05:01:59.441763',NULL,'~',1,1,'Transferred','block 1 lot 38, Hinapao Street','09357773518','Rasheed Mohammad','SSS','','','','Died','','','','1','private','1','Taytay Rizal','Male','New','','','','','',0),(2,1,'CN-20250617-jaak','HCN-20250617-001',0,'Acme Health Plan','6CRV4','Cong Velasquez','Admitted','2025-06-26 17:11:00.000000','Not specified','2025-06-27','Somewhere around city','Vlogger','Married','Filipino','Catholic','New',NULL,'Dr. Santos',NULL,NULL,'09357773518','','','Active','2025-06-26 17:12:40.048006',NULL,NULL,'',NULL,NULL,NULL,'','','','','na','High BP','',8,'2025-06-26 17:12:40.062920',NULL,'+',2,1,'Discharged','block 1 lot 38, Hinapao Street','','Cong Velasquez Sr','SSS','block 1 lot 38, Hinapao Street','','Cong Velasquez Sis','48h_plus','','','','2','private','45','Taytay Rizal','Male','New','na','na','na','na','',0),(3,1,'CN-20250617-bangbang','HCN-20250617-001',0,'ABS-CBN Plan','RYFGW','Cardo Dalisay','Admitted','2025-06-26 17:11:00.000000','Not specified','2025-06-27','Somewhere around city','Vlogger','Married','Filipino','Catholic','New',NULL,'Dr. Santos',NULL,NULL,'09357773518','','','Active','2025-06-26 17:18:01.085624',NULL,NULL,'',NULL,NULL,NULL,'','','DEAD','','na','High BP','',9,'2025-06-26 17:18:01.125788',NULL,'+',2,1,'Discharged','block 1 lot 38, Hinapao Street','','Cong Velasquez Sr','SSS','block 1 lot 38, Hinapao Street','','Cong Velasquez Sis','48h_plus','','','','2','private','45','Taytay Rizal','Male','New','na','na','na','na','',0),(4,1,'CN-20250627-echo001','HCN-20250627-004',0,'PhilCare','DY3YT','Elena Garcia','Admitted','2025-06-27 08:30:00.000000','Stable','1978-11-02','Mandaluyong City','Chef','Married','Filipino','Catholic','New',NULL,'Dr. Reyes',NULL,NULL,'09175551234','Carlos Garcia','09172345678','Active','2025-06-26 17:23:15.863477',158.00,55.00,'120/80',72.00,16.00,36.60,'No abnormalities noted','Abdominal pain','Severe pain since last night','Tenderness in lower quadrant','R10.30','Acute abdominal pain','IV fluids and analgesics',10,'2025-06-26 17:23:15.912052',NULL,'+',3,1,'Transferred','Brgy. Holy Spirit, QC','09171234567','Ramon Garcia','GSIS','Brgy. Holy Spirit, QC','09179876543','Lucia Garcia','Improved','Mandaluyong City','09172345678','Carlos Garcia','12','semi-private','46','Quezon City','Female','Emergency','na','na','Acute abdominal pain','na','',0),(5,0,'CN-20250627-foxtrot002','HCN-20250627-005',0,'','FEKQ7','Miguel Santos','Admitted','2025-06-26 14:45:00.000000','Fair','1990-07-10','Caloocan City','Driver','Single','Filipino','Catholic','Old/Former',NULL,'',NULL,NULL,'09991234567','Ana Santos','09998765432','Active','2025-06-26 17:24:08.302207',170.00,70.00,'135/88',78.00,18.00,37.00,'Mild tenderness','Back pain','Chronic back pain exacerbation','Lumbar strain','M54.5','Lower back strain','Physical therapy',11,'2025-06-26 17:24:08.318199',NULL,'+',2,1,'HAMA','Caloocan City','09999876543','Jose Santos','SSS','Caloocan City','09998765432','Ana Santos','Recovered','','','','20','ward','34','Malabon City','Male','Elective','na','na','Lower back strain','na','',0),(6,1,'CN-20250627-hotel004','HCN-20250627-007',0,'Intellicare','5RQHC','Luis Cruz','Admitted','2025-06-27 10:00:00.000000','Fair','1970-05-05','Taguig City','Accountant','Married','Filipino','Catholic','OPD',NULL,'Dr. Molina',NULL,NULL,'09234561234','Isabel Cruz','09237891234','Active','2025-06-26 17:29:20.327922',172.00,75.00,'140/90',80.00,20.00,37.20,'Elevated blood pressure','Hypertension follow-up','Routine hypertension management','BP elevated','I10','Essential hypertension','Medication adjustment',12,'2025-06-26 17:29:20.344502',NULL,'+',3,1,'Absconded','Taguig City','09235671234','Arturo Cruz','SSS','Taguig City','09236781234','Rosario Cruz','Improved','Taguig City','09237891234','Isabel Cruz','15','ward','55','Pasig City','Male','OPD','na','na','Essential hypertension','na','',0),(6,1,'CN-20250627-hotel004','HCN-20250627-007',0,'Intellicare','5RQHC','Luis Cruz','Admitted','2025-06-27 10:00:00.000000','Fair','1970-05-05','Taguig City','Accountant','Married','Filipino','Catholic','OPD',NULL,'Dr. Molina',NULL,NULL,'09234561234','Isabel Cruz','09237891234','Active','2025-06-26 17:29:20.327922',172.00,75.00,'140/90',80.00,20.00,37.20,'Elevated blood pressure','Hypertension follow-up','Routine hypertension management','BP elevated','I10','Essential hypertension','Medication adjustment',13,'2025-06-26 18:44:45.566197',NULL,'~',3,1,'Absconded','Taguig City','09235671234','Arturo Cruz','SSS','Taguig City','09236781234','Rosario Cruz','Improved','Taguig City','09237891234','Isabel Cruz','15','ward','55','Pasig City','Male','OPD','na','na','Essential hypertension','na','',1),(6,1,'CN-20250627-hotel004','HCN-20250627-007',0,'Intellicare','5RQHC','Luis Cruz','Admitted','2025-06-27 10:00:00.000000','Fair','1970-05-05','Taguig City','Accountant','Married','Filipino','Catholic','OPD',NULL,'Dr. Molina',NULL,NULL,'09234561234','Isabel Cruz','09237891234','Active','2025-06-26 17:29:20.327922',172.00,75.00,'140/90',80.00,20.00,37.20,'Elevated blood pressure','Hypertension follow-up','Routine hypertension management','BP elevated','I10','Essential hypertension','Medication adjustment',14,'2025-06-26 19:07:21.582617',NULL,'~',3,1,'Absconded','Taguig City','09235671234','Arturo Cruz','SSS','Taguig City','09236781234','Rosario Cruz','Improved','Taguig City','09237891234','Isabel Cruz','15','ward','55','Pasig City','Male','OPD','na','na','Essential hypertension','na','',0),(6,1,'CN-20250627-hotel004','HCN-20250627-007',0,'Intellicare','5RQHC','Luis Cruz','Admitted','2025-06-27 10:00:00.000000','Fair','1970-05-05','Taguig City','Accountant','Married','Filipino','Catholic','OPD',NULL,'Dr. Molina',NULL,NULL,'09234561234','Isabel Cruz','09237891234','Active','2025-06-26 17:29:20.327922',172.00,75.00,'140/90',80.00,20.00,37.20,'Elevated blood pressure','Hypertension follow-up','Routine hypertension management','BP elevated','I10','Essential hypertension','Medication adjustment',15,'2025-06-26 19:07:32.258412',NULL,'~',3,1,'Absconded','Taguig City','09235671234','Arturo Cruz','SSS','Taguig City','09236781234','Rosario Cruz','Improved','Taguig City','09237891234','Isabel Cruz','15','ward','55','Pasig City','Male','OPD','na','na','Essential hypertension','na','',1),(6,1,'CN-20250627-hotel004','HCN-20250627-007',0,'Intellicare','5RQHC','Luis Cruz','Admitted','2025-06-27 10:00:00.000000','Fair','1970-05-05','Taguig City','Accountant','Married','Filipino','Catholic','OPD',NULL,'Dr. Molina',NULL,NULL,'09234561234','Isabel Cruz','09237891234','Active','2025-06-26 17:29:20.327922',172.00,75.00,'140/90',80.00,20.00,37.20,'Elevated blood pressure','Hypertension follow-up','Routine hypertension management','BP elevated','I10','Essential hypertension','Medication adjustment',16,'2025-06-26 19:13:13.337875',NULL,'~',3,1,'Absconded','Taguig City','09235671234','Arturo Cruz','SSS','Taguig City','09236781234','Rosario Cruz','Improved','Taguig City','09237891234','Isabel Cruz','15','ward','55','Pasig City','Male','OPD','na','na','Essential hypertension','na','',0),(6,1,'CN-20250627-babyyy','HCN-20250627-007',0,'Intellicare','5RQHC','Luis Cruz','Admitted','2025-06-27 10:00:00.000000','Fair','1970-05-05','Taguig City','Accountant','Married','Filipino','Catholic','OPD',NULL,'Dr. Molina',NULL,NULL,'09234561234','Isabel Cruz','09237891234','Active','2025-06-26 17:29:20.327922',172.00,75.00,'140/90',80.00,20.00,37.20,'Elevated blood pressure','Hypertension follow-up','Routine hypertension management','BP elevated','I10','Essential hypertension','Medication adjustment',17,'2025-06-26 19:14:12.311302',NULL,'~',3,1,'Absconded','Taguig City','09235671234','Arturo Cruz','SSS','Taguig City','09236781234','Rosario Cruz','Improved','Taguig City','09237891234','Isabel Cruz','15','ward','55','Pasig City','Male','OPD','na','na','Essential hypertension','na','',0),(6,1,'CN-20250627-babyyy','HCN-20250627-007',0,'Intellicare','5RQHC','Luis Cruz','Admitted','2025-06-27 10:00:00.000000','Fair','1970-05-05','Taguig City','Accountant','Married','Filipino','Catholic','OPD',NULL,'Dr. Molina',NULL,NULL,'09234561234','Isabel Cruz','09237891234','Active','2025-06-26 17:29:20.327922',172.00,75.00,'140/90',80.00,20.00,37.20,'Elevated blood pressure','Hypertension follow-up','Routine hypertension management','BP elevated','I10','Essential hypertension','Medication adjustment',18,'2025-06-26 19:14:12.315386',NULL,'~',3,1,'Absconded','Taguig City','09235671234','Arturo Cruz','SSS','Taguig City','09236781234','Rosario Cruz','Improved','Taguig City','09237891234','Isabel Cruz','15','ward','55','Pasig City','Male','OPD','na','na','Essential hypertension','na','',0),(6,1,'CN-20250627-babyyy','HCN-20250627-007',0,'Intellicare','5RQHC','Luis Cruz','Admitted','2025-06-27 10:00:00.000000','Fair','1970-05-05','Taguig City','Accountant','Married','Filipino','Catholic','OPD',NULL,'Dr. Molina',NULL,NULL,'09234561234','Isabel Cruz','09237891234','Active','2025-06-26 17:29:20.327922',172.00,75.00,'140/90',80.00,20.00,37.20,'Elevated blood pressure','Hypertension follow-up','Routine hypertension management','BP elevated','I10','Essential hypertension','Medication adjustment',19,'2025-06-26 19:15:42.413175',NULL,'~',3,1,'Absconded','Taguig City','09235671234','Arturo Cruz','SSS','Taguig City','09236781234','Rosario Cruz','Improved','Taguig City','09237891234','Isabel Cruz','15','ward','55','Pasig City','Male','OPD','na','na','Essential hypertension','na','',0),(6,1,'CN-20250627-babyyy','HCN-20250627-007',0,'Intellicare','5RQHC','Luis Cruz','Admitted','2025-06-27 10:00:00.000000','Fair','1970-05-05','Taguig City','Accountant','Married','Filipino','Catholic','OPD',NULL,'Dr. Molina',NULL,NULL,'09234561234','Isabel Cruz','09237891234','Active','2025-06-26 17:29:20.327922',172.00,75.00,'140/90',80.00,20.00,37.20,'Elevated blood pressure','Hypertension follow-up','Routine hypertension management','BP elevated','I10','Essential hypertension','Medication adjustment',20,'2025-06-26 19:15:42.441807',NULL,'~',3,1,'Absconded','Taguig City','09235671234','Arturo Cruz','SSS','Taguig City','09236781234','Rosario Cruz','Improved','Taguig City','09237891234','Isabel Cruz','15','ward','55','Pasig City','Male','OPD','na','na','Essential hypertension','na','',0),(6,1,'CN-20250627-hither','HCN-20250627-007',0,'Intellicare','5RQHC','Luis Cruz','Admitted','2025-06-27 10:00:00.000000','Fair','1970-05-05','Taguig City','Accountant','Married','Filipino','Catholic','OPD',NULL,'Dr. Molina',NULL,NULL,'09234561234','Isabel Cruz','09237891234','Active','2025-06-26 17:29:20.327922',172.00,75.00,'140/90',80.00,20.00,37.20,'Elevated blood pressure','Hypertension follow-up','Routine hypertension management','BP elevated','I10','Essential hypertension','Medication adjustment',21,'2025-06-26 19:35:19.270141',NULL,'~',3,1,'Absconded','Taguig City','09235671234','Arturo Cruz','SSS','Taguig City','09236781234','Rosario Cruz','Improved','Taguig City','09237891234','Isabel Cruz','15','ward','55','Pasig City','Male','OPD','na','na','Essential hypertension','na','',0),(6,1,'CN-20250627-hither','HCN-20250627-007',0,'Intellicare','5RQHC','Luis Cruz','Admitted','2025-06-27 10:00:00.000000','Fair','1970-05-05','Taguig City','Accountant','Married','Filipino','Catholic','OPD',NULL,'Dr. Molina',NULL,NULL,'09234561234','Isabel Cruz','09237891234','Active','2025-06-26 17:29:20.327922',172.00,75.00,'140/90',80.00,20.00,37.20,'Elevated blood pressure','Hypertension follow-up','Routine hypertension management','BP elevated','I10','Essential hypertension','Medication adjustment',22,'2025-06-26 19:35:19.294113',NULL,'~',3,1,'Absconded','Taguig City','09235671234','Arturo Cruz','SSS','Taguig City','09236781234','Rosario Cruz','Improved','Taguig City','09237891234','Isabel Cruz','15','ward','55','Pasig City','Male','OPD','na','na','Essential hypertension','na','',0),(6,1,'CN-20250627-hither','HCN-20250627-007',0,'Intellicare','5RQHC','Luis Cruz','Admitted','2025-06-27 10:00:00.000000','Fair','1970-05-05','Taguig City','Accountant','Married','Filipino','Catholic','OPD',NULL,'Dr. Molina',NULL,NULL,'09234561234','Isabel Cruz','09237891234','Active','2025-06-26 17:29:20.327922',172.00,75.00,'140/90',80.00,20.00,37.20,'Elevated blood pressure','Hypertension follow-up','Routine hypertension management','BP elevated','I10','Essential hypertension','Medication adjustment',23,'2025-06-26 19:37:44.620734',NULL,'~',3,1,'Absconded','Taguig City','09235671234','Arturo Cruz','SSS','Taguig City','09236781234','Rosario Cruz','Improved','Taguig City','09237891234','Isabel Cruz','15','ward','55','Pasig City','Male','OPD','na','na','Essential hypertension','na','',1),(6,1,'CN-20250627-hither','HCN-20250627-007',0,'Intellicare','5RQHC','Luis Cruz','Admitted','2025-06-27 10:00:00.000000','Fair','1970-05-05','Taguig City','Accountant','Married','Filipino','Catholic','OPD',NULL,'Dr. Molina',NULL,NULL,'09234561234','Isabel Cruz','09237891234','Active','2025-06-26 17:29:20.327922',172.00,75.00,'140/90',80.00,20.00,37.20,'Elevated blood pressure','Hypertension follow-up','Routine hypertension management','BP elevated','I10','Essential hypertension','Medication adjustment',24,'2025-06-26 19:37:47.969443',NULL,'~',3,1,'Absconded','Taguig City','09235671234','Arturo Cruz','SSS','Taguig City','09236781234','Rosario Cruz','Improved','Taguig City','09237891234','Isabel Cruz','15','ward','55','Pasig City','Male','OPD','na','na','Essential hypertension','na','',0),(6,1,'CN-20250627-hither','HCN-20250627-007',0,'Intellicare','5RQHC','Luis Cruz','Admitted','2025-06-27 10:00:00.000000','Fair','1970-05-05','Taguig City','Accountant','Married','Filipino','Catholic','OPD',NULL,'Dr. Molina',NULL,NULL,'09234561234','Isabel Cruz','09237891234','Active','2025-06-26 17:29:20.327922',172.00,75.00,'140/90',80.00,20.00,37.20,'Elevated blood pressure','Hypertension follow-up','Routine hypertension management','BP elevated','I10','Essential hypertension','Medication adjustment',25,'2025-06-27 01:12:11.013252',NULL,'~',3,1,'Absconded','Taguig City','09235671234','Arturo Cruz','SSS','Taguig City','09236781234','Rosario Cruz','Improved','Taguig City','09237891234','Isabel Cruz','15','ward','55','Pasig City','Male','OPD','na','na','Essential hypertension','na','',1),(4,1,'CN-20250627-echo001','HCN-20250627-004',0,'PhilCare','DY3YT','Elena Garcia','Admitted','2025-06-27 08:30:00.000000','Stable','1978-11-02','Mandaluyong City','Chef','Married','Filipino','Catholic','New',NULL,'Dr. Reyes',NULL,NULL,'09175551234','Carlos Garcia','09172345678','Active','2025-06-26 17:23:15.863477',158.00,55.00,'120/80',72.00,16.00,36.60,'No abnormalities noted','Abdominal pain','Severe pain since last night','Tenderness in lower quadrant','R10.30','Acute abdominal pain','IV fluids and analgesics',26,'2025-06-27 01:12:12.805249',NULL,'~',3,1,'Transferred','Brgy. Holy Spirit, QC','09171234567','Ramon Garcia','GSIS','Brgy. Holy Spirit, QC','09179876543','Lucia Garcia','Improved','Mandaluyong City','09172345678','Carlos Garcia','12','semi-private','46','Quezon City','Female','Emergency','na','na','Acute abdominal pain','na','',1),(6,1,'CN-20250627-hither','HCN-20250627-007',0,'Intellicare','5RQHC','Luis Cruz','Admitted','2025-06-27 10:00:00.000000','Fair','1970-05-05','Taguig City','Accountant','Married','Filipino','Catholic','OPD',NULL,'Dr. Molina',NULL,NULL,'09234561234','Isabel Cruz','09237891234','Active','2025-06-26 17:29:20.327922',172.00,75.00,'140/90',80.00,20.00,37.20,'Elevated blood pressure','Hypertension follow-up','Routine hypertension management','BP elevated','I10','Essential hypertension','Medication adjustment',27,'2025-06-27 01:12:17.033747',NULL,'~',3,1,'Absconded','Taguig City','09235671234','Arturo Cruz','SSS','Taguig City','09236781234','Rosario Cruz','Improved','Taguig City','09237891234','Isabel Cruz','15','ward','55','Pasig City','Male','OPD','na','na','Essential hypertension','na','',0),(4,1,'CN-20250627-echo001','HCN-20250627-004',0,'PhilCare','DY3YT','Elena Garcia','Admitted','2025-06-27 08:30:00.000000','Stable','1978-11-02','Mandaluyong City','Chef','Married','Filipino','Catholic','New',NULL,'Dr. Reyes',NULL,NULL,'09175551234','Carlos Garcia','09172345678','Active','2025-06-26 17:23:15.863477',158.00,55.00,'120/80',72.00,16.00,36.60,'No abnormalities noted','Abdominal pain','Severe pain since last night','Tenderness in lower quadrant','R10.30','Acute abdominal pain','IV fluids and analgesics',28,'2025-06-27 01:12:28.471008',NULL,'~',3,1,'Transferred','Brgy. Holy Spirit, QC','09171234567','Ramon Garcia','GSIS','Brgy. Holy Spirit, QC','09179876543','Lucia Garcia','Improved','Mandaluyong City','09172345678','Carlos Garcia','12','semi-private','46','Quezon City','Female','Emergency','na','na','Acute abdominal pain','na','',0),(6,1,'CN-20250627-hither','HCN-20250627-007',0,'Intellicare','5RQHC','Luis Cruz','Admitted','2025-06-27 10:00:00.000000','Fair','1970-05-05','Taguig City','Accountant','Married','Filipino','Catholic','OPD',NULL,'Dr. Molina',NULL,NULL,'09234561234','Isabel Cruz','09237891234','Active','2025-06-26 17:29:20.327922',172.00,75.00,'140/90',80.00,20.00,37.20,'Elevated blood pressure','Hypertension follow-up','Routine hypertension management','BP elevated','I10','Essential hypertension','Medication adjustment',29,'2025-06-27 01:12:36.811733',NULL,'~',3,1,'Absconded','Taguig City','09235671234','Arturo Cruz','SSS','Taguig City','09236781234','Rosario Cruz','Improved','Taguig City','09237891234','Isabel Cruz','15','ward','55','Pasig City','Male','OPD','na','na','Essential hypertension','na','',1),(6,1,'CN-20250627-hither','HCN-20250627-007',0,'Intellicare','5RQHC','Luis Cruz','Admitted','2025-06-27 10:00:00.000000','Fair','1970-05-05','Taguig City','Accountant','Married','Filipino','Catholic','OPD',NULL,'Dr. Molina',NULL,NULL,'09234561234','Isabel Cruz','09237891234','Active','2025-06-26 17:29:20.327922',172.00,75.00,'140/90',80.00,20.00,37.20,'Elevated blood pressure','Hypertension follow-up','Routine hypertension management','BP elevated','I10','Essential hypertension','Medication adjustment',30,'2025-06-27 01:17:02.619856',NULL,'~',3,1,'Absconded','Taguig City','09235671234','Arturo Cruz','SSS','Taguig City','09236781234','Rosario Cruz','Improved','Taguig City','09237891234','Isabel Cruz','15','ward','55','Pasig City','Male','OPD','na','na','Essential hypertension','na','',0),(6,1,'CN-20250627-hither','HCN-20250627-007',0,'Intellicare','5RQHC','Luis Cruz','Admitted','2025-06-27 10:00:00.000000','Fair','1970-05-05','Taguig City','Accountant','Married','Filipino','Catholic','OPD',NULL,'Dr. Molina',NULL,NULL,'09234561234','Isabel Cruz','09237891234','Active','2025-06-26 17:29:20.327922',172.00,75.00,'140/90',80.00,20.00,37.20,'Elevated blood pressure','Hypertension follow-up','Routine hypertension management','BP elevated','I10','Essential hypertension','Medication adjustment',31,'2025-06-27 01:17:09.796974',NULL,'~',3,1,'Absconded','Taguig City','09235671234','Arturo Cruz','SSS','Taguig City','09236781234','Rosario Cruz','Improved','Taguig City','09237891234','Isabel Cruz','15','ward','55','Pasig City','Male','OPD','na','na','Essential hypertension','na','',1),(6,1,'CN-20250627-hither','HCN-20250627-007',0,'Intellicare','5RQHC','Luis Cruz','Admitted','2025-06-27 10:00:00.000000','Fair','1970-05-05','Taguig City','Accountant','Married','Filipino','Catholic','OPD',NULL,'Dr. Molina',NULL,NULL,'09234561234','Isabel Cruz','09237891234','Active','2025-06-26 17:29:20.327922',172.00,75.00,'140/90',80.00,20.00,37.20,'Elevated blood pressure','Hypertension follow-up','Routine hypertension management','BP elevated','I10','Essential hypertension','Medication adjustment',32,'2025-06-27 01:21:15.616467',NULL,'~',3,1,'Absconded','Taguig City','09235671234','Arturo Cruz','SSS','Taguig City','09236781234','Rosario Cruz','Improved','Taguig City','09237891234','Isabel Cruz','15','ward','55','Pasig City','Male','OPD','na','na','Essential hypertension','na','',0),(6,1,'CN-20250627-hither','HCN-20250627-007',0,'Intellicare','5RQHC','Luis Cruz','Admitted','2025-06-27 10:00:00.000000','Fair','1970-05-05','Taguig City','Accountant','Married','Filipino','Catholic','OPD',NULL,'Dr. Molina',NULL,NULL,'09234561234','Isabel Cruz','09237891234','Active','2025-06-26 17:29:20.327922',172.00,75.00,'140/90',80.00,20.00,37.20,'Elevated blood pressure','Hypertension follow-up','Routine hypertension management','BP elevated','I10','Essential hypertension','Medication adjustment',33,'2025-06-27 01:21:20.768862',NULL,'~',3,1,'Absconded','Taguig City','09235671234','Arturo Cruz','SSS','Taguig City','09236781234','Rosario Cruz','Improved','Taguig City','09237891234','Isabel Cruz','15','ward','55','Pasig City','Male','OPD','na','na','Essential hypertension','na','',1),(2,1,'CN-20250617-jaak','HCN-20250617-001',0,'Acme Health Plan','6CRV4','Cong Velasquez','Admitted','2025-06-26 17:11:00.000000','Not specified','2025-06-27','Somewhere around city','Vlogger','Married','Filipino','Catholic','New',NULL,'Dr. Santos',NULL,NULL,'09357773518','','','Active','2025-06-26 17:12:40.048006',NULL,NULL,'',NULL,NULL,NULL,'','','','','na','High BP','',34,'2025-06-27 01:21:23.512604',NULL,'~',2,1,'Discharged','block 1 lot 38, Hinapao Street','','Cong Velasquez Sr','SSS','block 1 lot 38, Hinapao Street','','Cong Velasquez Sis','48h_plus','','','','2','private','45','Taytay Rizal','Male','New','na','na','na','na','',1),(4,1,'CN-20250627-echo001','HCN-20250627-004',0,'PhilCare','DY3YT','Elena Garcia','Admitted','2025-06-27 08:30:00.000000','Stable','1978-11-02','Mandaluyong City','Chef','Married','Filipino','Catholic','New',NULL,'Dr. Reyes',NULL,NULL,'09175551234','Carlos Garcia','09172345678','Active','2025-06-26 17:23:15.863477',158.00,55.00,'120/80',72.00,16.00,36.60,'No abnormalities noted','Abdominal pain','Severe pain since last night','Tenderness in lower quadrant','R10.30','Acute abdominal pain','IV fluids and analgesics',35,'2025-06-27 01:21:27.268807',NULL,'~',3,1,'Transferred','Brgy. Holy Spirit, QC','09171234567','Ramon Garcia','GSIS','Brgy. Holy Spirit, QC','09179876543','Lucia Garcia','Improved','Mandaluyong City','09172345678','Carlos Garcia','12','semi-private','46','Quezon City','Female','Emergency','na','na','Acute abdominal pain','na','',1),(6,1,'CN-20250627-hither','HCN-20250627-007',0,'Intellicare','5RQHC','Luis Cruz','Admitted','2025-06-27 10:00:00.000000','Fair','1970-05-05','Taguig City','Accountant','Married','Filipino','Catholic','OPD',NULL,'Dr. Molina',NULL,NULL,'09234561234','Isabel Cruz','09237891234','Active','2025-06-26 17:29:20.327922',172.00,75.00,'140/90',80.00,20.00,37.20,'Elevated blood pressure','Hypertension follow-up','Routine hypertension management','BP elevated','I10','Essential hypertension','Medication adjustment',36,'2025-06-27 01:21:44.365688',NULL,'~',3,1,'Absconded','Taguig City','09235671234','Arturo Cruz','SSS','Taguig City','09236781234','Rosario Cruz','Improved','Taguig City','09237891234','Isabel Cruz','15','ward','55','Pasig City','Male','OPD','na','na','Essential hypertension','na','',0),(4,1,'CN-20250627-echo001','HCN-20250627-004',0,'PhilCare','DY3YT','Elena Garcia','Admitted','2025-06-27 08:30:00.000000','Stable','1978-11-02','Mandaluyong City','Chef','Married','Filipino','Catholic','New',NULL,'Dr. Reyes',NULL,NULL,'09175551234','Carlos Garcia','09172345678','Active','2025-06-26 17:23:15.863477',158.00,55.00,'120/80',72.00,16.00,36.60,'No abnormalities noted','Abdominal pain','Severe pain since last night','Tenderness in lower quadrant','R10.30','Acute abdominal pain','IV fluids and analgesics',37,'2025-06-27 01:22:03.793407',NULL,'~',3,1,'Transferred','Brgy. Holy Spirit, QC','09171234567','Ramon Garcia','GSIS','Brgy. Holy Spirit, QC','09179876543','Lucia Garcia','Improved','Mandaluyong City','09172345678','Carlos Garcia','12','semi-private','46','Quezon City','Female','Emergency','na','na','Acute abdominal pain','na','',0),(2,1,'CN-20250617-jaak','HCN-20250617-001',0,'Acme Health Plan','6CRV4','Cong Velasquez','Admitted','2025-06-26 17:11:00.000000','Not specified','2025-06-27','Somewhere around city','Vlogger','Married','Filipino','Catholic','New',NULL,'Dr. Santos',NULL,NULL,'09357773518','','','Active','2025-06-26 17:12:40.048006',NULL,NULL,'',NULL,NULL,NULL,'','','','','na','High BP','',38,'2025-06-27 01:22:05.487037',NULL,'~',2,1,'Discharged','block 1 lot 38, Hinapao Street','','Cong Velasquez Sr','SSS','block 1 lot 38, Hinapao Street','','Cong Velasquez Sis','48h_plus','','','','2','private','45','Taytay Rizal','Male','New','na','na','na','na','',0),(6,1,'CN-20250627-hither','HCN-20250627-007',0,'Intellicare','5RQHC','Luis Cruz','Admitted','2025-06-27 10:00:00.000000','Fair','1970-05-05','Taguig City','Accountant','Married','Filipino','Catholic','OPD',NULL,'Dr. Molina',NULL,NULL,'09234561234','Isabel Cruz','09237891234','Active','2025-06-26 17:29:20.327922',172.00,75.00,'140/90',80.00,20.00,37.20,'Elevated blood pressure','Hypertension follow-up','Routine hypertension management','BP elevated','I10','Essential hypertension','Medication adjustment',39,'2025-06-27 01:23:56.389877',NULL,'~',3,1,'Absconded','Taguig City','09235671234','Arturo Cruz','SSS','Taguig City','09236781234','Rosario Cruz','Improved','Taguig City','09237891234','Isabel Cruz','15','ward','55','Pasig City','Male','OPD','na','na','Essential hypertension','na','',1),(4,1,'CN-20250627-echo001','HCN-20250627-004',0,'PhilCare','DY3YT','Elena Garcia','Admitted','2025-06-27 08:30:00.000000','Stable','1978-11-02','Mandaluyong City','Chef','Married','Filipino','Catholic','New',NULL,'Dr. Reyes',NULL,NULL,'09175551234','Carlos Garcia','09172345678','Active','2025-06-26 17:23:15.863477',158.00,55.00,'120/80',72.00,16.00,36.60,'No abnormalities noted','Abdominal pain','Severe pain since last night','Tenderness in lower quadrant','R10.30','Acute abdominal pain','IV fluids and analgesics',40,'2025-06-27 01:24:00.933046',NULL,'~',3,1,'Transferred','Brgy. Holy Spirit, QC','09171234567','Ramon Garcia','GSIS','Brgy. Holy Spirit, QC','09179876543','Lucia Garcia','Improved','Mandaluyong City','09172345678','Carlos Garcia','12','semi-private','46','Quezon City','Female','Emergency','na','na','Acute abdominal pain','na','',1),(6,1,'CN-20250627-hither','HCN-20250627-007',0,'Intellicare','5RQHC','Luis Cruz','Admitted','2025-06-27 10:00:00.000000','Fair','1970-05-05','Taguig City','Accountant','Married','Filipino','Catholic','OPD',NULL,'Dr. Molina',NULL,NULL,'09234561234','Isabel Cruz','09237891234','Active','2025-06-26 17:29:20.327922',172.00,75.00,'140/90',80.00,20.00,37.20,'Elevated blood pressure','Hypertension follow-up','Routine hypertension management','BP elevated','I10','Essential hypertension','Medication adjustment',41,'2025-06-27 01:24:04.277434',NULL,'~',3,1,'Absconded','Taguig City','09235671234','Arturo Cruz','SSS','Taguig City','09236781234','Rosario Cruz','Improved','Taguig City','09237891234','Isabel Cruz','15','ward','55','Pasig City','Male','OPD','na','na','Essential hypertension','na','',0),(4,1,'CN-20250627-echo001','HCN-20250627-004',0,'PhilCare','DY3YT','Elena Garcia','Admitted','2025-06-27 08:30:00.000000','Stable','1978-11-02','Mandaluyong City','Chef','Married','Filipino','Catholic','New',NULL,'Dr. Reyes',NULL,NULL,'09175551234','Carlos Garcia','09172345678','Active','2025-06-26 17:23:15.863477',158.00,55.00,'120/80',72.00,16.00,36.60,'No abnormalities noted','Abdominal pain','Severe pain since last night','Tenderness in lower quadrant','R10.30','Acute abdominal pain','IV fluids and analgesics',42,'2025-06-27 01:24:06.152425',NULL,'~',3,1,'Transferred','Brgy. Holy Spirit, QC','09171234567','Ramon Garcia','GSIS','Brgy. Holy Spirit, QC','09179876543','Lucia Garcia','Improved','Mandaluyong City','09172345678','Carlos Garcia','12','semi-private','46','Quezon City','Female','Emergency','na','na','Acute abdominal pain','na','',0),(6,1,'CN-20250627-hither','HCN-20250627-007',0,'Intellicare','5RQHC','Luis Cruz','Discharged','2025-06-27 10:00:00.000000','Fair','1970-05-05','Taguig City','Accountant','Married','Filipino','Catholic','OPD',NULL,'Dr. Molina',NULL,NULL,'09234561234','Isabel Cruz','09237891234','Active','2025-06-26 17:29:20.327922',172.00,75.00,'140/90',80.00,20.00,37.20,'Elevated blood pressure','Hypertension follow-up','Routine hypertension management','BP elevated','I10','Essential hypertension','Medication adjustment',43,'2025-06-27 02:04:50.977786',NULL,'~',3,1,'Absconded','Taguig City','09235671234','Arturo Cruz','SSS','Taguig City','09236781234','Rosario Cruz','Improved','Taguig City','09237891234','Isabel Cruz','15','ward','55','Pasig City','Male','OPD','na','na','Essential hypertension','na','',0),(6,1,'CN-20250627-hither','HCN-20250627-007',0,'Intellicare','5RQHC','Luis Cruz','Admitted','2025-06-27 10:00:00.000000','Fair','1970-05-05','Taguig City','Accountant','Married','Filipino','Catholic','OPD',NULL,'Dr. Molina',NULL,NULL,'09234561234','Isabel Cruz','09237891234','Active','2025-06-26 17:29:20.327922',172.00,75.00,'140/90',80.00,20.00,37.20,'Elevated blood pressure','Hypertension follow-up','Routine hypertension management','BP elevated','I10','Essential hypertension','Medication adjustment',44,'2025-06-27 03:18:59.210303',NULL,'~',3,1,'Absconded','Taguig City','09235671234','Arturo Cruz','SSS','Taguig City','09236781234','Rosario Cruz','Improved','Taguig City','09237891234','Isabel Cruz','15','ward','55','Pasig City','Male','OPD','na','na','Essential hypertension','na','',0),(6,1,'CN-20250627-hither','HCN-20250627-007',0,'Intellicare','5RQHC','Luis Cruz','Admitted','2025-06-27 10:00:00.000000','Fair','1970-05-05','Taguig City','Accountant','Married','Filipino','Catholic','OPD',NULL,'Dr. Molina',NULL,NULL,'09234561234','Isabel Cruz','09237891234','Active','2025-06-26 17:29:20.327922',172.00,75.00,'140/90',80.00,20.00,37.20,'Elevated blood pressure','Hypertension follow-up','Routine hypertension management','BP elevated','I10','Essential hypertension','Medication adjustment',45,'2025-06-27 03:18:59.223165',NULL,'~',3,1,'Absconded','Taguig City','09235671234','Arturo Cruz','SSS','Taguig City','09236781234','Rosario Cruz','Improved','Taguig City','09237891234','Isabel Cruz','15','ward','55','Pasig City','Male','OPD','na','na','Essential hypertension','na','',0),(6,1,'CN-20250627-hither','HCN-20250627-007',0,'Intellicare','5RQHC','Luis Cruz','Admitted','2025-06-27 10:00:00.000000','Fair','1970-05-05','Taguig City','Accountant','Married','Filipino','Catholic','OPD',NULL,'Dr. Molina',NULL,NULL,'09234561234','Isabel Cruz','09237891234','Active','2025-06-26 17:29:20.327922',172.00,75.00,'140/90',80.00,20.00,37.20,'Elevated blood pressure','Hypertension follow-up','Routine hypertension management','BP elevated','I10','Essential hypertension','Medication adjustment',46,'2025-06-27 03:19:17.822352',NULL,'~',3,1,'Absconded','Taguig City','09235671234','Arturo Cruz','SSS','Taguig City','09236781234','Rosario Cruz','Improved','Taguig City','09237891234','Isabel Cruz','103','ward','55','Pasig City','Male','OPD','na','na','Essential hypertension','na','',0),(6,1,'CN-20250627-hither','HCN-20250627-007',0,'Intellicare','5RQHC','Luis Cruz','Discharged','2025-06-27 10:00:00.000000','Fair','1970-05-05','Taguig City','Accountant','Married','Filipino','Catholic','OPD',NULL,'Dr. Molina',NULL,NULL,'09234561234','Isabel Cruz','09237891234','Active','2025-06-26 17:29:20.327922',172.00,75.00,'140/90',80.00,20.00,37.20,'Elevated blood pressure','Hypertension follow-up','Routine hypertension management','BP elevated','I10','Essential hypertension','Medication adjustment',47,'2025-06-27 03:22:01.417611',NULL,'~',3,1,'Absconded','Taguig City','09235671234','Arturo Cruz','SSS','Taguig City','09236781234','Rosario Cruz','Improved','Taguig City','09237891234','Isabel Cruz',NULL,'ward','55','Pasig City','Male','OPD','na','na','Essential hypertension','na','',0);
/*!40000 ALTER TABLE `api_historicalpatient` ENABLE KEYS */;
UNLOCK TABLES;

--
-- Table structure for table `api_laboratoryresult`
--

DROP TABLE IF EXISTS `api_laboratoryresult`;
/*!40101 SET @saved_cs_client     = @@character_set_client */;
/*!50503 SET character_set_client = utf8mb4 */;
CREATE TABLE `api_laboratoryresult` (
  `id` bigint NOT NULL AUTO_INCREMENT,
  `test_type` varchar(50) COLLATE utf8mb4_unicode_ci NOT NULL,
  `result_summary` longtext COLLATE utf8mb4_unicode_ci NOT NULL,
  `date_performed` datetime(6) NOT NULL,
  `code` varchar(8) COLLATE utf8mb4_unicode_ci NOT NULL,
  `patient_id` bigint NOT NULL,
  `performed_by_id` bigint DEFAULT NULL,
  PRIMARY KEY (`id`),
  UNIQUE KEY `code` (`code`),
  KEY `api_laboratoryresult_patient_id_7764d4cd_fk_api_patient_id` (`patient_id`),
  KEY `api_laboratoryresult_performed_by_id_1057d388_fk_api_user_id` (`performed_by_id`),
  CONSTRAINT `api_laboratoryresult_patient_id_7764d4cd_fk_api_patient_id` FOREIGN KEY (`patient_id`) REFERENCES `api_patient` (`id`),
  CONSTRAINT `api_laboratoryresult_performed_by_id_1057d388_fk_api_user_id` FOREIGN KEY (`performed_by_id`) REFERENCES `api_user` (`id`)
) ENGINE=InnoDB AUTO_INCREMENT=4 DEFAULT CHARSET=utf8mb4 COLLATE=utf8mb4_unicode_ci;
/*!40101 SET character_set_client = @saved_cs_client */;

--
-- Dumping data for table `api_laboratoryresult`
--

LOCK TABLES `api_laboratoryresult` WRITE;
/*!40000 ALTER TABLE `api_laboratoryresult` DISABLE KEYS */;
INSERT INTO `api_laboratoryresult` VALUES (2,'Blood Test','Bro got hiv sadly','2025-06-26 05:56:34.730382','8YDPUDKX',1,1),(3,'CGC','blood is ok','2025-06-26 19:36:16.975314','37M96ZQG',6,1);
/*!40000 ALTER TABLE `api_laboratoryresult` ENABLE KEYS */;
UNLOCK TABLES;

--
-- Table structure for table `api_labresultfile`
--

DROP TABLE IF EXISTS `api_labresultfile`;
/*!40101 SET @saved_cs_client     = @@character_set_client */;
/*!50503 SET character_set_client = utf8mb4 */;
CREATE TABLE `api_labresultfile` (
  `id` bigint NOT NULL AUTO_INCREMENT,
  `file` varchar(100) COLLATE utf8mb4_unicode_ci NOT NULL,
  `description` varchar(255) COLLATE utf8mb4_unicode_ci NOT NULL,
  `uploaded_at` datetime(6) NOT NULL,
  `result_id` bigint NOT NULL,
  `uploaded_by_id` bigint DEFAULT NULL,
  PRIMARY KEY (`id`),
  KEY `api_labresultfile_result_id_427f1dd2_fk_api_laboratoryresult_id` (`result_id`),
  KEY `api_labresultfile_uploaded_by_id_c0e85787_fk_api_user_id` (`uploaded_by_id`),
  CONSTRAINT `api_labresultfile_result_id_427f1dd2_fk_api_laboratoryresult_id` FOREIGN KEY (`result_id`) REFERENCES `api_laboratoryresult` (`id`),
  CONSTRAINT `api_labresultfile_uploaded_by_id_c0e85787_fk_api_user_id` FOREIGN KEY (`uploaded_by_id`) REFERENCES `api_user` (`id`)
) ENGINE=InnoDB DEFAULT CHARSET=utf8mb4 COLLATE=utf8mb4_unicode_ci;
/*!40101 SET character_set_client = @saved_cs_client */;

--
-- Dumping data for table `api_labresultfile`
--

LOCK TABLES `api_labresultfile` WRITE;
/*!40000 ALTER TABLE `api_labresultfile` DISABLE KEYS */;
/*!40000 ALTER TABLE `api_labresultfile` ENABLE KEYS */;
UNLOCK TABLES;

--
-- Table structure for table `api_labresultfilegroup`
--

DROP TABLE IF EXISTS `api_labresultfilegroup`;
/*!40101 SET @saved_cs_client     = @@character_set_client */;
/*!50503 SET character_set_client = utf8mb4 */;
CREATE TABLE `api_labresultfilegroup` (
  `id` bigint NOT NULL AUTO_INCREMENT,
  `description` longtext COLLATE utf8mb4_unicode_ci NOT NULL,
  `uploaded_at` datetime(6) NOT NULL,
  `result_id` bigint NOT NULL,
  `uploaded_by_id` bigint DEFAULT NULL,
  PRIMARY KEY (`id`),
  KEY `api_labresultfilegro_result_id_4a1eaeda_fk_api_labor` (`result_id`),
  KEY `api_labresultfilegroup_uploaded_by_id_b255f626_fk_api_user_id` (`uploaded_by_id`),
  CONSTRAINT `api_labresultfilegro_result_id_4a1eaeda_fk_api_labor` FOREIGN KEY (`result_id`) REFERENCES `api_laboratoryresult` (`id`),
  CONSTRAINT `api_labresultfilegroup_uploaded_by_id_b255f626_fk_api_user_id` FOREIGN KEY (`uploaded_by_id`) REFERENCES `api_user` (`id`)
) ENGINE=InnoDB AUTO_INCREMENT=5 DEFAULT CHARSET=utf8mb4 COLLATE=utf8mb4_unicode_ci;
/*!40101 SET character_set_client = @saved_cs_client */;

--
-- Dumping data for table `api_labresultfilegroup`
--

LOCK TABLES `api_labresultfilegroup` WRITE;
/*!40000 ALTER TABLE `api_labresultfilegroup` DISABLE KEYS */;
INSERT INTO `api_labresultfilegroup` VALUES (2,'blood test HIV+','2025-06-26 05:57:21.158196',2,1),(3,'X-ray','2025-06-26 05:57:21.333473',2,1),(4,'some tests. cap','2025-06-26 19:37:08.377119',3,1);
/*!40000 ALTER TABLE `api_labresultfilegroup` ENABLE KEYS */;
UNLOCK TABLES;

--
-- Table structure for table `api_labresultfileingroup`
--

DROP TABLE IF EXISTS `api_labresultfileingroup`;
/*!40101 SET @saved_cs_client     = @@character_set_client */;
/*!50503 SET character_set_client = utf8mb4 */;
CREATE TABLE `api_labresultfileingroup` (
  `id` bigint NOT NULL AUTO_INCREMENT,
  `file` varchar(100) COLLATE utf8mb4_unicode_ci NOT NULL,
  `group_id` bigint NOT NULL,
  PRIMARY KEY (`id`),
  KEY `api_labresultfileing_group_id_c03b4f31_fk_api_labre` (`group_id`),
  CONSTRAINT `api_labresultfileing_group_id_c03b4f31_fk_api_labre` FOREIGN KEY (`group_id`) REFERENCES `api_labresultfilegroup` (`id`)
) ENGINE=InnoDB AUTO_INCREMENT=14 DEFAULT CHARSET=utf8mb4 COLLATE=utf8mb4_unicode_ci;
/*!40101 SET character_set_client = @saved_cs_client */;

--
-- Dumping data for table `api_labresultfileingroup`
--

LOCK TABLES `api_labresultfileingroup` WRITE;
/*!40000 ALTER TABLE `api_labresultfileingroup` DISABLE KEYS */;
INSERT INTO `api_labresultfileingroup` VALUES (4,'lab_results/patient_1/Blood Test/images_7.jpeg',2),(5,'lab_results/patient_1/Blood Test/blood-est-results.jpeg',2),(6,'lab_results/patient_1/Blood Test/blood.png',2),(7,'lab_results/patient_1/Blood Test/transactions-2025-06-16.csv',2),(8,'lab_results/patient_1/Blood Test/images_6.jpeg',3),(9,'lab_results/patient_1/Blood Test/images_5.jpeg',3),(10,'lab_results/patient_1/Blood Test/chest-x-ray-29.jpg',3),(11,'lab_results/patient_6/CGC/table-ab45921e-8bcd-4e92-8a92-ebaf45c366cf-10.csv',4),(12,'lab_results/patient_6/CGC/488959721_1181533619920016_3671178261527435442_n.jpg',4),(13,'lab_results/patient_6/CGC/487949159_1010807863839485_7232959125774467310_n.jpg',4);
/*!40000 ALTER TABLE `api_labresultfileingroup` ENABLE KEYS */;
UNLOCK TABLES;

--
-- Table structure for table `api_medicalhistory`
--

DROP TABLE IF EXISTS `api_medicalhistory`;
/*!40101 SET @saved_cs_client     = @@character_set_client */;
/*!50503 SET character_set_client = utf8mb4 */;
CREATE TABLE `api_medicalhistory` (
  `id` bigint NOT NULL AUTO_INCREMENT,
  `patient_id` bigint NOT NULL,
  PRIMARY KEY (`id`),
  KEY `api_medicalhistory_patient_id_2160595a_fk_api_patient_id` (`patient_id`),
  CONSTRAINT `api_medicalhistory_patient_id_2160595a_fk_api_patient_id` FOREIGN KEY (`patient_id`) REFERENCES `api_patient` (`id`)
) ENGINE=InnoDB DEFAULT CHARSET=utf8mb4 COLLATE=utf8mb4_unicode_ci;
/*!40101 SET character_set_client = @saved_cs_client */;

--
-- Dumping data for table `api_medicalhistory`
--

LOCK TABLES `api_medicalhistory` WRITE;
/*!40000 ALTER TABLE `api_medicalhistory` DISABLE KEYS */;
/*!40000 ALTER TABLE `api_medicalhistory` ENABLE KEYS */;
UNLOCK TABLES;

--
-- Table structure for table `api_patient`
--

DROP TABLE IF EXISTS `api_patient`;
/*!40101 SET @saved_cs_client     = @@character_set_client */;
/*!50503 SET character_set_client = utf8mb4 */;
CREATE TABLE `api_patient` (
  `id` bigint NOT NULL AUTO_INCREMENT,
  `has_philhealth` tinyint(1) NOT NULL,
  `case_number` varchar(255) COLLATE utf8mb4_unicode_ci DEFAULT NULL,
  `hospital_case_number` varchar(255) COLLATE utf8mb4_unicode_ci DEFAULT NULL,
  `has_hmo` tinyint(1) NOT NULL,
  `hmo` varchar(255) COLLATE utf8mb4_unicode_ci DEFAULT NULL,
  `code` varchar(5) COLLATE utf8mb4_unicode_ci NOT NULL,
  `name` varchar(255) COLLATE utf8mb4_unicode_ci NOT NULL,
  `status` varchar(20) COLLATE utf8mb4_unicode_ci NOT NULL,
  `admission_date` datetime(6) DEFAULT NULL,
  `current_condition` longtext COLLATE utf8mb4_unicode_ci NOT NULL,
  `date_of_birth` date DEFAULT NULL,
  `address` varchar(255) COLLATE utf8mb4_unicode_ci DEFAULT NULL,
  `occupation` varchar(100) COLLATE utf8mb4_unicode_ci DEFAULT NULL,
  `civil_status` varchar(20) COLLATE utf8mb4_unicode_ci DEFAULT NULL,
  `nationality` varchar(100) COLLATE utf8mb4_unicode_ci DEFAULT NULL,
  `religion` varchar(100) COLLATE utf8mb4_unicode_ci DEFAULT NULL,
  `visit_type` varchar(20) COLLATE utf8mb4_unicode_ci DEFAULT NULL,
  `consultation_datetime` datetime(6) DEFAULT NULL,
  `referred_by` varchar(255) COLLATE utf8mb4_unicode_ci DEFAULT NULL,
  `next_consultation_date` datetime(6) DEFAULT NULL,
  `discharge_date` datetime(6) DEFAULT NULL,
  `phone` varchar(15) COLLATE utf8mb4_unicode_ci DEFAULT NULL,
  `emergency_contact_name` varchar(255) COLLATE utf8mb4_unicode_ci DEFAULT NULL,
  `emergency_contact_phone` varchar(15) COLLATE utf8mb4_unicode_ci DEFAULT NULL,
  `is_active` varchar(10) COLLATE utf8mb4_unicode_ci NOT NULL,
  `entry_date` datetime(6) NOT NULL,
  `height` decimal(5,2) DEFAULT NULL,
  `weight` decimal(5,2) DEFAULT NULL,
  `blood_pressure` varchar(20) COLLATE utf8mb4_unicode_ci DEFAULT NULL,
  `pulse_rate` decimal(5,2) DEFAULT NULL,
  `respiratory_rate` decimal(5,2) DEFAULT NULL,
  `temperature` decimal(5,2) DEFAULT NULL,
  `physical_examination` longtext COLLATE utf8mb4_unicode_ci,
  `main_complaint` longtext COLLATE utf8mb4_unicode_ci,
  `present_illness` longtext COLLATE utf8mb4_unicode_ci,
  `clinical_findings` longtext COLLATE utf8mb4_unicode_ci,
  `icd_code` varchar(20) COLLATE utf8mb4_unicode_ci DEFAULT NULL,
  `diagnosis` longtext COLLATE utf8mb4_unicode_ci,
  `treatment` longtext COLLATE utf8mb4_unicode_ci,
  `attending_physician_id` bigint DEFAULT NULL,
  `disposition` varchar(20) COLLATE utf8mb4_unicode_ci DEFAULT NULL,
  `father_address` varchar(255) COLLATE utf8mb4_unicode_ci DEFAULT NULL,
  `father_contact` varchar(15) COLLATE utf8mb4_unicode_ci DEFAULT NULL,
  `father_name` varchar(255) COLLATE utf8mb4_unicode_ci DEFAULT NULL,
  `membership` varchar(10) COLLATE utf8mb4_unicode_ci DEFAULT NULL,
  `mother_address` varchar(255) COLLATE utf8mb4_unicode_ci DEFAULT NULL,
  `mother_contact` varchar(15) COLLATE utf8mb4_unicode_ci DEFAULT NULL,
  `mother_name` varchar(255) COLLATE utf8mb4_unicode_ci DEFAULT NULL,
  `result` varchar(20) COLLATE utf8mb4_unicode_ci DEFAULT NULL,
  `spouse_address` varchar(255) COLLATE utf8mb4_unicode_ci DEFAULT NULL,
  `spouse_contact` varchar(15) COLLATE utf8mb4_unicode_ci DEFAULT NULL,
  `spouse_name` varchar(255) COLLATE utf8mb4_unicode_ci DEFAULT NULL,
  `bed_number` varchar(20) COLLATE utf8mb4_unicode_ci DEFAULT NULL,
  `ward_service` varchar(100) COLLATE utf8mb4_unicode_ci DEFAULT NULL,
  `age` varchar(255) COLLATE utf8mb4_unicode_ci DEFAULT NULL,
  `birth_place` varchar(255) COLLATE utf8mb4_unicode_ci DEFAULT NULL,
  `gender` varchar(10) COLLATE utf8mb4_unicode_ci DEFAULT NULL,
  `type_of_admission` varchar(20) COLLATE utf8mb4_unicode_ci DEFAULT NULL,
  `other_diagnosis` varchar(255) COLLATE utf8mb4_unicode_ci DEFAULT NULL,
  `other_operation` varchar(255) COLLATE utf8mb4_unicode_ci DEFAULT NULL,
  `principal_diagnosis` varchar(255) COLLATE utf8mb4_unicode_ci DEFAULT NULL,
  `principal_operation` varchar(255) COLLATE utf8mb4_unicode_ci DEFAULT NULL,
  `total_days` varchar(255) COLLATE utf8mb4_unicode_ci DEFAULT NULL,
  `archived` tinyint(1) NOT NULL,
  PRIMARY KEY (`id`),
  UNIQUE KEY `code` (`code`),
  UNIQUE KEY `case_number` (`case_number`),
  KEY `api_patient_attending_physician_id_dfdc037c_fk_api_user_id` (`attending_physician_id`),
  CONSTRAINT `api_patient_attending_physician_id_dfdc037c_fk_api_user_id` FOREIGN KEY (`attending_physician_id`) REFERENCES `api_user` (`id`)
) ENGINE=InnoDB AUTO_INCREMENT=7 DEFAULT CHARSET=utf8mb4 COLLATE=utf8mb4_unicode_ci;
/*!40101 SET character_set_client = @saved_cs_client */;

--
-- Dumping data for table `api_patient`
--

LOCK TABLES `api_patient` WRITE;
/*!40000 ALTER TABLE `api_patient` DISABLE KEYS */;
INSERT INTO `api_patient` VALUES (1,0,'CN-20250617-003','HCN-20250617-001',0,'HBO','J35YT','Marwan D. Terrorist','Outpatient','2025-06-26 04:18:00.000000','Not specified','2025-06-26','blk 1 lot 38','Global Terrierist','Single','Filipino','Roman Catholic','New','2025-06-26 04:38:00.000000','Dr. Santos',NULL,NULL,'09764926311','','','Active','2025-06-26 04:20:15.138862',120.00,65.00,'120',80.00,60.00,32.00,'he\'s healthy','n/a','n/a','','02asd','','Biogesic twice a year',1,'Transferred','block 1 lot 38, Hinapao Street','09357773518','Rasheed Mohammad','SSS','','','','Died','','','','1','private','1','Taytay Rizal','Male','New','','','','','',0),(2,1,'CN-20250617-jaak','HCN-20250617-001',0,'Acme Health Plan','6CRV4','Cong Velasquez','Admitted','2025-06-26 17:11:00.000000','Not specified','2025-06-27','Somewhere around city','Vlogger','Married','Filipino','Catholic','New',NULL,'Dr. Santos',NULL,NULL,'09357773518','','','Active','2025-06-26 17:12:40.048006',NULL,NULL,'',NULL,NULL,NULL,'','','','','na','High BP','',2,'Discharged','block 1 lot 38, Hinapao Street','','Cong Velasquez Sr','SSS','block 1 lot 38, Hinapao Street','','Cong Velasquez Sis','48h_plus','','','','2','private','45','Taytay Rizal','Male','New','na','na','na','na','',0),(3,1,'CN-20250617-bangbang','HCN-20250617-001',0,'ABS-CBN Plan','RYFGW','Cardo Dalisay','Admitted','2025-06-26 17:11:00.000000','Not specified','2025-06-27','Somewhere around city','Vlogger','Married','Filipino','Catholic','New',NULL,'Dr. Santos',NULL,NULL,'09357773518','','','Active','2025-06-26 17:18:01.085624',NULL,NULL,'',NULL,NULL,NULL,'','','DEAD','','na','High BP','',2,'Discharged','block 1 lot 38, Hinapao Street','','Cong Velasquez Sr','SSS','block 1 lot 38, Hinapao Street','','Cong Velasquez Sis','48h_plus','','','','2','private','45','Taytay Rizal','Male','New','na','na','na','na','',0),(4,1,'CN-20250627-echo001','HCN-20250627-004',0,'PhilCare','DY3YT','Elena Garcia','Admitted','2025-06-27 08:30:00.000000','Stable','1978-11-02','Mandaluyong City','Chef','Married','Filipino','Catholic','New',NULL,'Dr. Reyes',NULL,NULL,'09175551234','Carlos Garcia','09172345678','Active','2025-06-26 17:23:15.863477',158.00,55.00,'120/80',72.00,16.00,36.60,'No abnormalities noted','Abdominal pain','Severe pain since last night','Tenderness in lower quadrant','R10.30','Acute abdominal pain','IV fluids and analgesics',3,'Transferred','Brgy. Holy Spirit, QC','09171234567','Ramon Garcia','GSIS','Brgy. Holy Spirit, QC','09179876543','Lucia Garcia','Improved','Mandaluyong City','09172345678','Carlos Garcia','12','semi-private','46','Quezon City','Female','Emergency','na','na','Acute abdominal pain','na','',0),(5,0,'CN-20250627-foxtrot002','HCN-20250627-005',0,'','FEKQ7','Miguel Santos','Admitted','2025-06-26 14:45:00.000000','Fair','1990-07-10','Caloocan City','Driver','Single','Filipino','Catholic','Old/Former',NULL,'',NULL,NULL,'09991234567','Ana Santos','09998765432','Active','2025-06-26 17:24:08.302207',170.00,70.00,'135/88',78.00,18.00,37.00,'Mild tenderness','Back pain','Chronic back pain exacerbation','Lumbar strain','M54.5','Lower back strain','Physical therapy',2,'HAMA','Caloocan City','09999876543','Jose Santos','SSS','Caloocan City','09998765432','Ana Santos','Recovered','','','','20','ward','34','Malabon City','Male','Elective','na','na','Lower back strain','na','',0),(6,1,'CN-20250627-hither','HCN-20250627-007',0,'Intellicare','5RQHC','Luis Cruz','Discharged','2025-06-27 10:00:00.000000','Fair','1970-05-05','Taguig City','Accountant','Married','Filipino','Catholic','OPD',NULL,'Dr. Molina',NULL,NULL,'09234561234','Isabel Cruz','09237891234','Active','2025-06-26 17:29:20.327922',172.00,75.00,'140/90',80.00,20.00,37.20,'Elevated blood pressure','Hypertension follow-up','Routine hypertension management','BP elevated','I10','Essential hypertension','Medication adjustment',3,'Absconded','Taguig City','09235671234','Arturo Cruz','SSS','Taguig City','09236781234','Rosario Cruz','Improved','Taguig City','09237891234','Isabel Cruz',NULL,'ward','55','Pasig City','Male','OPD','na','na','Essential hypertension','na','',0);
/*!40000 ALTER TABLE `api_patient` ENABLE KEYS */;
UNLOCK TABLES;

--
-- Table structure for table `api_patientimage`
--

DROP TABLE IF EXISTS `api_patientimage`;
/*!40101 SET @saved_cs_client     = @@character_set_client */;
/*!50503 SET character_set_client = utf8mb4 */;
CREATE TABLE `api_patientimage` (
  `id` bigint NOT NULL AUTO_INCREMENT,
  `file` varchar(100) COLLATE utf8mb4_unicode_ci NOT NULL,
  `description` longtext COLLATE utf8mb4_unicode_ci NOT NULL,
  `uploaded_at` datetime(6) NOT NULL,
  `patient_id` bigint NOT NULL,
  `uploaded_by_id` bigint DEFAULT NULL,
  PRIMARY KEY (`id`),
  KEY `api_patientimage_patient_id_dabfa6fc_fk_api_patient_id` (`patient_id`),
  KEY `api_patientimage_uploaded_by_id_4b1e4f4d_fk_api_user_id` (`uploaded_by_id`),
  CONSTRAINT `api_patientimage_patient_id_dabfa6fc_fk_api_patient_id` FOREIGN KEY (`patient_id`) REFERENCES `api_patient` (`id`),
  CONSTRAINT `api_patientimage_uploaded_by_id_4b1e4f4d_fk_api_user_id` FOREIGN KEY (`uploaded_by_id`) REFERENCES `api_user` (`id`)
) ENGINE=InnoDB AUTO_INCREMENT=8 DEFAULT CHARSET=utf8mb4 COLLATE=utf8mb4_unicode_ci;
/*!40101 SET character_set_client = @saved_cs_client */;

--
-- Dumping data for table `api_patientimage`
--

LOCK TABLES `api_patientimage` WRITE;
/*!40000 ALTER TABLE `api_patientimage` DISABLE KEYS */;
INSERT INTO `api_patientimage` VALUES (1,'patient_images/patient_1/default-avatar.jpg','','2025-06-26 04:20:15.270753',1,1),(2,'patient_images/patient_1/default-avatar_m7ipXO3.jpg','','2025-06-26 04:40:20.430991',1,1),(3,'patient_images/patient_1/mEHrVPeE_400x400.jpg','','2025-06-26 04:55:35.873950',1,1),(4,'patient_images/patient_2/mEHrVPeE_400x400.jpg','','2025-06-26 17:12:40.324826',2,1),(5,'patient_images/patient_6/42313007-2b46-4c13-a7a5-31e86460f599.jpeg','','2025-06-26 19:14:12.505850',6,1),(6,'patient_images/patient_6/Nossa_Senhora_do_Perpetuo_Socorro_HD.jpg','','2025-06-26 19:15:42.577951',6,1),(7,'patient_images/patient_6/adolf.png','','2025-06-26 19:35:19.446359',6,1);
/*!40000 ALTER TABLE `api_patientimage` ENABLE KEYS */;
UNLOCK TABLES;

--
-- Table structure for table `api_patientservice`
--

DROP TABLE IF EXISTS `api_patientservice`;
/*!40101 SET @saved_cs_client     = @@character_set_client */;
/*!50503 SET character_set_client = utf8mb4 */;
CREATE TABLE `api_patientservice` (
  `id` bigint NOT NULL AUTO_INCREMENT,
  `date_availed` datetime(6) NOT NULL,
  `quantity` int unsigned NOT NULL,
  `cost_at_time` decimal(10,2) DEFAULT NULL,
  `patient_id` bigint NOT NULL,
  `service_id` bigint NOT NULL,
  PRIMARY KEY (`id`),
  KEY `api_patientservice_patient_id_f7823f2a_fk_api_patient_id` (`patient_id`),
  KEY `api_patientservice_service_id_86321a5c_fk_api_service_id` (`service_id`),
  CONSTRAINT `api_patientservice_patient_id_f7823f2a_fk_api_patient_id` FOREIGN KEY (`patient_id`) REFERENCES `api_patient` (`id`),
  CONSTRAINT `api_patientservice_service_id_86321a5c_fk_api_service_id` FOREIGN KEY (`service_id`) REFERENCES `api_service` (`id`),
  CONSTRAINT `api_patientservice_chk_1` CHECK ((`quantity` >= 0))
) ENGINE=InnoDB AUTO_INCREMENT=3 DEFAULT CHARSET=utf8mb4 COLLATE=utf8mb4_unicode_ci;
/*!40101 SET character_set_client = @saved_cs_client */;

--
-- Dumping data for table `api_patientservice`
--

LOCK TABLES `api_patientservice` WRITE;
/*!40000 ALTER TABLE `api_patientservice` DISABLE KEYS */;
INSERT INTO `api_patientservice` VALUES (1,'2025-06-27 01:41:49.447407',1,2400.00,6,2),(2,'2025-06-27 01:42:08.501570',1,1320.00,6,1);
/*!40000 ALTER TABLE `api_patientservice` ENABLE KEYS */;
UNLOCK TABLES;

--
-- Table structure for table `api_payment`
--

DROP TABLE IF EXISTS `api_payment`;
/*!40101 SET @saved_cs_client     = @@character_set_client */;
/*!50503 SET character_set_client = utf8mb4 */;
CREATE TABLE `api_payment` (
  `id` bigint NOT NULL AUTO_INCREMENT,
  `amount_paid` decimal(10,2) NOT NULL,
  `payment_method` varchar(50) COLLATE utf8mb4_unicode_ci NOT NULL,
  `date_paid` datetime(6) NOT NULL,
  `billing_id` bigint NOT NULL,
  `received_by_id` bigint DEFAULT NULL,
  PRIMARY KEY (`id`),
  UNIQUE KEY `billing_id` (`billing_id`),
  KEY `api_payment_received_by_id_0b9f77ca_fk_api_user_id` (`received_by_id`),
  CONSTRAINT `api_payment_billing_id_e522af95_fk_api_billing_id` FOREIGN KEY (`billing_id`) REFERENCES `api_billing` (`id`),
  CONSTRAINT `api_payment_received_by_id_0b9f77ca_fk_api_user_id` FOREIGN KEY (`received_by_id`) REFERENCES `api_user` (`id`)
) ENGINE=InnoDB DEFAULT CHARSET=utf8mb4 COLLATE=utf8mb4_unicode_ci;
/*!40101 SET character_set_client = @saved_cs_client */;

--
-- Dumping data for table `api_payment`
--

LOCK TABLES `api_payment` WRITE;
/*!40000 ALTER TABLE `api_payment` DISABLE KEYS */;
/*!40000 ALTER TABLE `api_payment` ENABLE KEYS */;
UNLOCK TABLES;

--
-- Table structure for table `api_room`
--

DROP TABLE IF EXISTS `api_room`;
/*!40101 SET @saved_cs_client     = @@character_set_client */;
/*!50503 SET character_set_client = utf8mb4 */;
CREATE TABLE `api_room` (
  `id` bigint NOT NULL AUTO_INCREMENT,
  `name` varchar(100) COLLATE utf8mb4_unicode_ci NOT NULL,
  `hourly_rate` decimal(10,2) NOT NULL,
  PRIMARY KEY (`id`)
) ENGINE=InnoDB AUTO_INCREMENT=5 DEFAULT CHARSET=utf8mb4 COLLATE=utf8mb4_unicode_ci;
/*!40101 SET character_set_client = @saved_cs_client */;

--
-- Dumping data for table `api_room`
--

LOCK TABLES `api_room` WRITE;
/*!40000 ALTER TABLE `api_room` DISABLE KEYS */;
INSERT INTO `api_room` VALUES (1,'DELUXE',450.00),(2,'WARD',120.00),(3,'PRIVATE',1200.00),(4,'SEMI-PRIVATE',600.00);
/*!40000 ALTER TABLE `api_room` ENABLE KEYS */;
UNLOCK TABLES;

--
-- Table structure for table `api_service`
--

DROP TABLE IF EXISTS `api_service`;
/*!40101 SET @saved_cs_client     = @@character_set_client */;
/*!50503 SET character_set_client = utf8mb4 */;
CREATE TABLE `api_service` (
  `id` bigint NOT NULL AUTO_INCREMENT,
  `name` varchar(100) COLLATE utf8mb4_unicode_ci NOT NULL,
  `current_cost` decimal(10,2) NOT NULL,
  PRIMARY KEY (`id`)
) ENGINE=InnoDB AUTO_INCREMENT=6 DEFAULT CHARSET=utf8mb4 COLLATE=utf8mb4_unicode_ci;
/*!40101 SET character_set_client = @saved_cs_client */;

--
-- Dumping data for table `api_service`
--

LOCK TABLES `api_service` WRITE;
/*!40000 ALTER TABLE `api_service` DISABLE KEYS */;
INSERT INTO `api_service` VALUES (1,'BIOPHYSICAL SCORING',1200.00),(2,'CONGENITAL ANOMALL',2400.00),(3,'URINARY BLADDER TEST',2100.00),(4,'LUMBOSACRAL SPIN',10000.00),(5,'T-TUBE CHOLANGIOGRAM',8750.00);
/*!40000 ALTER TABLE `api_service` ENABLE KEYS */;
UNLOCK TABLES;

--
-- Table structure for table `api_user`
--

DROP TABLE IF EXISTS `api_user`;
/*!40101 SET @saved_cs_client     = @@character_set_client */;
/*!50503 SET character_set_client = utf8mb4 */;
CREATE TABLE `api_user` (
  `id` bigint NOT NULL AUTO_INCREMENT,
  `password` varchar(128) COLLATE utf8mb4_unicode_ci NOT NULL,
  `last_login` datetime(6) DEFAULT NULL,
  `is_superuser` tinyint(1) NOT NULL,
  `user_id` varchar(50) COLLATE utf8mb4_unicode_ci NOT NULL,
  `role` varchar(20) COLLATE utf8mb4_unicode_ci NOT NULL,
  `department` varchar(255) COLLATE utf8mb4_unicode_ci NOT NULL,
  `is_active` tinyint(1) NOT NULL,
  `is_staff` tinyint(1) NOT NULL,
  `date_joined` datetime(6) NOT NULL,
  `email` varchar(254) COLLATE utf8mb4_unicode_ci DEFAULT NULL,
  `first_name` varchar(30) COLLATE utf8mb4_unicode_ci DEFAULT NULL,
  `last_name` varchar(30) COLLATE utf8mb4_unicode_ci DEFAULT NULL,
  `phone` varchar(20) COLLATE utf8mb4_unicode_ci DEFAULT NULL,
  `has_security_questions` tinyint(1) NOT NULL,
  `address` varchar(255) COLLATE utf8mb4_unicode_ci DEFAULT NULL,
  `birthdate` date DEFAULT NULL,
  PRIMARY KEY (`id`),
  UNIQUE KEY `user_id` (`user_id`)
) ENGINE=InnoDB AUTO_INCREMENT=5 DEFAULT CHARSET=utf8mb4 COLLATE=utf8mb4_unicode_ci;
/*!40101 SET character_set_client = @saved_cs_client */;

--
-- Dumping data for table `api_user`
--

LOCK TABLES `api_user` WRITE;
/*!40000 ALTER TABLE `api_user` DISABLE KEYS */;
INSERT INTO `api_user` VALUES (1,'pbkdf2_sha256$600000$3b2oYVFI49ImTzUWzGRmzi$Xt+MLHNkyFixBzU9QadzINZIf0g4yiMtv0h5hHE6GDE=','2025-06-27 01:35:00.459996',1,'111','Admin','admin',1,1,'2025-06-26 04:13:22.000000','jcadelina2002@gmail.com','Jaspher','Cadelina','09357773518',0,'block 1 lot 38, Hinapao Street','2025-06-26'),(2,'pbkdf2_sha256$600000$XDfZVuAQWLE1chr0PL5F5O$HO8KJF/BAd9jyhE1qvS0OjVJ9a3q8FzDV2bjo5bdiAc=','2025-06-26 05:06:48.000000',0,'2025','Teller','TellerTeam',1,0,'2025-06-26 05:06:05.000000','cadelinafilmor1971@gmail.com','Lance','Gonzales','09357773518',0,'block 1 lot 38, Hinapao Street','2025-06-26'),(3,'pbkdf2_sha256$600000$UA0fsA1zMM2zmcGLnzL1eS$wsNuI/lh/PjCyZYynpF5WRLvbwt5YyY4oU2Z1uAXayw=',NULL,0,'6948','Teller','Tellerist',1,0,'2025-06-26 05:35:39.857657',NULL,'Renz','Cortina',NULL,0,'block 1 lot 38, Hinapao Street','2025-06-26');
/*!40000 ALTER TABLE `api_user` ENABLE KEYS */;
UNLOCK TABLES;

--
-- Table structure for table `api_user_groups`
--

DROP TABLE IF EXISTS `api_user_groups`;
/*!40101 SET @saved_cs_client     = @@character_set_client */;
/*!50503 SET character_set_client = utf8mb4 */;
CREATE TABLE `api_user_groups` (
  `id` bigint NOT NULL AUTO_INCREMENT,
  `user_id` bigint NOT NULL,
  `group_id` int NOT NULL,
  PRIMARY KEY (`id`),
  UNIQUE KEY `api_user_groups_user_id_group_id_9c7ddfb5_uniq` (`user_id`,`group_id`),
  KEY `api_user_groups_group_id_3af85785_fk_auth_group_id` (`group_id`),
  CONSTRAINT `api_user_groups_group_id_3af85785_fk_auth_group_id` FOREIGN KEY (`group_id`) REFERENCES `auth_group` (`id`),
  CONSTRAINT `api_user_groups_user_id_a5ff39fa_fk_api_user_id` FOREIGN KEY (`user_id`) REFERENCES `api_user` (`id`)
) ENGINE=InnoDB AUTO_INCREMENT=14 DEFAULT CHARSET=utf8mb4 COLLATE=utf8mb4_unicode_ci;
/*!40101 SET character_set_client = @saved_cs_client */;

--
-- Dumping data for table `api_user_groups`
--

LOCK TABLES `api_user_groups` WRITE;
/*!40000 ALTER TABLE `api_user_groups` DISABLE KEYS */;
INSERT INTO `api_user_groups` VALUES (1,1,1),(3,2,2),(7,3,2);
/*!40000 ALTER TABLE `api_user_groups` ENABLE KEYS */;
UNLOCK TABLES;

--
-- Table structure for table `api_user_user_permissions`
--

DROP TABLE IF EXISTS `api_user_user_permissions`;
/*!40101 SET @saved_cs_client     = @@character_set_client */;
/*!50503 SET character_set_client = utf8mb4 */;
CREATE TABLE `api_user_user_permissions` (
  `id` bigint NOT NULL AUTO_INCREMENT,
  `user_id` bigint NOT NULL,
  `permission_id` int NOT NULL,
  PRIMARY KEY (`id`),
  UNIQUE KEY `api_user_user_permissions_user_id_permission_id_a06dd704_uniq` (`user_id`,`permission_id`),
  KEY `api_user_user_permis_permission_id_305b7fea_fk_auth_perm` (`permission_id`),
  CONSTRAINT `api_user_user_permis_permission_id_305b7fea_fk_auth_perm` FOREIGN KEY (`permission_id`) REFERENCES `auth_permission` (`id`),
  CONSTRAINT `api_user_user_permissions_user_id_f3945d65_fk_api_user_id` FOREIGN KEY (`user_id`) REFERENCES `api_user` (`id`)
) ENGINE=InnoDB DEFAULT CHARSET=utf8mb4 COLLATE=utf8mb4_unicode_ci;
/*!40101 SET character_set_client = @saved_cs_client */;

--
-- Dumping data for table `api_user_user_permissions`
--

LOCK TABLES `api_user_user_permissions` WRITE;
/*!40000 ALTER TABLE `api_user_user_permissions` DISABLE KEYS */;
/*!40000 ALTER TABLE `api_user_user_permissions` ENABLE KEYS */;
UNLOCK TABLES;

--
-- Table structure for table `api_useractionlog`
--

DROP TABLE IF EXISTS `api_useractionlog`;
/*!40101 SET @saved_cs_client     = @@character_set_client */;
/*!50503 SET character_set_client = utf8mb4 */;
CREATE TABLE `api_useractionlog` (
  `id` bigint NOT NULL AUTO_INCREMENT,
  `action_type` varchar(10) COLLATE utf8mb4_unicode_ci NOT NULL,
  `object_id` int unsigned NOT NULL,
  `object_repr` varchar(200) COLLATE utf8mb4_unicode_ci NOT NULL,
  `details` json NOT NULL,
  `ip_address` char(39) COLLATE utf8mb4_unicode_ci DEFAULT NULL,
  `timestamp` datetime(6) NOT NULL,
  `content_type_id` int NOT NULL,
  `user_id` bigint DEFAULT NULL,
  PRIMARY KEY (`id`),
  KEY `api_useractionlog_content_type_id_fa7e0df4_fk_django_co` (`content_type_id`),
  KEY `api_useractionlog_user_id_7c40fe05_fk_api_user_id` (`user_id`),
  CONSTRAINT `api_useractionlog_content_type_id_fa7e0df4_fk_django_co` FOREIGN KEY (`content_type_id`) REFERENCES `django_content_type` (`id`),
  CONSTRAINT `api_useractionlog_user_id_7c40fe05_fk_api_user_id` FOREIGN KEY (`user_id`) REFERENCES `api_user` (`id`),
  CONSTRAINT `api_useractionlog_chk_1` CHECK ((`object_id` >= 0))
) ENGINE=InnoDB AUTO_INCREMENT=42 DEFAULT CHARSET=utf8mb4 COLLATE=utf8mb4_unicode_ci;
/*!40101 SET character_set_client = @saved_cs_client */;

--
-- Dumping data for table `api_useractionlog`
--

LOCK TABLES `api_useractionlog` WRITE;
/*!40000 ALTER TABLE `api_useractionlog` DISABLE KEYS */;
INSERT INTO `api_useractionlog` VALUES (1,'UPDATE',1,' ID 1 - Marwan D. Terrorist','{\"changes\": {\"name\": [\"Marwan D. Terrorist\", \"Marwan D. Terrorist\"], \"status\": [\"Admitted\", \"Outpatient\"], \"address\": [\"blk 1 lot 38\", \"blk 1 lot 38\"]}}',NULL,'2025-06-26 04:40:20.284347',12,NULL),(2,'UPDATE',1,' ID 1 - Marwan D. Terrorist','{\"changes\": {\"name\": [\"Marwan D. Terrorist\", \"Marwan D. Terrorist\"], \"status\": [\"Outpatient\", \"Outpatient\"], \"address\": [\"blk 1 lot 38\", \"blk 1 lot 38\"]}}',NULL,'2025-06-26 04:40:20.312922',12,NULL),(3,'UPDATE',1,' ID 1 - Marwan D. Terrorist','{\"changes\": {\"name\": [\"Marwan D. Terrorist\", \"Marwan D. Terrorist\"], \"status\": [\"Outpatient\", \"Admitted\"], \"address\": [\"blk 1 lot 38\", \"blk 1 lot 38\"]}}',NULL,'2025-06-26 04:55:35.662075',12,NULL),(4,'UPDATE',1,' ID 1 - Marwan D. Terrorist','{\"changes\": {\"name\": [\"Marwan D. Terrorist\", \"Marwan D. Terrorist\"], \"status\": [\"Admitted\", \"Admitted\"], \"address\": [\"blk 1 lot 38\", \"blk 1 lot 38\"]}}',NULL,'2025-06-26 04:55:35.697618',12,NULL),(5,'UPDATE',1,' ID 1 - Marwan D. Terrorist','{\"changes\": {\"name\": [\"Marwan D. Terrorist\", \"Marwan D. Terrorist\"], \"status\": [\"Admitted\", \"Outpatient\"], \"address\": [\"blk 1 lot 38\", \"blk 1 lot 38\"]}}',NULL,'2025-06-26 05:01:59.415459',12,NULL),(6,'UPDATE',1,' ID 1 - Marwan D. Terrorist','{\"changes\": {\"name\": [\"Marwan D. Terrorist\", \"Marwan D. Terrorist\"], \"status\": [\"Outpatient\", \"Outpatient\"], \"address\": [\"blk 1 lot 38\", \"blk 1 lot 38\"]}}',NULL,'2025-06-26 05:01:59.436599',12,NULL),(7,'UPDATE',6,' ID 6 - Luis Cruz','{\"changes\": {\"name\": [\"Luis Cruz\", \"Luis Cruz\"], \"status\": [\"Admitted\", \"Admitted\"], \"address\": [\"Taguig City\", \"Taguig City\"]}}',NULL,'2025-06-26 18:44:45.462262',12,NULL),(8,'UPDATE',6,' ID 6 - Luis Cruz','{\"changes\": {\"name\": [\"Luis Cruz\", \"Luis Cruz\"], \"status\": [\"Admitted\", \"Admitted\"], \"address\": [\"Taguig City\", \"Taguig City\"]}}',NULL,'2025-06-26 19:07:21.522690',12,NULL),(9,'UPDATE',6,' ID 6 - Luis Cruz','{\"changes\": {\"name\": [\"Luis Cruz\", \"Luis Cruz\"], \"status\": [\"Admitted\", \"Admitted\"], \"address\": [\"Taguig City\", \"Taguig City\"]}}',NULL,'2025-06-26 19:07:32.225729',12,NULL),(10,'UPDATE',6,' ID 6 - Luis Cruz','{\"changes\": {\"name\": [\"Luis Cruz\", \"Luis Cruz\"], \"status\": [\"Admitted\", \"Admitted\"], \"address\": [\"Taguig City\", \"Taguig City\"]}}',NULL,'2025-06-26 19:13:13.307157',12,NULL),(11,'UPDATE',6,' ID 6 - Luis Cruz','{\"changes\": {\"name\": [\"Luis Cruz\", \"Luis Cruz\"], \"status\": [\"Admitted\", \"Admitted\"], \"address\": [\"Taguig City\", \"Taguig City\"]}}',NULL,'2025-06-26 19:14:12.287517',12,NULL),(12,'UPDATE',6,' ID 6 - Luis Cruz','{\"changes\": {\"name\": [\"Luis Cruz\", \"Luis Cruz\"], \"status\": [\"Admitted\", \"Admitted\"], \"address\": [\"Taguig City\", \"Taguig City\"]}}',NULL,'2025-06-26 19:14:12.315386',12,NULL),(13,'UPDATE',6,' ID 6 - Luis Cruz','{\"changes\": {\"name\": [\"Luis Cruz\", \"Luis Cruz\"], \"status\": [\"Admitted\", \"Admitted\"], \"address\": [\"Taguig City\", \"Taguig City\"]}}',NULL,'2025-06-26 19:15:42.404387',12,NULL),(14,'UPDATE',6,' ID 6 - Luis Cruz','{\"changes\": {\"name\": [\"Luis Cruz\", \"Luis Cruz\"], \"status\": [\"Admitted\", \"Admitted\"], \"address\": [\"Taguig City\", \"Taguig City\"]}}',NULL,'2025-06-26 19:15:42.432866',12,NULL),(15,'UPDATE',6,' ID 6 - Luis Cruz','{\"changes\": {\"name\": [\"Luis Cruz\", \"Luis Cruz\"], \"status\": [\"Admitted\", \"Admitted\"], \"address\": [\"Taguig City\", \"Taguig City\"]}}',NULL,'2025-06-26 19:35:19.223079',12,NULL),(16,'UPDATE',6,' ID 6 - Luis Cruz','{\"changes\": {\"name\": [\"Luis Cruz\", \"Luis Cruz\"], \"status\": [\"Admitted\", \"Admitted\"], \"address\": [\"Taguig City\", \"Taguig City\"]}}',NULL,'2025-06-26 19:35:19.286039',12,NULL),(17,'UPDATE',6,' ID 6 - Luis Cruz','{\"changes\": {\"name\": [\"Luis Cruz\", \"Luis Cruz\"], \"status\": [\"Admitted\", \"Admitted\"], \"address\": [\"Taguig City\", \"Taguig City\"]}}',NULL,'2025-06-26 19:37:44.589468',12,NULL),(18,'UPDATE',6,' ID 6 - Luis Cruz','{\"changes\": {\"name\": [\"Luis Cruz\", \"Luis Cruz\"], \"status\": [\"Admitted\", \"Admitted\"], \"address\": [\"Taguig City\", \"Taguig City\"]}}',NULL,'2025-06-26 19:37:47.958542',12,NULL),(19,'UPDATE',6,' ID 6 - Luis Cruz','{\"changes\": {\"name\": [\"Luis Cruz\", \"Luis Cruz\"], \"status\": [\"Admitted\", \"Admitted\"], \"address\": [\"Taguig City\", \"Taguig City\"]}}',NULL,'2025-06-27 01:12:10.909671',12,NULL),(20,'UPDATE',4,' ID 4 - Elena Garcia','{\"changes\": {\"name\": [\"Elena Garcia\", \"Elena Garcia\"], \"status\": [\"Admitted\", \"Admitted\"], \"address\": [\"Mandaluyong City\", \"Mandaluyong City\"]}}',NULL,'2025-06-27 01:12:12.796142',12,NULL),(21,'UPDATE',6,' ID 6 - Luis Cruz','{\"changes\": {\"name\": [\"Luis Cruz\", \"Luis Cruz\"], \"status\": [\"Admitted\", \"Admitted\"], \"address\": [\"Taguig City\", \"Taguig City\"]}}',NULL,'2025-06-27 01:12:17.033747',12,NULL),(22,'UPDATE',4,' ID 4 - Elena Garcia','{\"changes\": {\"name\": [\"Elena Garcia\", \"Elena Garcia\"], \"status\": [\"Admitted\", \"Admitted\"], \"address\": [\"Mandaluyong City\", \"Mandaluyong City\"]}}',NULL,'2025-06-27 01:12:28.467015',12,NULL),(23,'UPDATE',6,' ID 6 - Luis Cruz','{\"changes\": {\"name\": [\"Luis Cruz\", \"Luis Cruz\"], \"status\": [\"Admitted\", \"Admitted\"], \"address\": [\"Taguig City\", \"Taguig City\"]}}',NULL,'2025-06-27 01:12:36.807112',12,NULL),(24,'UPDATE',6,' ID 6 - Luis Cruz','{\"changes\": {\"name\": [\"Luis Cruz\", \"Luis Cruz\"], \"status\": [\"Admitted\", \"Admitted\"], \"address\": [\"Taguig City\", \"Taguig City\"]}}',NULL,'2025-06-27 01:17:02.612735',12,NULL),(25,'UPDATE',6,' ID 6 - Luis Cruz','{\"changes\": {\"name\": [\"Luis Cruz\", \"Luis Cruz\"], \"status\": [\"Admitted\", \"Admitted\"], \"address\": [\"Taguig City\", \"Taguig City\"]}}',NULL,'2025-06-27 01:17:09.791709',12,NULL),(26,'UPDATE',6,' ID 6 - Luis Cruz','{\"changes\": {\"name\": [\"Luis Cruz\", \"Luis Cruz\"], \"status\": [\"Admitted\", \"Admitted\"], \"address\": [\"Taguig City\", \"Taguig City\"]}}',NULL,'2025-06-27 01:21:15.590682',12,NULL),(27,'UPDATE',6,' ID 6 - Luis Cruz','{\"changes\": {\"name\": [\"Luis Cruz\", \"Luis Cruz\"], \"status\": [\"Admitted\", \"Admitted\"], \"address\": [\"Taguig City\", \"Taguig City\"]}}',NULL,'2025-06-27 01:21:20.763697',12,NULL),(28,'UPDATE',2,' ID 2 - Cong Velasquez','{\"changes\": {\"name\": [\"Cong Velasquez\", \"Cong Velasquez\"], \"status\": [\"Admitted\", \"Admitted\"], \"address\": [\"Somewhere around city\", \"Somewhere around city\"]}}',NULL,'2025-06-27 01:21:23.506434',12,NULL),(29,'UPDATE',4,' ID 4 - Elena Garcia','{\"changes\": {\"name\": [\"Elena Garcia\", \"Elena Garcia\"], \"status\": [\"Admitted\", \"Admitted\"], \"address\": [\"Mandaluyong City\", \"Mandaluyong City\"]}}',NULL,'2025-06-27 01:21:27.263771',12,NULL),(30,'UPDATE',6,' ID 6 - Luis Cruz','{\"changes\": {\"name\": [\"Luis Cruz\", \"Luis Cruz\"], \"status\": [\"Admitted\", \"Admitted\"], \"address\": [\"Taguig City\", \"Taguig City\"]}}',NULL,'2025-06-27 01:21:44.359959',12,NULL),(31,'UPDATE',4,' ID 4 - Elena Garcia','{\"changes\": {\"name\": [\"Elena Garcia\", \"Elena Garcia\"], \"status\": [\"Admitted\", \"Admitted\"], \"address\": [\"Mandaluyong City\", \"Mandaluyong City\"]}}',NULL,'2025-06-27 01:22:03.789194',12,NULL),(32,'UPDATE',2,' ID 2 - Cong Velasquez','{\"changes\": {\"name\": [\"Cong Velasquez\", \"Cong Velasquez\"], \"status\": [\"Admitted\", \"Admitted\"], \"address\": [\"Somewhere around city\", \"Somewhere around city\"]}}',NULL,'2025-06-27 01:22:05.483157',12,NULL),(33,'UPDATE',6,' ID 6 - Luis Cruz','{\"changes\": {\"name\": [\"Luis Cruz\", \"Luis Cruz\"], \"status\": [\"Admitted\", \"Admitted\"], \"address\": [\"Taguig City\", \"Taguig City\"]}}',NULL,'2025-06-27 01:23:56.381724',12,NULL),(34,'UPDATE',4,' ID 4 - Elena Garcia','{\"changes\": {\"name\": [\"Elena Garcia\", \"Elena Garcia\"], \"status\": [\"Admitted\", \"Admitted\"], \"address\": [\"Mandaluyong City\", \"Mandaluyong City\"]}}',NULL,'2025-06-27 01:24:00.926742',12,NULL),(35,'UPDATE',6,' ID 6 - Luis Cruz','{\"changes\": {\"name\": [\"Luis Cruz\", \"Luis Cruz\"], \"status\": [\"Admitted\", \"Admitted\"], \"address\": [\"Taguig City\", \"Taguig City\"]}}',NULL,'2025-06-27 01:24:04.272599',12,NULL),(36,'UPDATE',4,' ID 4 - Elena Garcia','{\"changes\": {\"name\": [\"Elena Garcia\", \"Elena Garcia\"], \"status\": [\"Admitted\", \"Admitted\"], \"address\": [\"Mandaluyong City\", \"Mandaluyong City\"]}}',NULL,'2025-06-27 01:24:06.149363',12,NULL),(37,'UPDATE',6,' ID 6 - Luis Cruz','{\"changes\": {\"name\": [\"Luis Cruz\", \"Luis Cruz\"], \"status\": [\"Admitted\", \"Discharged\"], \"address\": [\"Taguig City\", \"Taguig City\"]}}',NULL,'2025-06-27 02:04:50.973700',12,NULL),(38,'UPDATE',6,' ID 6 - Luis Cruz','{\"changes\": {\"name\": [\"Luis Cruz\", \"Luis Cruz\"], \"status\": [\"Discharged\", \"Admitted\"], \"address\": [\"Taguig City\", \"Taguig City\"]}}',NULL,'2025-06-27 03:18:59.196661',12,NULL),(39,'UPDATE',6,' ID 6 - Luis Cruz','{\"changes\": {\"name\": [\"Luis Cruz\", \"Luis Cruz\"], \"status\": [\"Admitted\", \"Admitted\"], \"address\": [\"Taguig City\", \"Taguig City\"]}}',NULL,'2025-06-27 03:18:59.217354',12,NULL),(40,'UPDATE',6,' ID 6 - Luis Cruz','{\"changes\": {\"name\": [\"Luis Cruz\", \"Luis Cruz\"], \"status\": [\"Admitted\", \"Admitted\"], \"address\": [\"Taguig City\", \"Taguig City\"]}}',NULL,'2025-06-27 03:19:17.822352',12,NULL),(41,'UPDATE',6,' ID 6 - Luis Cruz','{\"changes\": {\"name\": [\"Luis Cruz\", \"Luis Cruz\"], \"status\": [\"Admitted\", \"Discharged\"], \"address\": [\"Taguig City\", \"Taguig City\"]}}',NULL,'2025-06-27 03:22:01.417611',12,NULL);
/*!40000 ALTER TABLE `api_useractionlog` ENABLE KEYS */;
UNLOCK TABLES;

--
-- Table structure for table `api_userimage`
--

DROP TABLE IF EXISTS `api_userimage`;
/*!40101 SET @saved_cs_client     = @@character_set_client */;
/*!50503 SET character_set_client = utf8mb4 */;
CREATE TABLE `api_userimage` (
  `id` bigint NOT NULL AUTO_INCREMENT,
  `file` varchar(100) COLLATE utf8mb4_unicode_ci NOT NULL,
  `description` longtext COLLATE utf8mb4_unicode_ci NOT NULL,
  `uploaded_at` datetime(6) NOT NULL,
  `uploaded_by_id` bigint DEFAULT NULL,
  `user_id` bigint NOT NULL,
  PRIMARY KEY (`id`),
  KEY `api_userimage_uploaded_by_id_bc6be0f9_fk_api_user_id` (`uploaded_by_id`),
  KEY `api_userimage_user_id_53b7659e_fk_api_user_id` (`user_id`),
  CONSTRAINT `api_userimage_uploaded_by_id_bc6be0f9_fk_api_user_id` FOREIGN KEY (`uploaded_by_id`) REFERENCES `api_user` (`id`),
  CONSTRAINT `api_userimage_user_id_53b7659e_fk_api_user_id` FOREIGN KEY (`user_id`) REFERENCES `api_user` (`id`)
) ENGINE=InnoDB AUTO_INCREMENT=9 DEFAULT CHARSET=utf8mb4 COLLATE=utf8mb4_unicode_ci;
/*!40101 SET character_set_client = @saved_cs_client */;

--
-- Dumping data for table `api_userimage`
--

LOCK TABLES `api_userimage` WRITE;
/*!40000 ALTER TABLE `api_userimage` DISABLE KEYS */;
INSERT INTO `api_userimage` VALUES (1,'','description1','2025-06-26 05:11:11.109121',1,1),(2,'','description1','2025-06-26 05:13:26.277213',1,1),(3,'','description1','2025-06-26 05:16:51.886568',1,1),(4,'','description1','2025-06-26 05:21:10.264950',1,1),(5,'user_images/111/download_3.png','jaspher','2025-06-26 05:22:35.025349',1,1),(6,'user_images/6948/4z0l62fmn7ae1.png','','2025-06-26 05:35:40.607881',1,3),(8,'user_images/2025/default.jpg','','2025-06-26 05:51:01.395969',2,2);
/*!40000 ALTER TABLE `api_userimage` ENABLE KEYS */;
UNLOCK TABLES;

--
-- Table structure for table `api_userlog`
--

DROP TABLE IF EXISTS `api_userlog`;
/*!40101 SET @saved_cs_client     = @@character_set_client */;
/*!50503 SET character_set_client = utf8mb4 */;
CREATE TABLE `api_userlog` (
  `id` bigint NOT NULL AUTO_INCREMENT,
  `action` varchar(20) COLLATE utf8mb4_unicode_ci NOT NULL,
  `timestamp` datetime(6) NOT NULL,
  `details` json NOT NULL,
  `user_id` bigint DEFAULT NULL,
  PRIMARY KEY (`id`),
  KEY `api_userlog_user_id_6858d1fd_fk_api_user_id` (`user_id`),
  CONSTRAINT `api_userlog_user_id_6858d1fd_fk_api_user_id` FOREIGN KEY (`user_id`) REFERENCES `api_user` (`id`)
) ENGINE=InnoDB AUTO_INCREMENT=385 DEFAULT CHARSET=utf8mb4 COLLATE=utf8mb4_unicode_ci;
/*!40101 SET character_set_client = @saved_cs_client */;

--
-- Dumping data for table `api_userlog`
--

LOCK TABLES `api_userlog` WRITE;
/*!40000 ALTER TABLE `api_userlog` DISABLE KEYS */;
INSERT INTO `api_userlog` VALUES (1,'VIEW','2025-06-26 04:18:17.928355','{\"query\": \"1\", \"message\": \"Searched a user:\"}',1),(2,'VIEW','2025-06-26 04:20:20.673433','{\"message\": \"Updated patient details RENZ\", \"patient_id\": 1, \"patient_name\": \"Marwan D. Terrorist\", \"updated_fields\": []}',1),(3,'VIEW','2025-06-26 04:20:20.740737','{\"message\": \"Updated patient details RENZ\", \"patient_id\": 1, \"patient_name\": \"Marwan D. Terrorist\", \"updated_fields\": []}',1),(4,'VIEW','2025-06-26 04:25:20.288068','{\"query\": \"mar\", \"message\": \"Searched a patient:\"}',1),(5,'VIEW','2025-06-26 04:25:21.821947','{\"query\": \"Marwan D. Terrorist\", \"message\": \"Searched a patient:\"}',1),(6,'VIEW','2025-06-26 04:26:05.241378','{\"message\": \"Viewed a laboratory:\"}',1),(7,'VIEW','2025-06-26 04:26:05.288669','{\"message\": \"Viewed a laboratory:\"}',1),(8,'VIEW','2025-06-26 04:26:08.333473','{\"message\": \"Viewed a laboratory:\"}',1),(9,'VIEW','2025-06-26 04:26:08.377028','{\"message\": \"Viewed a laboratory:\"}',1),(10,'CREATE','2025-06-26 04:26:30.293407','{\"message\": \"Created a laboratory file:\"}',1),(11,'VIEW','2025-06-26 04:26:31.164070','{\"message\": \"Viewed a laboratory:\"}',1),(12,'VIEW','2025-06-26 04:26:34.581656','{\"message\": \"Viewed a laboratory:\"}',1),(13,'VIEW','2025-06-26 04:26:34.637584','{\"message\": \"Viewed a laboratory:\"}',1),(14,'VIEW','2025-06-26 04:38:17.444630','{\"query\": \"111\", \"message\": \"Searched a patient:\"}',1),(15,'VIEW','2025-06-26 04:38:17.471640','{\"query\": \"111\", \"message\": \"Searched a patient:\"}',1),(16,'VIEW','2025-06-26 04:38:19.489416','{\"query\": \"mar\", \"message\": \"Searched a patient:\"}',1),(17,'VIEW','2025-06-26 04:38:19.515923','{\"query\": \"mar\", \"message\": \"Searched a patient:\"}',1),(18,'VIEW','2025-06-26 04:38:21.247065','{\"message\": \"1Viewed patient details\", \"patient_id\": 1, \"patient_name\": \"Marwan D. Terrorist\"}',1),(19,'VIEW','2025-06-26 04:38:21.279960','{\"message\": \"1Viewed patient details\", \"patient_id\": 1, \"patient_name\": \"Marwan D. Terrorist\"}',1),(20,'VIEW','2025-06-26 04:38:21.302628','{\"message\": \"Viewed a patient image:\", \"patient_id\": 1, \"patient_name\": \"Marwan D. Terrorist\"}',1),(21,'VIEW','2025-06-26 04:38:21.328679','{\"message\": \"Viewed a patient image:\", \"patient_id\": 1, \"patient_name\": \"Marwan D. Terrorist\"}',1),(22,'VIEW','2025-06-26 04:38:36.331413','{\"query\": \"11\", \"message\": \"Searched a user:\"}',1),(23,'VIEW','2025-06-26 04:38:37.814004','{\"query\": \"1\", \"message\": \"Searched a user:\"}',1),(24,'UPDATE','2025-06-26 04:40:20.321262','{\"message\": \"Updated patient details\", \"patient_id\": 1, \"patient_name\": \"Marwan D. Terrorist\", \"updated_fields\": [\"has_philhealth\", \"case_number\", \"hospital_case_number\", \"has_hmo\", \"hmo\", \"name\", \"status\", \"admission_date\", \"current_condition\", \"date_of_birth\", \"address\", \"occupation\", \"civil_status\", \"nationality\", \"religion\", \"attending_physician\", \"visit_type\", \"consultation_datetime\", \"referred_by\", \"next_consultation_date\", \"discharge_date\", \"phone\", \"emergency_contact_name\", \"emergency_contact_phone\", \"is_active\", \"notes\", \"age\", \"gender\", \"diagnosed_by\", \"height\", \"weight\", \"blood_pressure\", \"pulse_rate\", \"respiratory_rate\", \"temperature\", \"physical_examination\", \"main_complaint\", \"present_illness\", \"clinical_findings\", \"icd_code\", \"diagnosis\", \"treatment\"]}',1),(25,'VIEW','2025-06-26 04:40:38.889464','{\"message\": \"Updated patient details RENZ\", \"patient_id\": 1, \"patient_name\": \"Marwan D. Terrorist\", \"updated_fields\": []}',1),(26,'VIEW','2025-06-26 04:40:38.947915','{\"message\": \"Updated patient details RENZ\", \"patient_id\": 1, \"patient_name\": \"Marwan D. Terrorist\", \"updated_fields\": []}',1),(27,'VIEW','2025-06-26 04:40:43.705619','{\"message\": \"Viewed a clinical note:\"}',1),(28,'VIEW','2025-06-26 04:40:43.738947','{\"message\": \"Viewed a clinical note:\"}',1),(29,'VIEW','2025-06-26 04:40:43.753883','{\"message\": \"Viewed a patient history:\", \"patient_id\": 1, \"patient_name\": \"Marwan D. Terrorist\"}',1),(30,'VIEW','2025-06-26 04:40:43.817275','{\"message\": \"Viewed a patient history:\", \"patient_id\": 1, \"patient_name\": \"Marwan D. Terrorist\"}',1),(31,'VIEW','2025-06-26 04:40:46.442200','{\"message\": \"Viewed a patient image:\", \"patient_id\": 1, \"patient_name\": \"Marwan D. Terrorist\"}',1),(32,'VIEW','2025-06-26 04:40:46.474198','{\"message\": \"Viewed a patient image:\", \"patient_id\": 1, \"patient_name\": \"Marwan D. Terrorist\"}',1),(33,'VIEW','2025-06-26 04:41:53.248488','{\"message\": \"Viewed a clinical note:\"}',1),(34,'VIEW','2025-06-26 04:41:53.287719','{\"message\": \"Viewed a clinical note:\"}',1),(35,'VIEW','2025-06-26 04:41:53.303380','{\"message\": \"Viewed a patient history:\", \"patient_id\": 1, \"patient_name\": \"Marwan D. Terrorist\"}',1),(36,'VIEW','2025-06-26 04:41:53.346334','{\"message\": \"Viewed a patient history:\", \"patient_id\": 1, \"patient_name\": \"Marwan D. Terrorist\"}',1),(37,'VIEW','2025-06-26 04:41:55.763887','{\"message\": \"Viewed a patient image:\", \"patient_id\": 1, \"patient_name\": \"Marwan D. Terrorist\"}',1),(38,'VIEW','2025-06-26 04:41:55.799881','{\"message\": \"Viewed a patient image:\", \"patient_id\": 1, \"patient_name\": \"Marwan D. Terrorist\"}',1),(39,'VIEW','2025-06-26 04:42:28.108524','{\"query\": \"Jaspher\", \"message\": \"Searched a user:\"}',1),(40,'VIEW','2025-06-26 04:43:17.130386','{\"message\": \"Viewed a clinical note:\"}',1),(41,'VIEW','2025-06-26 04:43:17.248922','{\"message\": \"Viewed a patient history:\", \"patient_id\": 1, \"patient_name\": \"Marwan D. Terrorist\"}',1),(42,'VIEW','2025-06-26 04:43:17.479558','{\"message\": \"Viewed a clinical note:\"}',1),(43,'VIEW','2025-06-26 04:43:17.518557','{\"message\": \"Viewed a patient history:\", \"patient_id\": 1, \"patient_name\": \"Marwan D. Terrorist\"}',1),(44,'VIEW','2025-06-26 04:43:20.078315','{\"message\": \"Viewed a patient image:\", \"patient_id\": 1, \"patient_name\": \"Marwan D. Terrorist\"}',1),(45,'VIEW','2025-06-26 04:43:20.099843','{\"message\": \"Viewed a patient image:\", \"patient_id\": 1, \"patient_name\": \"Marwan D. Terrorist\"}',1),(46,'VIEW','2025-06-26 04:54:59.509202','{\"message\": \"Updated patient details RENZ\", \"patient_id\": 1, \"patient_name\": \"Marwan D. Terrorist\", \"updated_fields\": []}',1),(47,'VIEW','2025-06-26 04:54:59.605930','{\"message\": \"Updated patient details RENZ\", \"patient_id\": 1, \"patient_name\": \"Marwan D. Terrorist\", \"updated_fields\": []}',1),(48,'VIEW','2025-06-26 04:55:03.723406','{\"message\": \"Viewed a clinical note:\"}',1),(49,'VIEW','2025-06-26 04:55:03.753827','{\"message\": \"Viewed a clinical note:\"}',1),(50,'VIEW','2025-06-26 04:55:03.764147','{\"message\": \"Viewed a patient history:\", \"patient_id\": 1, \"patient_name\": \"Marwan D. Terrorist\"}',1),(51,'VIEW','2025-06-26 04:55:03.792262','{\"message\": \"Viewed a patient history:\", \"patient_id\": 1, \"patient_name\": \"Marwan D. Terrorist\"}',1),(52,'VIEW','2025-06-26 04:55:05.241874','{\"message\": \"Updated patient details RENZ\", \"patient_id\": 1, \"patient_name\": \"Marwan D. Terrorist\", \"updated_fields\": []}',1),(53,'VIEW','2025-06-26 04:55:05.296430','{\"message\": \"Updated patient details RENZ\", \"patient_id\": 1, \"patient_name\": \"Marwan D. Terrorist\", \"updated_fields\": []}',1),(54,'VIEW','2025-06-26 04:55:11.765226','{\"query\": \"mar\", \"message\": \"Searched a patient:\"}',1),(55,'VIEW','2025-06-26 04:55:11.789910','{\"query\": \"mar\", \"message\": \"Searched a patient:\"}',1),(56,'VIEW','2025-06-26 04:55:13.292274','{\"message\": \"1Viewed patient details\", \"patient_id\": 1, \"patient_name\": \"Marwan D. Terrorist\"}',1),(57,'VIEW','2025-06-26 04:55:13.318533','{\"message\": \"1Viewed patient details\", \"patient_id\": 1, \"patient_name\": \"Marwan D. Terrorist\"}',1),(58,'VIEW','2025-06-26 04:55:13.332140','{\"message\": \"Viewed a patient image:\", \"patient_id\": 1, \"patient_name\": \"Marwan D. Terrorist\"}',1),(59,'VIEW','2025-06-26 04:55:13.379541','{\"message\": \"Viewed a patient image:\", \"patient_id\": 1, \"patient_name\": \"Marwan D. Terrorist\"}',1),(60,'UPDATE','2025-06-26 04:55:35.718617','{\"message\": \"Updated patient details\", \"patient_id\": 1, \"patient_name\": \"Marwan D. Terrorist\", \"updated_fields\": [\"has_philhealth\", \"case_number\", \"hospital_case_number\", \"has_hmo\", \"hmo\", \"name\", \"status\", \"type_of_admission\", \"admission_date\", \"current_condition\", \"date_of_birth\", \"birth_place\", \"gender\", \"age\", \"address\", \"occupation\", \"civil_status\", \"nationality\", \"religion\", \"ward_service\", \"bed_number\", \"attending_physician\", \"visit_type\", \"consultation_datetime\", \"referred_by\", \"next_consultation_date\", \"discharge_date\", \"total_days\", \"phone\", \"emergency_contact_name\", \"emergency_contact_phone\", \"height\", \"weight\", \"blood_pressure\", \"pulse_rate\", \"respiratory_rate\", \"temperature\", \"physical_examination\", \"main_complaint\", \"present_illness\", \"clinical_findings\", \"icd_code\", \"diagnosis\", \"treatment\", \"principal_diagnosis\", \"other_diagnosis\", \"principal_operation\", \"other_operation\", \"disposition\", \"result\", \"membership\", \"father_name\", \"father_address\", \"father_contact\", \"mother_name\", \"mother_address\", \"mother_contact\", \"spouse_name\", \"spouse_address\", \"spouse_contact\"]}',1),(61,'VIEW','2025-06-26 04:55:39.997719','{\"message\": \"Updated patient details RENZ\", \"patient_id\": 1, \"patient_name\": \"Marwan D. Terrorist\", \"updated_fields\": []}',1),(62,'VIEW','2025-06-26 04:55:40.074838','{\"message\": \"Updated patient details RENZ\", \"patient_id\": 1, \"patient_name\": \"Marwan D. Terrorist\", \"updated_fields\": []}',1),(63,'VIEW','2025-06-26 04:55:43.168259','{\"message\": \"Viewed a clinical note:\"}',1),(64,'VIEW','2025-06-26 04:55:43.205785','{\"message\": \"Viewed a clinical note:\"}',1),(65,'VIEW','2025-06-26 04:55:43.228237','{\"message\": \"Viewed a patient history:\", \"patient_id\": 1, \"patient_name\": \"Marwan D. Terrorist\"}',1),(66,'VIEW','2025-06-26 04:55:43.266460','{\"message\": \"Viewed a patient history:\", \"patient_id\": 1, \"patient_name\": \"Marwan D. Terrorist\"}',1),(67,'VIEW','2025-06-26 04:55:45.603840','{\"message\": \"Viewed a patient image:\", \"patient_id\": 1, \"patient_name\": \"Marwan D. Terrorist\"}',1),(68,'VIEW','2025-06-26 04:55:45.630002','{\"message\": \"Viewed a patient image:\", \"patient_id\": 1, \"patient_name\": \"Marwan D. Terrorist\"}',1),(69,'VIEW','2025-06-26 04:59:02.676007','{\"message\": \"Viewed a clinical note:\"}',1),(70,'VIEW','2025-06-26 04:59:02.738010','{\"message\": \"Viewed a clinical note:\"}',1),(71,'VIEW','2025-06-26 04:59:02.781548','{\"message\": \"Viewed a patient history:\", \"patient_id\": 1, \"patient_name\": \"Marwan D. Terrorist\"}',1),(72,'VIEW','2025-06-26 04:59:02.818548','{\"message\": \"Viewed a patient history:\", \"patient_id\": 1, \"patient_name\": \"Marwan D. Terrorist\"}',1),(73,'VIEW','2025-06-26 04:59:04.723561','{\"message\": \"Viewed a patient image:\", \"patient_id\": 1, \"patient_name\": \"Marwan D. Terrorist\"}',1),(74,'VIEW','2025-06-26 04:59:04.755749','{\"message\": \"Viewed a patient image:\", \"patient_id\": 1, \"patient_name\": \"Marwan D. Terrorist\"}',1),(75,'VIEW','2025-06-26 05:00:45.345189','{\"message\": \"Viewed a clinical note:\"}',1),(76,'VIEW','2025-06-26 05:00:45.383837','{\"message\": \"Viewed a clinical note:\"}',1),(77,'VIEW','2025-06-26 05:00:45.405715','{\"message\": \"Viewed a patient history:\", \"patient_id\": 1, \"patient_name\": \"Marwan D. Terrorist\"}',1),(78,'VIEW','2025-06-26 05:00:45.440496','{\"message\": \"Viewed a patient history:\", \"patient_id\": 1, \"patient_name\": \"Marwan D. Terrorist\"}',1),(79,'VIEW','2025-06-26 05:01:08.067500','{\"message\": \"Viewed a patient image:\", \"patient_id\": 1, \"patient_name\": \"Marwan D. Terrorist\"}',1),(80,'VIEW','2025-06-26 05:01:08.101313','{\"message\": \"Viewed a patient image:\", \"patient_id\": 1, \"patient_name\": \"Marwan D. Terrorist\"}',1),(81,'VIEW','2025-06-26 05:01:23.147726','{\"message\": \"Updated patient details RENZ\", \"patient_id\": 1, \"patient_name\": \"Marwan D. Terrorist\", \"updated_fields\": []}',1),(82,'VIEW','2025-06-26 05:01:23.217067','{\"message\": \"Updated patient details RENZ\", \"patient_id\": 1, \"patient_name\": \"Marwan D. Terrorist\", \"updated_fields\": []}',1),(83,'VIEW','2025-06-26 05:01:29.941511','{\"message\": \"1Viewed patient details\", \"patient_id\": 1, \"patient_name\": \"Marwan D. Terrorist\"}',1),(84,'VIEW','2025-06-26 05:01:29.977523','{\"message\": \"1Viewed patient details\", \"patient_id\": 1, \"patient_name\": \"Marwan D. Terrorist\"}',1),(85,'VIEW','2025-06-26 05:01:29.990045','{\"message\": \"Viewed a patient image:\", \"patient_id\": 1, \"patient_name\": \"Marwan D. Terrorist\"}',1),(86,'VIEW','2025-06-26 05:01:30.021044','{\"message\": \"Viewed a patient image:\", \"patient_id\": 1, \"patient_name\": \"Marwan D. Terrorist\"}',1),(87,'VIEW','2025-06-26 05:01:39.745949','{\"query\": \"mar\", \"message\": \"Searched a patient:\"}',1),(88,'VIEW','2025-06-26 05:01:39.781959','{\"query\": \"mar\", \"message\": \"Searched a patient:\"}',1),(89,'VIEW','2025-06-26 05:01:41.430519','{\"query\": \"J35YT\", \"message\": \"Searched a patient:\"}',1),(90,'VIEW','2025-06-26 05:01:41.459622','{\"query\": \"J35YT\", \"message\": \"Searched a patient:\"}',1),(91,'VIEW','2025-06-26 05:01:43.202730','{\"message\": \"1Viewed patient details\", \"patient_id\": 1, \"patient_name\": \"Marwan D. Terrorist\"}',1),(92,'VIEW','2025-06-26 05:01:43.229735','{\"message\": \"1Viewed patient details\", \"patient_id\": 1, \"patient_name\": \"Marwan D. Terrorist\"}',1),(93,'VIEW','2025-06-26 05:01:43.241733','{\"message\": \"Viewed a patient image:\", \"patient_id\": 1, \"patient_name\": \"Marwan D. Terrorist\"}',1),(94,'VIEW','2025-06-26 05:01:43.262733','{\"message\": \"Viewed a patient image:\", \"patient_id\": 1, \"patient_name\": \"Marwan D. Terrorist\"}',1),(95,'UPDATE','2025-06-26 05:01:59.444890','{\"message\": \"Updated patient details\", \"patient_id\": 1, \"patient_name\": \"Marwan D. Terrorist\", \"updated_fields\": [\"has_philhealth\", \"case_number\", \"hospital_case_number\", \"has_hmo\", \"hmo\", \"name\", \"status\", \"admission_date\", \"current_condition\", \"date_of_birth\", \"address\", \"occupation\", \"civil_status\", \"nationality\", \"religion\", \"attending_physician\", \"visit_type\", \"consultation_datetime\", \"referred_by\", \"next_consultation_date\", \"discharge_date\", \"phone\", \"emergency_contact_name\", \"emergency_contact_phone\", \"is_active\", \"notes\", \"age\", \"gender\", \"diagnosed_by\", \"height\", \"weight\", \"blood_pressure\", \"pulse_rate\", \"respiratory_rate\", \"temperature\", \"physical_examination\", \"main_complaint\", \"present_illness\", \"clinical_findings\", \"icd_code\", \"diagnosis\", \"treatment\"]}',1),(96,'VIEW','2025-06-26 05:02:10.960942','{\"message\": \"Updated patient details RENZ\", \"patient_id\": 1, \"patient_name\": \"Marwan D. Terrorist\", \"updated_fields\": []}',1),(97,'VIEW','2025-06-26 05:02:11.028985','{\"message\": \"Updated patient details RENZ\", \"patient_id\": 1, \"patient_name\": \"Marwan D. Terrorist\", \"updated_fields\": []}',1),(98,'VIEW','2025-06-26 05:02:15.646462','{\"message\": \"Viewed a clinical note:\"}',1),(99,'VIEW','2025-06-26 05:02:15.678352','{\"message\": \"Viewed a clinical note:\"}',1),(100,'VIEW','2025-06-26 05:02:15.695500','{\"message\": \"Viewed a patient history:\", \"patient_id\": 1, \"patient_name\": \"Marwan D. Terrorist\"}',1),(101,'VIEW','2025-06-26 05:02:15.731306','{\"message\": \"Viewed a patient history:\", \"patient_id\": 1, \"patient_name\": \"Marwan D. Terrorist\"}',1),(102,'CREATE','2025-06-26 05:11:11.171629','{\"message\": \"Uploaded a user image:\"}',1),(103,'CREATE','2025-06-26 05:13:26.342482','{\"message\": \"Uploaded a user image:\"}',1),(104,'CREATE','2025-06-26 05:16:51.903252','{\"message\": \"Uploaded a user image:\"}',1),(105,'CREATE','2025-06-26 05:21:10.319181','{\"message\": \"Uploaded a user image:\"}',1),(106,'CREATE','2025-06-26 05:35:40.612877','{\"message\": \"Uploaded a user image:\"}',1),(107,'CREATE','2025-06-26 05:46:16.913728','{\"message\": \"Uploaded a user image:\"}',1),(108,'VIEW','2025-06-26 05:51:27.818032','{\"message\": \"Updated patient details RENZ\", \"patient_id\": 1, \"patient_name\": \"Marwan D. Terrorist\", \"updated_fields\": []}',1),(109,'VIEW','2025-06-26 05:51:27.924407','{\"message\": \"Updated patient details RENZ\", \"patient_id\": 1, \"patient_name\": \"Marwan D. Terrorist\", \"updated_fields\": []}',1),(110,'VIEW','2025-06-26 05:51:32.375579','{\"message\": \"Viewed a clinical note:\"}',1),(111,'VIEW','2025-06-26 05:51:32.415714','{\"message\": \"Viewed a clinical note:\"}',1),(112,'VIEW','2025-06-26 05:51:32.423791','{\"message\": \"Viewed a patient history:\", \"patient_id\": 1, \"patient_name\": \"Marwan D. Terrorist\"}',1),(113,'VIEW','2025-06-26 05:51:32.469796','{\"message\": \"Viewed a patient history:\", \"patient_id\": 1, \"patient_name\": \"Marwan D. Terrorist\"}',1),(114,'CREATE','2025-06-26 05:51:54.596230','{\"message\": \"Created a clinical note:\", \"patient_id\": 1, \"patient_name\": \"Marwan D. Terrorist\"}',1),(115,'VIEW','2025-06-26 05:51:57.286536','{\"message\": \"Viewed a clinical note:\"}',1),(116,'VIEW','2025-06-26 05:51:57.395585','{\"message\": \"Viewed a clinical note:\"}',1),(117,'VIEW','2025-06-26 05:51:57.396596','{\"message\": \"Viewed a patient history:\", \"patient_id\": 1, \"patient_name\": \"Marwan D. Terrorist\"}',1),(118,'VIEW','2025-06-26 05:51:57.456803','{\"message\": \"Viewed a patient history:\", \"patient_id\": 1, \"patient_name\": \"Marwan D. Terrorist\"}',1),(119,'CREATE','2025-06-26 05:52:34.521220','{\"message\": \"Created a clinical note:\", \"patient_id\": 1, \"patient_name\": \"Marwan D. Terrorist\"}',1),(120,'VIEW','2025-06-26 05:52:37.537107','{\"message\": \"Viewed a clinical note:\"}',1),(121,'VIEW','2025-06-26 05:52:37.714310','{\"message\": \"Viewed a patient history:\", \"patient_id\": 1, \"patient_name\": \"Marwan D. Terrorist\"}',1),(122,'VIEW','2025-06-26 05:52:37.727839','{\"message\": \"Viewed a clinical note:\"}',1),(123,'VIEW','2025-06-26 05:52:37.800282','{\"message\": \"Viewed a patient history:\", \"patient_id\": 1, \"patient_name\": \"Marwan D. Terrorist\"}',1),(124,'VIEW','2025-06-26 05:54:35.572592','{\"message\": \"Viewed a patient image:\", \"patient_id\": 1, \"patient_name\": \"Marwan D. Terrorist\"}',1),(125,'VIEW','2025-06-26 05:54:35.778722','{\"message\": \"Viewed a patient image:\", \"patient_id\": 1, \"patient_name\": \"Marwan D. Terrorist\"}',1),(126,'VIEW','2025-06-26 05:55:05.186119','{\"message\": \"Viewed a patient image:\", \"patient_id\": 1, \"patient_name\": \"Marwan D. Terrorist\"}',1),(127,'VIEW','2025-06-26 05:55:05.227636','{\"message\": \"Viewed a patient image:\", \"patient_id\": 1, \"patient_name\": \"Marwan D. Terrorist\"}',1),(128,'VIEW','2025-06-26 05:55:17.133249','{\"message\": \"Viewed a clinical note:\"}',1),(129,'VIEW','2025-06-26 05:55:17.249669','{\"message\": \"Viewed a clinical note:\"}',1),(130,'VIEW','2025-06-26 05:55:17.258112','{\"message\": \"Viewed a patient history:\", \"patient_id\": 1, \"patient_name\": \"Marwan D. Terrorist\"}',1),(131,'VIEW','2025-06-26 05:55:17.326243','{\"message\": \"Viewed a patient history:\", \"patient_id\": 1, \"patient_name\": \"Marwan D. Terrorist\"}',1),(132,'VIEW','2025-06-26 05:55:24.837480','{\"message\": \"Viewed a laboratory:\"}',1),(133,'VIEW','2025-06-26 05:55:24.898784','{\"message\": \"Viewed a laboratory:\"}',1),(134,'VIEW','2025-06-26 05:56:19.017926','{\"query\": \"mar\", \"message\": \"Searched a patient:\"}',1),(135,'VIEW','2025-06-26 05:56:20.554784','{\"query\": \"Marwan D. Terrorist\", \"message\": \"Searched a patient:\"}',1),(136,'VIEW','2025-06-26 05:56:35.991110','{\"message\": \"Viewed a laboratory:\"}',1),(137,'VIEW','2025-06-26 05:56:36.045160','{\"message\": \"Viewed a laboratory:\"}',1),(138,'CREATE','2025-06-26 05:57:21.292419','{\"message\": \"Created a laboratory file:\"}',1),(139,'CREATE','2025-06-26 05:57:21.377841','{\"message\": \"Created a laboratory file:\"}',1),(140,'VIEW','2025-06-26 05:57:22.672024','{\"message\": \"Viewed a laboratory:\"}',1),(141,'VIEW','2025-06-26 05:57:26.943350','{\"message\": \"Viewed a laboratory:\"}',1),(142,'VIEW','2025-06-26 05:57:27.070720','{\"message\": \"Viewed a laboratory:\"}',1),(143,'VIEW','2025-06-26 06:03:32.020491','{\"message\": \"Viewed a laboratory:\"}',1),(144,'VIEW','2025-06-26 06:03:32.105943','{\"message\": \"Viewed a laboratory:\"}',1),(145,'VIEW','2025-06-26 06:04:04.266701','{\"message\": \"Viewed a laboratory:\"}',1),(146,'VIEW','2025-06-26 06:04:04.345754','{\"message\": \"Viewed a laboratory:\"}',1),(147,'VIEW','2025-06-26 06:04:09.676642','{\"message\": \"Viewed a laboratory:\"}',1),(148,'VIEW','2025-06-26 06:04:09.763232','{\"message\": \"Viewed a laboratory:\"}',1),(149,'VIEW','2025-06-26 06:14:06.681767','{\"message\": \"Viewed a laboratory:\"}',1),(150,'VIEW','2025-06-26 06:14:06.802179','{\"message\": \"Viewed a laboratory:\"}',1),(151,'VIEW','2025-06-26 06:18:01.383143','{\"query\": \"ma\", \"message\": \"Searched a patient:\"}',1),(152,'CREATE','2025-06-26 06:19:00.236406','{\"message\": \"Created a new billing: 1\"}',1),(153,'VIEW','2025-06-26 06:19:02.601774','{\"query\": \"j\", \"message\": \"Searched a billing:\"}',1),(154,'VIEW','2025-06-26 06:19:02.707349','{\"query\": \"j\", \"message\": \"Searched a billing:\"}',1),(155,'VIEW','2025-06-26 06:19:02.777818','{\"query\": \"j\", \"message\": \"Searched a billing:\"}',1),(156,'VIEW','2025-06-26 06:19:02.848961','{\"query\": \"j\", \"message\": \"Searched a billing:\"}',1),(157,'VIEW','2025-06-26 06:19:03.323244','{\"message\": \"Viewed bills:\"}',1),(158,'VIEW','2025-06-26 06:19:03.451330','{\"query\": \"j\", \"message\": \"Searched a billing:\"}',1),(159,'VIEW','2025-06-26 06:19:03.516371','{\"query\": \"j\", \"message\": \"Searched a billing:\"}',1),(160,'VIEW','2025-06-26 06:19:09.413444','{\"message\": \"Viewed bills:\"}',1),(161,'VIEW','2025-06-26 06:19:09.474531','{\"message\": \"Viewed bills:\"}',1),(162,'VIEW','2025-06-26 06:22:15.760019','{\"message\": \"Viewed bills:\"}',1),(163,'VIEW','2025-06-26 06:22:15.863274','{\"message\": \"Viewed bills:\"}',1),(164,'VIEW','2025-06-26 06:24:22.452385','{\"message\": \"Updated patient details RENZ\", \"patient_id\": 1, \"patient_name\": \"Marwan D. Terrorist\", \"updated_fields\": []}',1),(165,'VIEW','2025-06-26 06:24:22.561925','{\"message\": \"Updated patient details RENZ\", \"patient_id\": 1, \"patient_name\": \"Marwan D. Terrorist\", \"updated_fields\": []}',1),(166,'VIEW','2025-06-26 06:24:24.602797','{\"message\": \"Viewed a clinical note:\"}',1),(167,'VIEW','2025-06-26 06:24:24.656099','{\"message\": \"Viewed a clinical note:\"}',1),(168,'VIEW','2025-06-26 06:24:24.666097','{\"message\": \"Viewed a patient history:\", \"patient_id\": 1, \"patient_name\": \"Marwan D. Terrorist\"}',1),(169,'VIEW','2025-06-26 06:24:24.719482','{\"message\": \"Viewed a patient history:\", \"patient_id\": 1, \"patient_name\": \"Marwan D. Terrorist\"}',1),(170,'VIEW','2025-06-26 06:24:27.100336','{\"message\": \"Viewed a patient image:\", \"patient_id\": 1, \"patient_name\": \"Marwan D. Terrorist\"}',1),(171,'VIEW','2025-06-26 06:24:27.137429','{\"message\": \"Viewed a patient image:\", \"patient_id\": 1, \"patient_name\": \"Marwan D. Terrorist\"}',1),(172,'VIEW','2025-06-26 17:09:26.015966','{\"query\": \"james\", \"message\": \"Searched a patient:\"}',1),(173,'VIEW','2025-06-26 17:09:28.156230','{\"query\": \"marw\", \"message\": \"Searched a patient:\"}',1),(174,'VIEW','2025-06-26 17:09:29.402674','{\"message\": \"Updated patient details RENZ\", \"patient_id\": 1, \"patient_name\": \"Marwan D. Terrorist\", \"updated_fields\": []}',1),(175,'VIEW','2025-06-26 17:09:29.566687','{\"message\": \"Updated patient details RENZ\", \"patient_id\": 1, \"patient_name\": \"Marwan D. Terrorist\", \"updated_fields\": []}',1),(176,'VIEW','2025-06-26 17:09:42.066859','{\"message\": \"Updated patient details RENZ\", \"patient_id\": 1, \"patient_name\": \"Marwan D. Terrorist\", \"updated_fields\": []}',1),(177,'VIEW','2025-06-26 17:09:42.174731','{\"message\": \"Updated patient details RENZ\", \"patient_id\": 1, \"patient_name\": \"Marwan D. Terrorist\", \"updated_fields\": []}',1),(178,'VIEW','2025-06-26 17:11:42.200745','{\"query\": \"cla\", \"message\": \"Searched a user:\"}',1),(179,'VIEW','2025-06-26 17:11:46.625420','{\"query\": \"lan\", \"message\": \"Searched a user:\"}',1),(180,'VIEW','2025-06-26 17:11:49.802384','{\"query\": \"69\", \"message\": \"Searched a user:\"}',1),(181,'VIEW','2025-06-26 17:11:54.679601','{\"query\": \"2025\", \"message\": \"Searched a user:\"}',1),(182,'VIEW','2025-06-26 17:11:56.615031','{\"query\": \"2\", \"message\": \"Searched a user:\"}',1),(183,'VIEW','2025-06-26 17:36:06.221095','{\"query\": \"j\", \"message\": \"Searched a patient:\"}',1),(184,'VIEW','2025-06-26 17:40:28.261127','{\"message\": \"Updated patient details RENZ\", \"patient_id\": 1, \"patient_name\": \"Marwan D. Terrorist\", \"updated_fields\": []}',1),(185,'VIEW','2025-06-26 17:40:28.381132','{\"message\": \"Updated patient details RENZ\", \"patient_id\": 1, \"patient_name\": \"Marwan D. Terrorist\", \"updated_fields\": []}',1),(186,'VIEW','2025-06-26 17:40:36.655028','{\"message\": \"Updated patient details RENZ\", \"patient_id\": 5, \"patient_name\": \"Miguel Santos\", \"updated_fields\": []}',1),(187,'VIEW','2025-06-26 17:40:36.695027','{\"message\": \"Updated patient details RENZ\", \"patient_id\": 5, \"patient_name\": \"Miguel Santos\", \"updated_fields\": []}',1),(188,'VIEW','2025-06-26 18:47:26.455439','{\"query\": \"luis\", \"message\": \"Searched a patient:\"}',1),(189,'VIEW','2025-06-26 19:13:31.740338','{\"query\": \"lui\", \"message\": \"Searched a patient:\"}',1),(190,'VIEW','2025-06-26 19:13:31.787662','{\"query\": \"lui\", \"message\": \"Searched a patient:\"}',1),(191,'VIEW','2025-06-26 19:13:34.462040','{\"query\": \"5RQHC\", \"message\": \"Searched a patient:\"}',1),(192,'VIEW','2025-06-26 19:13:34.524310','{\"query\": \"5RQHC\", \"message\": \"Searched a patient:\"}',1),(193,'VIEW','2025-06-26 19:13:36.693557','{\"message\": \"1Viewed patient details\", \"patient_id\": 6, \"patient_name\": \"Luis Cruz\"}',1),(194,'VIEW','2025-06-26 19:13:36.750768','{\"message\": \"1Viewed patient details\", \"patient_id\": 6, \"patient_name\": \"Luis Cruz\"}',1),(195,'VIEW','2025-06-26 19:13:36.775109','{\"message\": \"Viewed a patient image:\", \"patient_id\": 6, \"patient_name\": \"Luis Cruz\"}',1),(196,'VIEW','2025-06-26 19:13:36.821991','{\"message\": \"Viewed a patient image:\", \"patient_id\": 6, \"patient_name\": \"Luis Cruz\"}',1),(197,'UPDATE','2025-06-26 19:14:12.346645','{\"message\": \"Updated patient details\", \"patient_id\": 6, \"patient_name\": \"Luis Cruz\", \"updated_fields\": [\"has_philhealth\", \"case_number\", \"hospital_case_number\", \"has_hmo\", \"hmo\", \"name\", \"status\", \"type_of_admission\", \"admission_date\", \"current_condition\", \"date_of_birth\", \"birth_place\", \"gender\", \"age\", \"address\", \"occupation\", \"civil_status\", \"nationality\", \"religion\", \"ward_service\", \"bed_number\", \"attending_physician\", \"visit_type\", \"consultation_datetime\", \"referred_by\", \"next_consultation_date\", \"discharge_date\", \"total_days\", \"phone\", \"emergency_contact_name\", \"emergency_contact_phone\", \"height\", \"weight\", \"blood_pressure\", \"pulse_rate\", \"respiratory_rate\", \"temperature\", \"physical_examination\", \"main_complaint\", \"present_illness\", \"clinical_findings\", \"icd_code\", \"diagnosis\", \"treatment\", \"principal_diagnosis\", \"other_diagnosis\", \"principal_operation\", \"other_operation\", \"disposition\", \"result\", \"membership\", \"father_name\", \"father_address\", \"father_contact\", \"mother_name\", \"mother_address\", \"mother_contact\", \"spouse_name\", \"spouse_address\", \"spouse_contact\"]}',1),(198,'VIEW','2025-06-26 19:14:16.643664','{\"message\": \"Updated patient details RENZ\", \"patient_id\": 6, \"patient_name\": \"Luis Cruz\", \"updated_fields\": []}',1),(199,'VIEW','2025-06-26 19:14:16.784597','{\"message\": \"Updated patient details RENZ\", \"patient_id\": 6, \"patient_name\": \"Luis Cruz\", \"updated_fields\": []}',1),(200,'VIEW','2025-06-26 19:14:24.922123','{\"message\": \"Viewed a clinical note:\"}',1),(201,'VIEW','2025-06-26 19:14:25.037124','{\"message\": \"Viewed a clinical note:\"}',1),(202,'VIEW','2025-06-26 19:14:25.063767','{\"message\": \"Viewed a patient history:\", \"patient_id\": 6, \"patient_name\": \"Luis Cruz\"}',1),(203,'VIEW','2025-06-26 19:14:25.120593','{\"message\": \"Viewed a patient history:\", \"patient_id\": 6, \"patient_name\": \"Luis Cruz\"}',1),(204,'CREATE','2025-06-26 19:14:34.874030','{\"message\": \"Created a clinical note:\", \"patient_id\": 6, \"patient_name\": \"Luis Cruz\"}',1),(205,'CREATE','2025-06-26 19:14:46.446855','{\"message\": \"Created a clinical note:\", \"patient_id\": 6, \"patient_name\": \"Luis Cruz\"}',1),(206,'VIEW','2025-06-26 19:14:52.247234','{\"message\": \"Viewed a patient image:\", \"patient_id\": 6, \"patient_name\": \"Luis Cruz\"}',1),(207,'VIEW','2025-06-26 19:14:52.289144','{\"message\": \"Viewed a patient image:\", \"patient_id\": 6, \"patient_name\": \"Luis Cruz\"}',1),(208,'VIEW','2025-06-26 19:15:03.899083','{\"message\": \"Updated patient details RENZ\", \"patient_id\": 6, \"patient_name\": \"Luis Cruz\", \"updated_fields\": []}',1),(209,'VIEW','2025-06-26 19:15:04.019746','{\"message\": \"Updated patient details RENZ\", \"patient_id\": 6, \"patient_name\": \"Luis Cruz\", \"updated_fields\": []}',1),(210,'VIEW','2025-06-26 19:15:07.952894','{\"message\": \"Viewed a clinical note:\"}',1),(211,'VIEW','2025-06-26 19:15:08.015319','{\"message\": \"Viewed a clinical note:\"}',1),(212,'VIEW','2025-06-26 19:15:08.051395','{\"message\": \"Viewed a patient history:\", \"patient_id\": 6, \"patient_name\": \"Luis Cruz\"}',1),(213,'VIEW','2025-06-26 19:15:08.116042','{\"message\": \"Viewed a patient history:\", \"patient_id\": 6, \"patient_name\": \"Luis Cruz\"}',1),(214,'VIEW','2025-06-26 19:15:10.535809','{\"message\": \"Viewed a patient image:\", \"patient_id\": 6, \"patient_name\": \"Luis Cruz\"}',1),(215,'VIEW','2025-06-26 19:15:10.579292','{\"message\": \"Viewed a patient image:\", \"patient_id\": 6, \"patient_name\": \"Luis Cruz\"}',1),(216,'VIEW','2025-06-26 19:15:13.315472','{\"message\": \"Updated patient details RENZ\", \"patient_id\": 6, \"patient_name\": \"Luis Cruz\", \"updated_fields\": []}',1),(217,'VIEW','2025-06-26 19:15:13.448693','{\"message\": \"Updated patient details RENZ\", \"patient_id\": 6, \"patient_name\": \"Luis Cruz\", \"updated_fields\": []}',1),(218,'VIEW','2025-06-26 19:15:20.359530','{\"message\": \"Updated patient details RENZ\", \"patient_id\": 6, \"patient_name\": \"Luis Cruz\", \"updated_fields\": []}',1),(219,'VIEW','2025-06-26 19:15:20.476211','{\"message\": \"Updated patient details RENZ\", \"patient_id\": 6, \"patient_name\": \"Luis Cruz\", \"updated_fields\": []}',1),(220,'VIEW','2025-06-26 19:15:32.715193','{\"query\": \"luis\", \"message\": \"Searched a patient:\"}',1),(221,'VIEW','2025-06-26 19:15:32.769543','{\"query\": \"luis\", \"message\": \"Searched a patient:\"}',1),(222,'VIEW','2025-06-26 19:15:34.172713','{\"message\": \"1Viewed patient details\", \"patient_id\": 6, \"patient_name\": \"Luis Cruz\"}',1),(223,'VIEW','2025-06-26 19:15:34.214379','{\"message\": \"1Viewed patient details\", \"patient_id\": 6, \"patient_name\": \"Luis Cruz\"}',1),(224,'VIEW','2025-06-26 19:15:34.251223','{\"message\": \"Viewed a patient image:\", \"patient_id\": 6, \"patient_name\": \"Luis Cruz\"}',1),(225,'VIEW','2025-06-26 19:15:34.292619','{\"message\": \"Viewed a patient image:\", \"patient_id\": 6, \"patient_name\": \"Luis Cruz\"}',1),(226,'UPDATE','2025-06-26 19:15:42.447811','{\"message\": \"Updated patient details\", \"patient_id\": 6, \"patient_name\": \"Luis Cruz\", \"updated_fields\": [\"has_philhealth\", \"case_number\", \"hospital_case_number\", \"has_hmo\", \"hmo\", \"name\", \"status\", \"type_of_admission\", \"admission_date\", \"current_condition\", \"date_of_birth\", \"birth_place\", \"gender\", \"age\", \"address\", \"occupation\", \"civil_status\", \"nationality\", \"religion\", \"ward_service\", \"bed_number\", \"attending_physician\", \"visit_type\", \"consultation_datetime\", \"referred_by\", \"next_consultation_date\", \"discharge_date\", \"total_days\", \"phone\", \"emergency_contact_name\", \"emergency_contact_phone\", \"height\", \"weight\", \"blood_pressure\", \"pulse_rate\", \"respiratory_rate\", \"temperature\", \"physical_examination\", \"main_complaint\", \"present_illness\", \"clinical_findings\", \"icd_code\", \"diagnosis\", \"treatment\", \"principal_diagnosis\", \"other_diagnosis\", \"principal_operation\", \"other_operation\", \"disposition\", \"result\", \"membership\", \"father_name\", \"father_address\", \"father_contact\", \"mother_name\", \"mother_address\", \"mother_contact\", \"spouse_name\", \"spouse_address\", \"spouse_contact\"]}',1),(227,'VIEW','2025-06-26 19:16:07.439586','{\"message\": \"Updated patient details RENZ\", \"patient_id\": 6, \"patient_name\": \"Luis Cruz\", \"updated_fields\": []}',1),(228,'VIEW','2025-06-26 19:16:07.553649','{\"message\": \"Updated patient details RENZ\", \"patient_id\": 6, \"patient_name\": \"Luis Cruz\", \"updated_fields\": []}',1),(229,'VIEW','2025-06-26 19:16:09.149052','{\"message\": \"Viewed a clinical note:\"}',1),(230,'VIEW','2025-06-26 19:16:09.201690','{\"message\": \"Viewed a clinical note:\"}',1),(231,'VIEW','2025-06-26 19:16:09.224601','{\"message\": \"Viewed a patient history:\", \"patient_id\": 6, \"patient_name\": \"Luis Cruz\"}',1),(232,'VIEW','2025-06-26 19:16:09.293526','{\"message\": \"Viewed a patient history:\", \"patient_id\": 6, \"patient_name\": \"Luis Cruz\"}',1),(233,'VIEW','2025-06-26 19:16:11.705023','{\"message\": \"Viewed a patient image:\", \"patient_id\": 6, \"patient_name\": \"Luis Cruz\"}',1),(234,'VIEW','2025-06-26 19:16:11.735787','{\"message\": \"Viewed a patient image:\", \"patient_id\": 6, \"patient_name\": \"Luis Cruz\"}',1),(235,'VIEW','2025-06-26 19:17:22.388386','{\"message\": \"Viewed a clinical note:\"}',1),(236,'VIEW','2025-06-26 19:17:22.475348','{\"message\": \"Viewed a clinical note:\"}',1),(237,'VIEW','2025-06-26 19:17:22.577499','{\"message\": \"Viewed a patient history:\", \"patient_id\": 6, \"patient_name\": \"Luis Cruz\"}',1),(238,'VIEW','2025-06-26 19:17:22.632207','{\"message\": \"Viewed a patient history:\", \"patient_id\": 6, \"patient_name\": \"Luis Cruz\"}',1),(239,'VIEW','2025-06-26 19:26:48.990538','{\"message\": \"Updated patient details RENZ\", \"patient_id\": 6, \"patient_name\": \"Luis Cruz\", \"updated_fields\": []}',1),(240,'VIEW','2025-06-26 19:26:49.176050','{\"message\": \"Updated patient details RENZ\", \"patient_id\": 6, \"patient_name\": \"Luis Cruz\", \"updated_fields\": []}',1),(241,'VIEW','2025-06-26 19:26:52.835581','{\"message\": \"Viewed a clinical note:\"}',1),(242,'VIEW','2025-06-26 19:26:52.959946','{\"message\": \"Viewed a clinical note:\"}',1),(243,'VIEW','2025-06-26 19:26:52.985038','{\"message\": \"Viewed a patient history:\", \"patient_id\": 6, \"patient_name\": \"Luis Cruz\"}',1),(244,'VIEW','2025-06-26 19:26:53.057726','{\"message\": \"Viewed a patient history:\", \"patient_id\": 6, \"patient_name\": \"Luis Cruz\"}',1),(245,'VIEW','2025-06-26 19:26:54.841997','{\"message\": \"Viewed a patient image:\", \"patient_id\": 6, \"patient_name\": \"Luis Cruz\"}',1),(246,'VIEW','2025-06-26 19:26:54.896570','{\"message\": \"Viewed a patient image:\", \"patient_id\": 6, \"patient_name\": \"Luis Cruz\"}',1),(247,'VIEW','2025-06-26 19:29:54.361232','{\"message\": \"Viewed a clinical note:\"}',1),(248,'VIEW','2025-06-26 19:29:54.439522','{\"message\": \"Viewed a clinical note:\"}',1),(249,'VIEW','2025-06-26 19:29:54.500453','{\"message\": \"Viewed a patient history:\", \"patient_id\": 6, \"patient_name\": \"Luis Cruz\"}',1),(250,'VIEW','2025-06-26 19:29:54.589468','{\"message\": \"Viewed a patient history:\", \"patient_id\": 6, \"patient_name\": \"Luis Cruz\"}',1),(251,'VIEW','2025-06-26 19:29:57.400129','{\"message\": \"Viewed a patient image:\", \"patient_id\": 6, \"patient_name\": \"Luis Cruz\"}',1),(252,'VIEW','2025-06-26 19:29:57.432134','{\"message\": \"Viewed a patient image:\", \"patient_id\": 6, \"patient_name\": \"Luis Cruz\"}',1),(253,'VIEW','2025-06-26 19:34:53.815946','{\"message\": \"Viewed a clinical note:\"}',1),(254,'VIEW','2025-06-26 19:34:53.956995','{\"message\": \"Viewed a clinical note:\"}',1),(255,'VIEW','2025-06-26 19:34:54.000777','{\"message\": \"Viewed a patient history:\", \"patient_id\": 6, \"patient_name\": \"Luis Cruz\"}',1),(256,'VIEW','2025-06-26 19:34:54.119853','{\"message\": \"Viewed a patient history:\", \"patient_id\": 6, \"patient_name\": \"Luis Cruz\"}',1),(257,'VIEW','2025-06-26 19:34:55.747978','{\"message\": \"Updated patient details RENZ\", \"patient_id\": 6, \"patient_name\": \"Luis Cruz\", \"updated_fields\": []}',1),(258,'VIEW','2025-06-26 19:34:55.883339','{\"message\": \"Updated patient details RENZ\", \"patient_id\": 6, \"patient_name\": \"Luis Cruz\", \"updated_fields\": []}',1),(259,'VIEW','2025-06-26 19:34:59.481639','{\"message\": \"1Viewed patient details\", \"patient_id\": 6, \"patient_name\": \"Luis Cruz\"}',1),(260,'VIEW','2025-06-26 19:34:59.550481','{\"message\": \"1Viewed patient details\", \"patient_id\": 6, \"patient_name\": \"Luis Cruz\"}',1),(261,'VIEW','2025-06-26 19:34:59.566106','{\"message\": \"Viewed a patient image:\", \"patient_id\": 6, \"patient_name\": \"Luis Cruz\"}',1),(262,'VIEW','2025-06-26 19:34:59.616651','{\"message\": \"Viewed a patient image:\", \"patient_id\": 6, \"patient_name\": \"Luis Cruz\"}',1),(263,'UPDATE','2025-06-26 19:35:19.302834','{\"message\": \"Updated patient details\", \"patient_id\": 6, \"patient_name\": \"Luis Cruz\", \"updated_fields\": [\"has_philhealth\", \"case_number\", \"hospital_case_number\", \"has_hmo\", \"hmo\", \"name\", \"status\", \"type_of_admission\", \"admission_date\", \"current_condition\", \"date_of_birth\", \"birth_place\", \"gender\", \"age\", \"address\", \"occupation\", \"civil_status\", \"nationality\", \"religion\", \"ward_service\", \"bed_number\", \"attending_physician\", \"visit_type\", \"consultation_datetime\", \"referred_by\", \"next_consultation_date\", \"discharge_date\", \"total_days\", \"phone\", \"emergency_contact_name\", \"emergency_contact_phone\", \"height\", \"weight\", \"blood_pressure\", \"pulse_rate\", \"respiratory_rate\", \"temperature\", \"physical_examination\", \"main_complaint\", \"present_illness\", \"clinical_findings\", \"icd_code\", \"diagnosis\", \"treatment\", \"principal_diagnosis\", \"other_diagnosis\", \"principal_operation\", \"other_operation\", \"disposition\", \"result\", \"membership\", \"father_name\", \"father_address\", \"father_contact\", \"mother_name\", \"mother_address\", \"mother_contact\", \"spouse_name\", \"spouse_address\", \"spouse_contact\"]}',1),(264,'VIEW','2025-06-26 19:35:23.114493','{\"message\": \"Updated patient details RENZ\", \"patient_id\": 6, \"patient_name\": \"Luis Cruz\", \"updated_fields\": []}',1),(265,'VIEW','2025-06-26 19:35:23.239401','{\"message\": \"Updated patient details RENZ\", \"patient_id\": 6, \"patient_name\": \"Luis Cruz\", \"updated_fields\": []}',1),(266,'VIEW','2025-06-26 19:35:24.612698','{\"message\": \"Viewed a clinical note:\"}',1),(267,'VIEW','2025-06-26 19:35:24.754420','{\"message\": \"Viewed a clinical note:\"}',1),(268,'VIEW','2025-06-26 19:35:24.844013','{\"message\": \"Viewed a patient history:\", \"patient_id\": 6, \"patient_name\": \"Luis Cruz\"}',1),(269,'VIEW','2025-06-26 19:35:24.908470','{\"message\": \"Viewed a patient history:\", \"patient_id\": 6, \"patient_name\": \"Luis Cruz\"}',1),(270,'VIEW','2025-06-26 19:35:27.036966','{\"message\": \"Viewed a patient image:\", \"patient_id\": 6, \"patient_name\": \"Luis Cruz\"}',1),(271,'VIEW','2025-06-26 19:35:27.104783','{\"message\": \"Viewed a patient image:\", \"patient_id\": 6, \"patient_name\": \"Luis Cruz\"}',1),(272,'VIEW','2025-06-26 19:35:47.577019','{\"message\": \"Updated patient details RENZ\", \"patient_id\": 6, \"patient_name\": \"Luis Cruz\", \"updated_fields\": []}',1),(273,'VIEW','2025-06-26 19:35:47.765694','{\"message\": \"Updated patient details RENZ\", \"patient_id\": 6, \"patient_name\": \"Luis Cruz\", \"updated_fields\": []}',1),(274,'VIEW','2025-06-26 19:35:52.295462','{\"message\": \"Viewed a clinical note:\"}',1),(275,'VIEW','2025-06-26 19:35:52.343116','{\"message\": \"Viewed a clinical note:\"}',1),(276,'VIEW','2025-06-26 19:35:52.346115','{\"message\": \"Viewed a patient history:\", \"patient_id\": 6, \"patient_name\": \"Luis Cruz\"}',1),(277,'VIEW','2025-06-26 19:35:52.403799','{\"message\": \"Viewed a patient history:\", \"patient_id\": 6, \"patient_name\": \"Luis Cruz\"}',1),(278,'VIEW','2025-06-26 19:36:07.795536','{\"query\": \"luis\", \"message\": \"Searched a patient:\"}',1),(279,'VIEW','2025-06-26 19:36:09.317383','{\"query\": \"Luis Cruz\", \"message\": \"Searched a patient:\"}',1),(280,'VIEW','2025-06-26 19:36:18.117241','{\"message\": \"Viewed a laboratory:\"}',1),(281,'VIEW','2025-06-26 19:36:18.217430','{\"message\": \"Viewed a laboratory:\"}',1),(282,'VIEW','2025-06-26 19:36:21.647808','{\"message\": \"Viewed a laboratory:\"}',1),(283,'VIEW','2025-06-26 19:36:21.716627','{\"message\": \"Viewed a laboratory:\"}',1),(284,'CREATE','2025-06-26 19:37:08.542809','{\"message\": \"Created a laboratory file:\"}',1),(285,'VIEW','2025-06-26 19:37:09.598387','{\"message\": \"Viewed a laboratory:\"}',1),(286,'VIEW','2025-06-26 19:37:21.533419','{\"message\": \"Viewed a laboratory result:\"}',1),(287,'VIEW','2025-06-26 19:37:23.857440','{\"message\": \"Viewed a laboratory result:\"}',1),(288,'VIEW','2025-06-26 19:37:25.938773','{\"message\": \"Viewed a laboratory:\"}',1),(289,'VIEW','2025-06-26 19:37:26.924146','{\"message\": \"Viewed a laboratory result:\"}',1),(290,'VIEW','2025-06-27 01:34:14.000986','{\"message\": \"Viewed bed assignment list:\"}',1),(291,'VIEW','2025-06-27 01:34:14.075293','{\"message\": \"Viewed bed assignment list:\"}',1),(292,'VIEW','2025-06-27 01:34:15.603477','{\"message\": \"Viewed bed assignment list:\"}',1),(293,'VIEW','2025-06-27 01:34:20.572706','{\"query\": \"s\", \"message\": \"Searched a billing:\"}',1),(294,'VIEW','2025-06-27 01:34:24.004868','{\"query\": \"PA9SPUNQ\", \"message\": \"Searched a billing:\"}',1),(295,'VIEW','2025-06-27 01:41:34.293627','{\"query\": \"lu\", \"message\": \"Searched a patient:\"}',1),(296,'CREATE','2025-06-27 01:41:35.988482','{\"message\": \"Created a new billing: 2\"}',1),(297,'VIEW','2025-06-27 01:41:37.409210','{\"query\": \"l\", \"message\": \"Searched a billing:\"}',1),(298,'VIEW','2025-06-27 01:41:37.463550','{\"query\": \"l\", \"message\": \"Searched a billing:\"}',1),(299,'VIEW','2025-06-27 01:41:37.487336','{\"query\": \"l\", \"message\": \"Searched a billing:\"}',1),(300,'VIEW','2025-06-27 01:41:37.533816','{\"query\": \"l\", \"message\": \"Searched a billing:\"}',1),(301,'VIEW','2025-06-27 01:41:38.676178','{\"message\": \"Viewed bills:\"}',1),(302,'VIEW','2025-06-27 01:41:38.777613','{\"query\": \"l\", \"message\": \"Searched a billing:\"}',1),(303,'VIEW','2025-06-27 01:41:38.810519','{\"query\": \"l\", \"message\": \"Searched a billing:\"}',1),(304,'VIEW','2025-06-27 01:41:40.705231','{\"message\": \"Viewed bills:\"}',1),(305,'VIEW','2025-06-27 01:41:40.755210','{\"message\": \"Viewed bills:\"}',1),(306,'VIEW','2025-06-27 01:41:49.486645','{\"message\": \"Viewed bills:\"}',1),(307,'VIEW','2025-06-27 01:42:08.559377','{\"message\": \"Viewed bills:\"}',1),(308,'VIEW','2025-06-27 01:42:19.552837','{\"query\": \"N4YVBRW3\", \"message\": \"Searched a billing:\"}',1),(309,'VIEW','2025-06-27 01:42:21.336517','{\"message\": \"Viewed room bed list:\"}',1),(310,'VIEW','2025-06-27 01:42:21.373419','{\"message\": \"Viewed room bed list:\"}',1),(311,'VIEW','2025-06-27 02:03:18.242014','{\"query\": \"luis\", \"message\": \"Searched a billing:\"}',1),(312,'VIEW','2025-06-27 02:03:20.099586','{\"query\": \"N4YVBRW3\", \"message\": \"Searched a billing:\"}',1),(313,'VIEW','2025-06-27 02:03:21.738033','{\"message\": \"Viewed room bed list:\"}',1),(314,'VIEW','2025-06-27 02:03:21.761285','{\"message\": \"Viewed room bed list:\"}',1),(315,'VIEW','2025-06-27 02:03:29.516313','{\"message\": \"Viewed bills:\"}',1),(316,'CREATE','2025-06-27 02:03:31.612671','{\"message\": \"Assigned a bed:\", \"patient_id\": 6, \"patient_name\": \"Luis Cruz\"}',1),(317,'VIEW','2025-06-27 02:03:31.680380','{\"message\": \"Viewed bed assignment list:\"}',1),(318,'VIEW','2025-06-27 02:03:31.717213','{\"message\": \"Viewed bed assignment list:\"}',1),(319,'VIEW','2025-06-27 02:03:37.885510','{\"message\": \"Viewed bed assignment list:\"}',1),(320,'VIEW','2025-06-27 02:03:37.931554','{\"message\": \"Viewed bed assignment list:\"}',1),(321,'VIEW','2025-06-27 02:04:44.586928','{\"message\": \"Viewed bed assignment list:\"}',1),(322,'VIEW','2025-06-27 02:04:44.641098','{\"message\": \"Viewed bed assignment list:\"}',1),(323,'VIEW','2025-06-27 02:04:48.849921','{\"message\": \"Viewed bed assignment list:\"}',1),(324,'VIEW','2025-06-27 02:04:48.878697','{\"message\": \"Viewed bed assignment list:\"}',1),(325,'UPDATE','2025-06-27 02:04:50.977786','{\"message\": \"Discharged a patient:\", \"patient_id\": 6, \"patient_name\": \"Luis Cruz\"}',1),(326,'VIEW','2025-06-27 02:04:51.016192','{\"message\": \"Viewed bed assignment list:\"}',1),(327,'VIEW','2025-06-27 02:04:54.192474','{\"message\": \"Viewed bills:\"}',1),(328,'VIEW','2025-06-27 02:04:54.273870','{\"message\": \"Viewed bills:\"}',1),(329,'VIEW','2025-06-27 02:26:18.901755','{\"message\": \"Viewed bills:\"}',1),(330,'VIEW','2025-06-27 02:26:19.088838','{\"message\": \"Viewed bills:\"}',1),(331,'VIEW','2025-06-27 02:49:07.814265','{\"message\": \"Viewed bills:\"}',1),(332,'VIEW','2025-06-27 02:49:07.985433','{\"message\": \"Viewed bills:\"}',1),(333,'VIEW','2025-06-27 03:13:06.924051','{\"message\": \"Viewed bills:\"}',1),(334,'VIEW','2025-06-27 03:13:07.143782','{\"message\": \"Viewed bills:\"}',1),(335,'VIEW','2025-06-27 03:18:29.159268','{\"query\": \"luis\", \"message\": \"Searched a patient:\"}',1),(336,'VIEW','2025-06-27 03:18:29.872230','{\"message\": \"Updated patient details RENZ\", \"patient_id\": 6, \"patient_name\": \"Luis Cruz\", \"updated_fields\": []}',1),(337,'VIEW','2025-06-27 03:18:30.023353','{\"message\": \"Updated patient details RENZ\", \"patient_id\": 6, \"patient_name\": \"Luis Cruz\", \"updated_fields\": []}',1),(338,'VIEW','2025-06-27 03:18:41.840128','{\"query\": \"luis\", \"message\": \"Searched a patient:\"}',1),(339,'VIEW','2025-06-27 03:18:41.866500','{\"query\": \"luis\", \"message\": \"Searched a patient:\"}',1),(340,'VIEW','2025-06-27 03:18:43.004645','{\"message\": \"1Viewed patient details\", \"patient_id\": 6, \"patient_name\": \"Luis Cruz\"}',1),(341,'VIEW','2025-06-27 03:18:43.042789','{\"message\": \"1Viewed patient details\", \"patient_id\": 6, \"patient_name\": \"Luis Cruz\"}',1),(342,'VIEW','2025-06-27 03:18:43.059776','{\"message\": \"Viewed a patient image:\", \"patient_id\": 6, \"patient_name\": \"Luis Cruz\"}',1),(343,'VIEW','2025-06-27 03:18:43.090721','{\"message\": \"Viewed a patient image:\", \"patient_id\": 6, \"patient_name\": \"Luis Cruz\"}',1),(344,'UPDATE','2025-06-27 03:18:59.224335','{\"message\": \"Updated patient details\", \"patient_id\": 6, \"patient_name\": \"Luis Cruz\", \"updated_fields\": [\"has_philhealth\", \"case_number\", \"hospital_case_number\", \"has_hmo\", \"hmo\", \"name\", \"status\", \"type_of_admission\", \"admission_date\", \"current_condition\", \"date_of_birth\", \"birth_place\", \"gender\", \"age\", \"address\", \"occupation\", \"civil_status\", \"nationality\", \"religion\", \"ward_service\", \"bed_number\", \"attending_physician\", \"visit_type\", \"consultation_datetime\", \"referred_by\", \"next_consultation_date\", \"discharge_date\", \"total_days\", \"phone\", \"emergency_contact_name\", \"emergency_contact_phone\", \"height\", \"weight\", \"blood_pressure\", \"pulse_rate\", \"respiratory_rate\", \"temperature\", \"physical_examination\", \"main_complaint\", \"present_illness\", \"clinical_findings\", \"icd_code\", \"diagnosis\", \"treatment\", \"principal_diagnosis\", \"other_diagnosis\", \"principal_operation\", \"other_operation\", \"disposition\", \"result\", \"membership\", \"father_name\", \"father_address\", \"father_contact\", \"mother_name\", \"mother_address\", \"mother_contact\", \"spouse_name\", \"spouse_address\", \"spouse_contact\"]}',1),(345,'VIEW','2025-06-27 03:19:02.931417','{\"message\": \"Viewed bed assignment list:\"}',1),(346,'VIEW','2025-06-27 03:19:02.986429','{\"message\": \"Viewed bed assignment list:\"}',1),(347,'VIEW','2025-06-27 03:19:06.128074','{\"query\": \"luis\", \"message\": \"Searched a billing:\"}',1),(348,'VIEW','2025-06-27 03:19:08.125069','{\"query\": \"N4YVBRW3\", \"message\": \"Searched a billing:\"}',1),(349,'VIEW','2025-06-27 03:19:09.097402','{\"message\": \"Viewed room bed list:\"}',1),(350,'VIEW','2025-06-27 03:19:09.127921','{\"message\": \"Viewed room bed list:\"}',1),(351,'VIEW','2025-06-27 03:19:13.208681','{\"message\": \"Viewed bills:\"}',1),(352,'CREATE','2025-06-27 03:19:17.822352','{\"message\": \"Assigned a bed:\", \"patient_id\": 6, \"patient_name\": \"Luis Cruz\"}',1),(353,'VIEW','2025-06-27 03:19:17.908857','{\"message\": \"Viewed bed assignment list:\"}',1),(354,'VIEW','2025-06-27 03:19:17.943665','{\"message\": \"Viewed bed assignment list:\"}',1),(355,'VIEW','2025-06-27 03:19:29.740968','{\"message\": \"Updated patient details RENZ\", \"patient_id\": 6, \"patient_name\": \"Luis Cruz\", \"updated_fields\": []}',1),(356,'VIEW','2025-06-27 03:19:29.887843','{\"message\": \"Updated patient details RENZ\", \"patient_id\": 6, \"patient_name\": \"Luis Cruz\", \"updated_fields\": []}',1),(357,'VIEW','2025-06-27 03:19:32.896661','{\"message\": \"Viewed a clinical note:\"}',1),(358,'VIEW','2025-06-27 03:19:32.928362','{\"message\": \"Viewed a clinical note:\"}',1),(359,'VIEW','2025-06-27 03:19:32.944005','{\"message\": \"Viewed a patient history:\", \"patient_id\": 6, \"patient_name\": \"Luis Cruz\"}',1),(360,'VIEW','2025-06-27 03:19:32.990015','{\"message\": \"Viewed a patient history:\", \"patient_id\": 6, \"patient_name\": \"Luis Cruz\"}',1),(361,'VIEW','2025-06-27 03:19:34.537614','{\"message\": \"Viewed a patient image:\", \"patient_id\": 6, \"patient_name\": \"Luis Cruz\"}',1),(362,'VIEW','2025-06-27 03:19:34.563647','{\"message\": \"Viewed a patient image:\", \"patient_id\": 6, \"patient_name\": \"Luis Cruz\"}',1),(363,'VIEW','2025-06-27 03:19:43.617232','{\"message\": \"Updated patient details RENZ\", \"patient_id\": 6, \"patient_name\": \"Luis Cruz\", \"updated_fields\": []}',1),(364,'VIEW','2025-06-27 03:19:43.780663','{\"message\": \"Updated patient details RENZ\", \"patient_id\": 6, \"patient_name\": \"Luis Cruz\", \"updated_fields\": []}',1),(365,'VIEW','2025-06-27 03:19:51.261947','{\"query\": \"luis\", \"message\": \"Searched a patient:\"}',1),(366,'VIEW','2025-06-27 03:19:51.293409','{\"query\": \"luis\", \"message\": \"Searched a patient:\"}',1),(367,'VIEW','2025-06-27 03:19:52.557188','{\"message\": \"1Viewed patient details\", \"patient_id\": 6, \"patient_name\": \"Luis Cruz\"}',1),(368,'VIEW','2025-06-27 03:19:52.592032','{\"message\": \"1Viewed patient details\", \"patient_id\": 6, \"patient_name\": \"Luis Cruz\"}',1),(369,'VIEW','2025-06-27 03:19:52.592032','{\"message\": \"Viewed a patient image:\", \"patient_id\": 6, \"patient_name\": \"Luis Cruz\"}',1),(370,'VIEW','2025-06-27 03:19:52.630302','{\"message\": \"Viewed a patient image:\", \"patient_id\": 6, \"patient_name\": \"Luis Cruz\"}',1),(371,'UPDATE','2025-06-27 03:22:01.417611','{\"message\": \"Discharged a patient:\", \"patient_id\": 6, \"patient_name\": \"Luis Cruz\"}',1),(372,'VIEW','2025-06-27 03:22:01.461877','{\"message\": \"Viewed bed assignment list:\"}',1),(373,'VIEW','2025-06-27 03:22:04.050259','{\"message\": \"1Viewed patient details\", \"patient_id\": 6, \"patient_name\": \"Luis Cruz\"}',1),(374,'VIEW','2025-06-27 03:22:04.205788','{\"message\": \"1Viewed patient details\", \"patient_id\": 6, \"patient_name\": \"Luis Cruz\"}',1),(375,'VIEW','2025-06-27 03:22:04.225639','{\"message\": \"Viewed a patient image:\", \"patient_id\": 6, \"patient_name\": \"Luis Cruz\"}',1),(376,'VIEW','2025-06-27 03:22:04.269712','{\"message\": \"Viewed a patient image:\", \"patient_id\": 6, \"patient_name\": \"Luis Cruz\"}',1),(377,'VIEW','2025-06-27 04:18:55.568048','{\"message\": \"1Viewed patient details\", \"patient_id\": 6, \"patient_name\": \"Luis Cruz\"}',1),(378,'VIEW','2025-06-27 04:18:55.624087','{\"message\": \"Viewed a patient image:\", \"patient_id\": 6, \"patient_name\": \"Luis Cruz\"}',1),(379,'VIEW','2025-06-27 04:18:55.632086','{\"message\": \"1Viewed patient details\", \"patient_id\": 6, \"patient_name\": \"Luis Cruz\"}',1),(380,'VIEW','2025-06-27 04:18:55.672086','{\"message\": \"Viewed a patient image:\", \"patient_id\": 6, \"patient_name\": \"Luis Cruz\"}',1),(381,'VIEW','2025-06-27 07:15:30.909045','{\"message\": \"Viewed bed assignment list:\"}',1),(382,'VIEW','2025-06-27 07:15:30.966660','{\"message\": \"Viewed bed assignment list:\"}',1),(383,'VIEW','2025-06-27 07:15:38.683540','{\"message\": \"Viewed bed assignment list:\"}',1),(384,'VIEW','2025-06-27 07:15:38.843450','{\"message\": \"Viewed bed assignment list:\"}',1);
/*!40000 ALTER TABLE `api_userlog` ENABLE KEYS */;
UNLOCK TABLES;

--
-- Table structure for table `api_usersecurityquestion`
--

DROP TABLE IF EXISTS `api_usersecurityquestion`;
/*!40101 SET @saved_cs_client     = @@character_set_client */;
/*!50503 SET character_set_client = utf8mb4 */;
CREATE TABLE `api_usersecurityquestion` (
  `id` bigint NOT NULL AUTO_INCREMENT,
  `question` longtext COLLATE utf8mb4_unicode_ci NOT NULL,
  `answer` longtext COLLATE utf8mb4_unicode_ci NOT NULL,
  `user_id` bigint NOT NULL,
  PRIMARY KEY (`id`),
  KEY `api_usersecurityquestion_user_id_62bdbd0b_fk_api_user_id` (`user_id`),
  CONSTRAINT `api_usersecurityquestion_user_id_62bdbd0b_fk_api_user_id` FOREIGN KEY (`user_id`) REFERENCES `api_user` (`id`)
) ENGINE=InnoDB DEFAULT CHARSET=utf8mb4 COLLATE=utf8mb4_unicode_ci;
/*!40101 SET character_set_client = @saved_cs_client */;

--
-- Dumping data for table `api_usersecurityquestion`
--

LOCK TABLES `api_usersecurityquestion` WRITE;
/*!40000 ALTER TABLE `api_usersecurityquestion` DISABLE KEYS */;
/*!40000 ALTER TABLE `api_usersecurityquestion` ENABLE KEYS */;
UNLOCK TABLES;

--
-- Table structure for table `auth_group`
--

DROP TABLE IF EXISTS `auth_group`;
/*!40101 SET @saved_cs_client     = @@character_set_client */;
/*!50503 SET character_set_client = utf8mb4 */;
CREATE TABLE `auth_group` (
  `id` int NOT NULL AUTO_INCREMENT,
  `name` varchar(150) COLLATE utf8mb4_unicode_ci NOT NULL,
  PRIMARY KEY (`id`),
  UNIQUE KEY `name` (`name`)
) ENGINE=InnoDB AUTO_INCREMENT=3 DEFAULT CHARSET=utf8mb4 COLLATE=utf8mb4_unicode_ci;
/*!40101 SET character_set_client = @saved_cs_client */;

--
-- Dumping data for table `auth_group`
--

LOCK TABLES `auth_group` WRITE;
/*!40000 ALTER TABLE `auth_group` DISABLE KEYS */;
INSERT INTO `auth_group` VALUES (1,'Admin'),(2,'Teller');
/*!40000 ALTER TABLE `auth_group` ENABLE KEYS */;
UNLOCK TABLES;

--
-- Table structure for table `auth_group_permissions`
--

DROP TABLE IF EXISTS `auth_group_permissions`;
/*!40101 SET @saved_cs_client     = @@character_set_client */;
/*!50503 SET character_set_client = utf8mb4 */;
CREATE TABLE `auth_group_permissions` (
  `id` bigint NOT NULL AUTO_INCREMENT,
  `group_id` int NOT NULL,
  `permission_id` int NOT NULL,
  PRIMARY KEY (`id`),
  UNIQUE KEY `auth_group_permissions_group_id_permission_id_0cd325b0_uniq` (`group_id`,`permission_id`),
  KEY `auth_group_permissio_permission_id_84c5c92e_fk_auth_perm` (`permission_id`),
  CONSTRAINT `auth_group_permissio_permission_id_84c5c92e_fk_auth_perm` FOREIGN KEY (`permission_id`) REFERENCES `auth_permission` (`id`),
  CONSTRAINT `auth_group_permissions_group_id_b120cbf9_fk_auth_group_id` FOREIGN KEY (`group_id`) REFERENCES `auth_group` (`id`)
) ENGINE=InnoDB DEFAULT CHARSET=utf8mb4 COLLATE=utf8mb4_unicode_ci;
/*!40101 SET character_set_client = @saved_cs_client */;

--
-- Dumping data for table `auth_group_permissions`
--

LOCK TABLES `auth_group_permissions` WRITE;
/*!40000 ALTER TABLE `auth_group_permissions` DISABLE KEYS */;
/*!40000 ALTER TABLE `auth_group_permissions` ENABLE KEYS */;
UNLOCK TABLES;

--
-- Table structure for table `auth_permission`
--

DROP TABLE IF EXISTS `auth_permission`;
/*!40101 SET @saved_cs_client     = @@character_set_client */;
/*!50503 SET character_set_client = utf8mb4 */;
CREATE TABLE `auth_permission` (
  `id` int NOT NULL AUTO_INCREMENT,
  `name` varchar(255) COLLATE utf8mb4_unicode_ci NOT NULL,
  `content_type_id` int NOT NULL,
  `codename` varchar(100) COLLATE utf8mb4_unicode_ci NOT NULL,
  PRIMARY KEY (`id`),
  UNIQUE KEY `auth_permission_content_type_id_codename_01ab375a_uniq` (`content_type_id`,`codename`),
  CONSTRAINT `auth_permission_content_type_id_2f476e4b_fk_django_co` FOREIGN KEY (`content_type_id`) REFERENCES `django_content_type` (`id`)
) ENGINE=InnoDB AUTO_INCREMENT=137 DEFAULT CHARSET=utf8mb4 COLLATE=utf8mb4_unicode_ci;
/*!40101 SET character_set_client = @saved_cs_client */;

--
-- Dumping data for table `auth_permission`
--

LOCK TABLES `auth_permission` WRITE;
/*!40000 ALTER TABLE `auth_permission` DISABLE KEYS */;
INSERT INTO `auth_permission` VALUES (1,'Can add log entry',1,'add_logentry'),(2,'Can change log entry',1,'change_logentry'),(3,'Can delete log entry',1,'delete_logentry'),(4,'Can view log entry',1,'view_logentry'),(5,'Can add permission',2,'add_permission'),(6,'Can change permission',2,'change_permission'),(7,'Can delete permission',2,'delete_permission'),(8,'Can view permission',2,'view_permission'),(9,'Can add group',3,'add_group'),(10,'Can change group',3,'change_group'),(11,'Can delete group',3,'delete_group'),(12,'Can view group',3,'view_group'),(13,'Can add content type',4,'add_contenttype'),(14,'Can change content type',4,'change_contenttype'),(15,'Can delete content type',4,'delete_contenttype'),(16,'Can view content type',4,'view_contenttype'),(17,'Can add session',5,'add_session'),(18,'Can change session',5,'change_session'),(19,'Can delete session',5,'delete_session'),(20,'Can view session',5,'view_session'),(21,'Can add user',6,'add_user'),(22,'Can change user',6,'change_user'),(23,'Can delete user',6,'delete_user'),(24,'Can view user',6,'view_user'),(25,'Can add bed',7,'add_bed'),(26,'Can change bed',7,'change_bed'),(27,'Can delete bed',7,'delete_bed'),(28,'Can view bed',7,'view_bed'),(29,'Can add bed assignment',8,'add_bedassignment'),(30,'Can change bed assignment',8,'change_bedassignment'),(31,'Can delete bed assignment',8,'delete_bedassignment'),(32,'Can view bed assignment',8,'view_bedassignment'),(33,'Can add billing',9,'add_billing'),(34,'Can change billing',9,'change_billing'),(35,'Can delete billing',9,'delete_billing'),(36,'Can view billing',9,'view_billing'),(37,'Can add laboratory result',10,'add_laboratoryresult'),(38,'Can change laboratory result',10,'change_laboratoryresult'),(39,'Can delete laboratory result',10,'delete_laboratoryresult'),(40,'Can view laboratory result',10,'view_laboratoryresult'),(41,'Can add lab result file group',11,'add_labresultfilegroup'),(42,'Can change lab result file group',11,'change_labresultfilegroup'),(43,'Can delete lab result file group',11,'delete_labresultfilegroup'),(44,'Can view lab result file group',11,'view_labresultfilegroup'),(45,'Can add patient',12,'add_patient'),(46,'Can change patient',12,'change_patient'),(47,'Can delete patient',12,'delete_patient'),(48,'Can view patient',12,'view_patient'),(49,'Can add room',13,'add_room'),(50,'Can change room',13,'change_room'),(51,'Can delete room',13,'delete_room'),(52,'Can view room',13,'view_room'),(53,'Can add service',14,'add_service'),(54,'Can change service',14,'change_service'),(55,'Can delete service',14,'delete_service'),(56,'Can view service',14,'view_service'),(57,'Can add user log',15,'add_userlog'),(58,'Can change user log',15,'change_userlog'),(59,'Can delete user log',15,'delete_userlog'),(60,'Can view user log',15,'view_userlog'),(61,'Can add payment',16,'add_payment'),(62,'Can change payment',16,'change_payment'),(63,'Can delete payment',16,'delete_payment'),(64,'Can view payment',16,'view_payment'),(65,'Can add patient service',17,'add_patientservice'),(66,'Can change patient service',17,'change_patientservice'),(67,'Can delete patient service',17,'delete_patientservice'),(68,'Can view patient service',17,'view_patientservice'),(69,'Can add medical history',18,'add_medicalhistory'),(70,'Can change medical history',18,'change_medicalhistory'),(71,'Can delete medical history',18,'delete_medicalhistory'),(72,'Can view medical history',18,'view_medicalhistory'),(73,'Can add lab result file in group',19,'add_labresultfileingroup'),(74,'Can change lab result file in group',19,'change_labresultfileingroup'),(75,'Can delete lab result file in group',19,'delete_labresultfileingroup'),(76,'Can view lab result file in group',19,'view_labresultfileingroup'),(77,'Can add lab result file',20,'add_labresultfile'),(78,'Can change lab result file',20,'change_labresultfile'),(79,'Can delete lab result file',20,'delete_labresultfile'),(80,'Can view lab result file',20,'view_labresultfile'),(81,'Can add historical patient',21,'add_historicalpatient'),(82,'Can change historical patient',21,'change_historicalpatient'),(83,'Can delete historical patient',21,'delete_historicalpatient'),(84,'Can view historical patient',21,'view_historicalpatient'),(85,'Can add clinical note',22,'add_clinicalnote'),(86,'Can change clinical note',22,'change_clinicalnote'),(87,'Can delete clinical note',22,'delete_clinicalnote'),(88,'Can view clinical note',22,'view_clinicalnote'),(89,'Can add billing operator log',23,'add_billingoperatorlog'),(90,'Can change billing operator log',23,'change_billingoperatorlog'),(91,'Can delete billing operator log',23,'delete_billingoperatorlog'),(92,'Can view billing operator log',23,'view_billingoperatorlog'),(93,'Can add billing item',24,'add_billingitem'),(94,'Can change billing item',24,'change_billingitem'),(95,'Can delete billing item',24,'delete_billingitem'),(96,'Can view billing item',24,'view_billingitem'),(97,'Can add user image',25,'add_userimage'),(98,'Can change user image',25,'change_userimage'),(99,'Can delete user image',25,'delete_userimage'),(100,'Can view user image',25,'view_userimage'),(101,'Can add patient image',26,'add_patientimage'),(102,'Can change patient image',26,'change_patientimage'),(103,'Can delete patient image',26,'delete_patientimage'),(104,'Can view patient image',26,'view_patientimage'),(105,'Can add user security question',27,'add_usersecurityquestion'),(106,'Can change user security question',27,'change_usersecurityquestion'),(107,'Can delete user security question',27,'delete_usersecurityquestion'),(108,'Can view user security question',27,'view_usersecurityquestion'),(109,'Can add user action log',28,'add_useractionlog'),(110,'Can change user action log',28,'change_useractionlog'),(111,'Can delete user action log',28,'delete_useractionlog'),(112,'Can view user action log',28,'view_useractionlog'),(113,'Can add Scheduled task',29,'add_schedule'),(114,'Can change Scheduled task',29,'change_schedule'),(115,'Can delete Scheduled task',29,'delete_schedule'),(116,'Can view Scheduled task',29,'view_schedule'),(117,'Can add task',30,'add_task'),(118,'Can change task',30,'change_task'),(119,'Can delete task',30,'delete_task'),(120,'Can view task',30,'view_task'),(121,'Can add Failed task',31,'add_failure'),(122,'Can change Failed task',31,'change_failure'),(123,'Can delete Failed task',31,'delete_failure'),(124,'Can view Failed task',31,'view_failure'),(125,'Can add Successful task',32,'add_success'),(126,'Can change Successful task',32,'change_success'),(127,'Can delete Successful task',32,'delete_success'),(128,'Can view Successful task',32,'view_success'),(129,'Can add Queued task',33,'add_ormq'),(130,'Can change Queued task',33,'change_ormq'),(131,'Can delete Queued task',33,'delete_ormq'),(132,'Can view Queued task',33,'view_ormq'),(133,'Can add backup history',34,'add_backuphistory'),(134,'Can change backup history',34,'change_backuphistory'),(135,'Can delete backup history',34,'delete_backuphistory'),(136,'Can view backup history',34,'view_backuphistory');
/*!40000 ALTER TABLE `auth_permission` ENABLE KEYS */;
UNLOCK TABLES;

--
-- Table structure for table `django_admin_log`
--

DROP TABLE IF EXISTS `django_admin_log`;
/*!40101 SET @saved_cs_client     = @@character_set_client */;
/*!50503 SET character_set_client = utf8mb4 */;
CREATE TABLE `django_admin_log` (
  `id` int NOT NULL AUTO_INCREMENT,
  `action_time` datetime(6) NOT NULL,
  `object_id` longtext COLLATE utf8mb4_unicode_ci,
  `object_repr` varchar(200) COLLATE utf8mb4_unicode_ci NOT NULL,
  `action_flag` smallint unsigned NOT NULL,
  `change_message` longtext COLLATE utf8mb4_unicode_ci NOT NULL,
  `content_type_id` int DEFAULT NULL,
  `user_id` bigint NOT NULL,
  PRIMARY KEY (`id`),
  KEY `django_admin_log_content_type_id_c4bce8eb_fk_django_co` (`content_type_id`),
  KEY `django_admin_log_user_id_c564eba6_fk_api_user_id` (`user_id`),
  CONSTRAINT `django_admin_log_content_type_id_c4bce8eb_fk_django_co` FOREIGN KEY (`content_type_id`) REFERENCES `django_content_type` (`id`),
  CONSTRAINT `django_admin_log_user_id_c564eba6_fk_api_user_id` FOREIGN KEY (`user_id`) REFERENCES `api_user` (`id`),
  CONSTRAINT `django_admin_log_chk_1` CHECK ((`action_flag` >= 0))
) ENGINE=InnoDB AUTO_INCREMENT=30 DEFAULT CHARSET=utf8mb4 COLLATE=utf8mb4_unicode_ci;
/*!40101 SET character_set_client = @saved_cs_client */;

--
-- Dumping data for table `django_admin_log`
--

LOCK TABLES `django_admin_log` WRITE;
/*!40000 ALTER TABLE `django_admin_log` DISABLE KEYS */;
INSERT INTO `django_admin_log` VALUES (1,'2025-06-26 05:07:31.723404','2','2025',2,'[{\"changed\": {\"fields\": [\"Last login\", \"First name\", \"Last name\", \"Email\", \"Phone\", \"Address\", \"Birthdate\"]}}]',6,1),(2,'2025-06-26 05:22:35.031351','5','Image 5 for 111',1,'[{\"added\": {}}]',25,1),(3,'2025-06-26 05:48:11.911926','6','Image 6 for 6948',2,'[{\"changed\": {\"fields\": [\"File\"]}}]',25,1),(4,'2025-06-26 05:48:40.038888','4','13123',3,'',6,1),(5,'2025-06-26 05:49:35.792900','1','111',2,'[{\"changed\": {\"fields\": [\"First name\", \"Last name\", \"Email\", \"Phone\", \"Address\", \"Birthdate\"]}}]',6,1),(6,'2025-06-26 05:51:01.399089','8','Image 8 for 2025',1,'[{\"added\": {}}]',25,1),(7,'2025-06-26 05:55:55.951478','1','  BESVJJQU = Marwan D. Terrorist - Head Wound - 1',3,'',10,1),(8,'2025-06-27 01:37:57.750242','1','BIOPHYSICAL SCORING: ID - 1',1,'[{\"added\": {}}]',14,1),(9,'2025-06-27 01:38:16.929268','2','CONGENITAL ANOMALL: ID - 2',1,'[{\"added\": {}}]',14,1),(10,'2025-06-27 01:38:38.970302','3','URINARY BLADDER TEST: ID - 3',1,'[{\"added\": {}}]',14,1),(11,'2025-06-27 01:39:42.972971','4','LUMBOSACRAL SPIN: ID - 4',1,'[{\"added\": {}}]',14,1),(12,'2025-06-27 01:40:12.053984','5','T-TUBE CHOLANGIOGRAM: ID - 5',1,'[{\"added\": {}}]',14,1),(13,'2025-06-27 01:55:16.878142','1','DELUXE - 450/hr',1,'[{\"added\": {}}]',13,1),(14,'2025-06-27 01:55:21.103936','2','WARD - 120/hr',1,'[{\"added\": {}}]',13,1),(15,'2025-06-27 01:56:16.300408','3','PRIVATE - 1200/hr',1,'[{\"added\": {}}]',13,1),(16,'2025-06-27 01:56:28.685614','4','SEMI-PRIVATE - 600/hr',1,'[{\"added\": {}}]',13,1),(17,'2025-06-27 01:56:43.991287','1',' ID: 1 - DELUXE - Bed 101',1,'[{\"added\": {}}]',7,1),(18,'2025-06-27 01:56:48.909268','2',' ID: 2 - DELUXE - Bed 102',1,'[{\"added\": {}}]',7,1),(19,'2025-06-27 01:56:53.272778','3',' ID: 3 - DELUXE - Bed 103',1,'[{\"added\": {}}]',7,1),(20,'2025-06-27 01:57:00.387122','4',' ID: 4 - WARD - Bed 201',1,'[{\"added\": {}}]',7,1),(21,'2025-06-27 01:58:33.407929','5',' ID: 5 - WARD - Bed 202',1,'[{\"added\": {}}]',7,1),(22,'2025-06-27 01:58:39.542703','6',' ID: 6 - WARD - Bed 203',1,'[{\"added\": {}}]',7,1),(23,'2025-06-27 01:58:46.145486','7',' ID: 7 - WARD - Bed 204',1,'[{\"added\": {}}]',7,1),(24,'2025-06-27 01:59:00.407753','8',' ID: 8 - PRIVATE - Bed 301',1,'[{\"added\": {}}]',7,1),(25,'2025-06-27 01:59:06.766641','9',' ID: 9 - PRIVATE - Bed 302',1,'[{\"added\": {}}]',7,1),(26,'2025-06-27 01:59:12.828855','10',' ID: 10 - SEMI-PRIVATE - Bed 404',1,'[{\"added\": {}}]',7,1),(27,'2025-06-27 01:59:22.069200','11',' ID: 11 - SEMI-PRIVATE - Bed 403',1,'[{\"added\": {}}]',7,1),(28,'2025-06-27 02:00:40.819919','12',' ID: 12 - SEMI-PRIVATE - Bed 402',1,'[{\"added\": {}}]',7,1),(29,'2025-06-27 02:00:49.112443','13',' ID: 13 - SEMI-PRIVATE - Bed 401',1,'[{\"added\": {}}]',7,1);
/*!40000 ALTER TABLE `django_admin_log` ENABLE KEYS */;
UNLOCK TABLES;

--
-- Table structure for table `django_content_type`
--

DROP TABLE IF EXISTS `django_content_type`;
/*!40101 SET @saved_cs_client     = @@character_set_client */;
/*!50503 SET character_set_client = utf8mb4 */;
CREATE TABLE `django_content_type` (
  `id` int NOT NULL AUTO_INCREMENT,
  `app_label` varchar(100) COLLATE utf8mb4_unicode_ci NOT NULL,
  `model` varchar(100) COLLATE utf8mb4_unicode_ci NOT NULL,
  PRIMARY KEY (`id`),
  UNIQUE KEY `django_content_type_app_label_model_76bd3d3b_uniq` (`app_label`,`model`)
) ENGINE=InnoDB AUTO_INCREMENT=35 DEFAULT CHARSET=utf8mb4 COLLATE=utf8mb4_unicode_ci;
/*!40101 SET character_set_client = @saved_cs_client */;

--
-- Dumping data for table `django_content_type`
--

LOCK TABLES `django_content_type` WRITE;
/*!40000 ALTER TABLE `django_content_type` DISABLE KEYS */;
INSERT INTO `django_content_type` VALUES (1,'admin','logentry'),(34,'api','backuphistory'),(7,'api','bed'),(8,'api','bedassignment'),(9,'api','billing'),(24,'api','billingitem'),(23,'api','billingoperatorlog'),(22,'api','clinicalnote'),(21,'api','historicalpatient'),(10,'api','laboratoryresult'),(20,'api','labresultfile'),(11,'api','labresultfilegroup'),(19,'api','labresultfileingroup'),(18,'api','medicalhistory'),(12,'api','patient'),(26,'api','patientimage'),(17,'api','patientservice'),(16,'api','payment'),(13,'api','room'),(14,'api','service'),(6,'api','user'),(28,'api','useractionlog'),(25,'api','userimage'),(15,'api','userlog'),(27,'api','usersecurityquestion'),(3,'auth','group'),(2,'auth','permission'),(4,'contenttypes','contenttype'),(31,'django_q','failure'),(33,'django_q','ormq'),(29,'django_q','schedule'),(32,'django_q','success'),(30,'django_q','task'),(5,'sessions','session');
/*!40000 ALTER TABLE `django_content_type` ENABLE KEYS */;
UNLOCK TABLES;

--
-- Table structure for table `django_migrations`
--

DROP TABLE IF EXISTS `django_migrations`;
/*!40101 SET @saved_cs_client     = @@character_set_client */;
/*!50503 SET character_set_client = utf8mb4 */;
CREATE TABLE `django_migrations` (
  `id` bigint NOT NULL AUTO_INCREMENT,
  `app` varchar(255) COLLATE utf8mb4_unicode_ci NOT NULL,
  `name` varchar(255) COLLATE utf8mb4_unicode_ci NOT NULL,
  `applied` datetime(6) NOT NULL,
  PRIMARY KEY (`id`)
) ENGINE=InnoDB AUTO_INCREMENT=61 DEFAULT CHARSET=utf8mb4 COLLATE=utf8mb4_unicode_ci;
/*!40101 SET character_set_client = @saved_cs_client */;

--
-- Dumping data for table `django_migrations`
--

LOCK TABLES `django_migrations` WRITE;
/*!40000 ALTER TABLE `django_migrations` DISABLE KEYS */;
INSERT INTO `django_migrations` VALUES (1,'contenttypes','0001_initial','2025-06-26 04:08:21.967478'),(2,'contenttypes','0002_remove_content_type_name','2025-06-26 04:08:22.098778'),(3,'auth','0001_initial','2025-06-26 04:08:22.431522'),(4,'auth','0002_alter_permission_name_max_length','2025-06-26 04:08:22.518458'),(5,'auth','0003_alter_user_email_max_length','2025-06-26 04:08:22.527614'),(6,'auth','0004_alter_user_username_opts','2025-06-26 04:08:22.535877'),(7,'auth','0005_alter_user_last_login_null','2025-06-26 04:08:22.546166'),(8,'auth','0006_require_contenttypes_0002','2025-06-26 04:08:22.551169'),(9,'auth','0007_alter_validators_add_error_messages','2025-06-26 04:08:22.561315'),(10,'auth','0008_alter_user_username_max_length','2025-06-26 04:08:22.570498'),(11,'auth','0009_alter_user_last_name_max_length','2025-06-26 04:08:22.584163'),(12,'auth','0010_alter_group_name_max_length','2025-06-26 04:08:22.608859'),(13,'auth','0011_update_proxy_permissions','2025-06-26 04:08:22.617828'),(14,'auth','0012_alter_user_first_name_max_length','2025-06-26 04:08:22.629979'),(15,'api','0001_initial','2025-06-26 04:08:25.789915'),(16,'admin','0001_initial','2025-06-26 04:08:25.967942'),(17,'admin','0002_logentry_remove_auto_add','2025-06-26 04:08:25.996376'),(18,'admin','0003_logentry_add_action_flag_choices','2025-06-26 04:08:26.024244'),(19,'api','0002_alter_historicalpatient_case_number_and_more','2025-06-26 04:08:26.125801'),(20,'api','0003_alter_historicalpatient_entry_date_and_more','2025-06-26 04:08:26.342724'),(21,'api','0004_rename_admission_datetime_historicalpatient_admission_date_and_more','2025-06-26 04:08:26.450811'),(22,'api','0005_user_date_joined_user_email_user_first_name_and_more','2025-06-26 04:08:27.102880'),(23,'api','0006_clinicalnote_dose_frequency_and_more','2025-06-26 04:08:27.692950'),(24,'api','0007_alter_historicalpatient_hmo_and_more','2025-06-26 04:08:28.179626'),(25,'api','0008_clinicalnote_case_number_patient_and_more','2025-06-26 04:08:28.244007'),(26,'api','0009_patientimage','2025-06-26 04:08:28.400820'),(27,'api','0010_user_has_security_questions_usersecurityquestion','2025-06-26 04:08:28.677014'),(28,'api','0011_user_address','2025-06-26 04:08:28.876453'),(29,'api','0012_user_birthdate','2025-06-26 04:08:28.988719'),(30,'api','0013_useractionlog','2025-06-26 04:08:29.144592'),(31,'api','0014_historicalpatient_disposition_and_more','2025-06-26 04:08:30.588323'),(32,'api','0015_historicalpatient_bed_number_and_more','2025-06-26 04:08:30.827497'),(33,'api','0016_historicalpatient_age_historicalpatient_birth_place_and_more','2025-06-26 04:08:31.294720'),(34,'api','0017_historicalpatient_type_of_admission_and_more','2025-06-26 04:08:31.421724'),(35,'api','0018_historicalpatient_other_diagnosis_and_more','2025-06-26 04:08:32.172030'),(36,'api','0019_alter_historicalpatient_disposition_and_more','2025-06-26 04:08:32.231861'),(37,'api','0020_alter_historicalpatient_age_alter_patient_age','2025-06-26 04:08:32.704206'),(38,'api','0021_alter_historicalpatient_total_days_and_more','2025-06-26 04:08:33.177390'),(39,'api','0022_remove_historicalpatient_diagnosed_by_and_more','2025-06-26 04:08:33.605823'),(40,'api','0023_alter_historicalpatient_type_of_admission_and_more','2025-06-26 04:08:33.714659'),(41,'api','0024_alter_historicalpatient_visit_type_and_more','2025-06-26 04:08:33.856473'),(42,'api','0025_alter_historicalpatient_blood_pressure_and_more','2025-06-26 04:08:34.557050'),(43,'api','0026_remove_historicalpatient_notes_remove_patient_notes','2025-06-26 04:08:34.736267'),(44,'django_q','0001_initial','2025-06-26 04:08:34.780162'),(45,'django_q','0002_auto_20150630_1624','2025-06-26 04:08:34.862853'),(46,'django_q','0003_auto_20150708_1326','2025-06-26 04:08:34.940280'),(47,'django_q','0004_auto_20150710_1043','2025-06-26 04:08:34.940280'),(48,'django_q','0005_auto_20150718_1506','2025-06-26 04:08:34.981716'),(49,'django_q','0006_auto_20150805_1817','2025-06-26 04:08:35.028683'),(50,'django_q','0007_ormq','2025-06-26 04:08:35.053048'),(51,'django_q','0008_auto_20160224_1026','2025-06-26 04:08:35.060972'),(52,'django_q','0009_auto_20171009_0915','2025-06-26 04:08:35.116776'),(53,'django_q','0010_auto_20200610_0856','2025-06-26 04:08:35.125926'),(54,'django_q','0011_auto_20200628_1055','2025-06-26 04:08:35.153014'),(55,'django_q','0012_auto_20200702_1608','2025-06-26 04:08:35.160685'),(56,'django_q','0013_task_attempt_count','2025-06-26 04:08:35.191574'),(57,'django_q','0014_schedule_cluster','2025-06-26 04:08:35.209193'),(58,'sessions','0001_initial','2025-06-26 04:08:35.265496'),(59,'api','0002_historicalpatient_archived_patient_archived','2025-06-26 08:53:33.784466'),(60,'api','0003_backuphistory','2025-06-27 06:16:41.882814');
/*!40000 ALTER TABLE `django_migrations` ENABLE KEYS */;
UNLOCK TABLES;

--
-- Table structure for table `django_q_ormq`
--

DROP TABLE IF EXISTS `django_q_ormq`;
/*!40101 SET @saved_cs_client     = @@character_set_client */;
/*!50503 SET character_set_client = utf8mb4 */;
CREATE TABLE `django_q_ormq` (
  `id` int NOT NULL AUTO_INCREMENT,
  `key` varchar(100) COLLATE utf8mb4_unicode_ci NOT NULL,
  `payload` longtext COLLATE utf8mb4_unicode_ci NOT NULL,
  `lock` datetime(6) DEFAULT NULL,
  PRIMARY KEY (`id`)
) ENGINE=InnoDB AUTO_INCREMENT=16615 DEFAULT CHARSET=utf8mb4 COLLATE=utf8mb4_unicode_ci;
/*!40101 SET character_set_client = @saved_cs_client */;

--
-- Dumping data for table `django_q_ormq`
--

LOCK TABLES `django_q_ormq` WRITE;
/*!40000 ALTER TABLE `django_q_ormq` DISABLE KEYS */;
/*!40000 ALTER TABLE `django_q_ormq` ENABLE KEYS */;
UNLOCK TABLES;

--
-- Table structure for table `django_q_schedule`
--

DROP TABLE IF EXISTS `django_q_schedule`;
/*!40101 SET @saved_cs_client     = @@character_set_client */;
/*!50503 SET character_set_client = utf8mb4 */;
CREATE TABLE `django_q_schedule` (
  `id` int NOT NULL AUTO_INCREMENT,
  `func` varchar(256) COLLATE utf8mb4_unicode_ci NOT NULL,
  `hook` varchar(256) COLLATE utf8mb4_unicode_ci DEFAULT NULL,
  `args` longtext COLLATE utf8mb4_unicode_ci,
  `kwargs` longtext COLLATE utf8mb4_unicode_ci,
  `schedule_type` varchar(1) COLLATE utf8mb4_unicode_ci NOT NULL,
  `repeats` int NOT NULL,
  `next_run` datetime(6) DEFAULT NULL,
  `task` varchar(100) COLLATE utf8mb4_unicode_ci DEFAULT NULL,
  `name` varchar(100) COLLATE utf8mb4_unicode_ci DEFAULT NULL,
  `minutes` smallint unsigned DEFAULT NULL,
  `cron` varchar(100) COLLATE utf8mb4_unicode_ci DEFAULT NULL,
  `cluster` varchar(100) COLLATE utf8mb4_unicode_ci DEFAULT NULL,
  PRIMARY KEY (`id`),
  CONSTRAINT `django_q_schedule_chk_1` CHECK ((`minutes` >= 0))
) ENGINE=InnoDB AUTO_INCREMENT=225 DEFAULT CHARSET=utf8mb4 COLLATE=utf8mb4_unicode_ci;
/*!40101 SET character_set_client = @saved_cs_client */;

--
-- Dumping data for table `django_q_schedule`
--

LOCK TABLES `django_q_schedule` WRITE;
/*!40000 ALTER TABLE `django_q_schedule` DISABLE KEYS */;
INSERT INTO `django_q_schedule` VALUES (1,'api.tasks.generate_hourly_bed_charges',NULL,'()','{}','I',-118,'2025-06-27 03:25:05.542627','491064fbafb34f1bb0209757314aa08e',NULL,1,NULL,NULL),(2,'api.tasks.generate_hourly_bed_charges',NULL,'()','{}','I',-118,'2025-06-27 03:25:16.873976','6a72c648b1274954a6c51f76a67335db',NULL,1,NULL,NULL),(3,'api.tasks.generate_hourly_bed_charges',NULL,'()','{}','I',-118,'2025-06-27 03:25:24.726909','22fe5092a77b444ca40129ad1edef4ec',NULL,1,NULL,NULL),(4,'api.tasks.generate_hourly_bed_charges',NULL,'()','{}','I',-118,'2025-06-27 03:25:20.970260','abcde3058a504bd2a278ac98bc3d12ce',NULL,1,NULL,NULL),(5,'api.tasks.generate_hourly_bed_charges',NULL,'()','{}','I',-118,'2025-06-27 03:24:33.888366','da177fe885554a20a7ad2d54100c81cc',NULL,1,NULL,NULL),(6,'api.tasks.generate_hourly_bed_charges',NULL,'()','{}','I',-118,'2025-06-27 03:24:34.995633','222823fada28456f84ba328ca0f77421',NULL,1,NULL,NULL),(7,'api.tasks.generate_hourly_bed_charges',NULL,'()','{}','I',-118,'2025-06-27 03:25:04.660535','b2968429cdd14410ad60c1a542abff17',NULL,1,NULL,NULL),(8,'api.tasks.generate_hourly_bed_charges',NULL,'()','{}','I',-118,'2025-06-27 03:25:27.196392','479d25a3207e4a97b8f058887a01c6c3',NULL,1,NULL,NULL),(9,'api.tasks.generate_hourly_bed_charges',NULL,'()','{}','I',-119,'2025-06-27 03:25:28.265244','c5939383360c41bfbe63969146eaa81b',NULL,1,NULL,NULL),(10,'api.tasks.generate_hourly_bed_charges',NULL,'()','{}','I',-118,'2025-06-27 03:25:10.440775','18535043c2754d469b3f0558b894c8ba',NULL,1,NULL,NULL),(11,'api.tasks.generate_hourly_bed_charges',NULL,'()','{}','I',-119,'2025-06-27 03:25:29.539296','e1c3c0e8b1ab42a6b49e644222626ba1',NULL,1,NULL,NULL),(12,'api.tasks.generate_hourly_bed_charges',NULL,'()','{}','I',-118,'2025-06-27 03:24:37.700102','371ba92e14a445a8aeaa3025574359d7',NULL,1,NULL,NULL),(13,'api.tasks.generate_hourly_bed_charges',NULL,'()','{}','I',-118,'2025-06-27 03:25:10.601344','e7f27ddcdbb5429e83e2795f149875fb',NULL,1,NULL,NULL),(14,'api.tasks.generate_hourly_bed_charges',NULL,'()','{}','I',-118,'2025-06-27 03:25:12.443543','3f230cd6724f468ca743dd53c61c7ac5',NULL,1,NULL,NULL),(15,'api.tasks.generate_hourly_bed_charges',NULL,'()','{}','I',-118,'2025-06-27 03:24:44.903488','28023489bbc049a9b7a6abc19900c048',NULL,1,NULL,NULL),(16,'api.tasks.generate_hourly_bed_charges',NULL,'()','{}','I',-118,'2025-06-27 03:24:49.959685','37174b1081a7437aaed956693a527fc6',NULL,1,NULL,NULL),(17,'api.tasks.generate_hourly_bed_charges',NULL,'()','{}','I',-118,'2025-06-27 03:24:49.588180','4d278b1205f04188b12ee4ada1d211fd',NULL,1,NULL,NULL),(18,'api.tasks.generate_hourly_bed_charges',NULL,'()','{}','I',-118,'2025-06-27 03:25:02.320432','278e8173da1643f68a68c5e670cf57a8',NULL,1,NULL,NULL),(19,'api.tasks.generate_hourly_bed_charges',NULL,'()','{}','I',-118,'2025-06-27 03:25:15.415826','e7c771412c2c40aab9651eb132a5422a',NULL,1,NULL,NULL),(20,'api.tasks.generate_hourly_bed_charges',NULL,'()','{}','I',-118,'2025-06-27 03:25:22.529924','5b8fc014a370458eaa82703091d25c0a',NULL,1,NULL,NULL),(21,'api.tasks.generate_hourly_bed_charges',NULL,'()','{}','I',-118,'2025-06-27 03:25:23.674210','e2763ea0e9de4ddea901d53d90605699',NULL,1,NULL,NULL),(22,'api.tasks.generate_hourly_bed_charges',NULL,'()','{}','I',-118,'2025-06-27 03:25:08.218455','897d9af42b61476fb74ad40eb0cd1ab9',NULL,1,NULL,NULL),(23,'api.tasks.generate_hourly_bed_charges',NULL,'()','{}','I',-118,'2025-06-27 03:25:08.730274','67a4d5f23efc4632b7a31ab43ce4566e',NULL,1,NULL,NULL),(24,'api.tasks.generate_hourly_bed_charges',NULL,'()','{}','I',-118,'2025-06-27 03:25:09.905380','f34c38b1085d4b96ad8d424184c3a8da',NULL,1,NULL,NULL),(25,'api.tasks.generate_hourly_bed_charges',NULL,'()','{}','I',-118,'2025-06-27 03:25:16.954923','ab0de4f4c83940478cc8fa9d4f4aba1e',NULL,1,NULL,NULL),(26,'api.tasks.generate_hourly_bed_charges',NULL,'()','{}','I',-118,'2025-06-27 03:25:18.197046','f18b97224ff74ef5895287910410e3b3',NULL,1,NULL,NULL),(27,'api.tasks.generate_hourly_bed_charges',NULL,'()','{}','I',-118,'2025-06-27 03:25:23.357601','9d4bebed41504f129ef47118e63b6922',NULL,1,NULL,NULL),(28,'api.tasks.generate_hourly_bed_charges',NULL,'()','{}','I',-118,'2025-06-27 03:25:06.734098','99f5a8a2fa5f48c79cd1b4e9a105d01a',NULL,1,NULL,NULL),(29,'api.tasks.generate_hourly_bed_charges',NULL,'()','{}','I',-118,'2025-06-27 03:25:24.676637','b4aa3d4d15a44a6b975ccb28740e6b49',NULL,1,NULL,NULL),(30,'api.tasks.generate_hourly_bed_charges',NULL,'()','{}','I',-118,'2025-06-27 03:25:19.549428','d7f5c9db6ca84000a7dd8e8af4831abd',NULL,1,NULL,NULL),(31,'api.tasks.generate_hourly_bed_charges',NULL,'()','{}','I',-118,'2025-06-27 03:25:25.758458','b8ced31028a642c692e004d3bb5d696f',NULL,1,NULL,NULL),(32,'api.tasks.generate_hourly_bed_charges',NULL,'()','{}','I',-118,'2025-06-27 03:24:46.916248','25f803e15d824a18b23ef4472fe36d24',NULL,1,NULL,NULL),(33,'api.tasks.generate_hourly_bed_charges',NULL,'()','{}','I',-118,'2025-06-27 03:24:53.214096','fe5157e2b2e046e49daca9c86d1135e5',NULL,1,NULL,NULL),(34,'api.tasks.generate_hourly_bed_charges',NULL,'()','{}','I',-119,'2025-06-27 03:25:32.566241','0c81005581084a71941b239a8342cdea',NULL,1,NULL,NULL),(35,'api.tasks.generate_hourly_bed_charges',NULL,'()','{}','I',-118,'2025-06-27 03:24:38.006880','567e83ae05df43e3a499637069e74154',NULL,1,NULL,NULL),(36,'api.tasks.generate_hourly_bed_charges',NULL,'()','{}','I',-118,'2025-06-27 03:24:43.948772','e19ea0b2564a4240ab88c7bd17537ed0',NULL,1,NULL,NULL),(37,'api.tasks.generate_hourly_bed_charges',NULL,'()','{}','I',-118,'2025-06-27 03:25:20.450533','a001ed4fec384226955f5a9f091bab59',NULL,1,NULL,NULL),(38,'api.tasks.generate_hourly_bed_charges',NULL,'()','{}','I',-118,'2025-06-27 03:25:22.354307','9c6a21b64fe94692ad7e9e48c14218a5',NULL,1,NULL,NULL),(39,'api.tasks.generate_hourly_bed_charges',NULL,'()','{}','I',-118,'2025-06-27 03:25:25.526789','4858a76507064dd49f2878383b058601',NULL,1,NULL,NULL),(40,'api.tasks.generate_hourly_bed_charges',NULL,'()','{}','I',-118,'2025-06-27 03:24:55.791766','0de7e4816dfd4f2f8cce93822f02b824',NULL,1,NULL,NULL),(41,'api.tasks.generate_hourly_bed_charges',NULL,'()','{}','I',-118,'2025-06-27 03:25:07.255340','afde1aabc90e4e5bb239b6d6f09d7f34',NULL,1,NULL,NULL),(42,'api.tasks.generate_hourly_bed_charges',NULL,'()','{}','I',-118,'2025-06-27 03:25:16.607906','b162fbcff666416db86ea25aa1743876',NULL,1,NULL,NULL),(43,'api.tasks.generate_hourly_bed_charges',NULL,'()','{}','I',-118,'2025-06-27 03:25:06.049833','6eb33f4b96014311bd0e20d6e3e9afd7',NULL,1,NULL,NULL),(44,'api.tasks.generate_hourly_bed_charges',NULL,'()','{}','I',-118,'2025-06-27 03:25:14.966368','e7e08598fc0f4ec9988c2bb948dcf10d',NULL,1,NULL,NULL),(45,'api.tasks.generate_hourly_bed_charges',NULL,'()','{}','I',-118,'2025-06-27 03:25:22.104176','ee991c6f641d4db1ac7ba68e297caba3',NULL,1,NULL,NULL),(46,'api.tasks.generate_hourly_bed_charges',NULL,'()','{}','I',-118,'2025-06-27 03:24:36.871348','63f1efde4cf84550af02815303e8c6d0',NULL,1,NULL,NULL),(47,'api.tasks.generate_hourly_bed_charges',NULL,'()','{}','I',-118,'2025-06-27 03:24:40.236174','a57c6312e07b4bf39ba256a2b8a19b64',NULL,1,NULL,NULL),(48,'api.tasks.generate_hourly_bed_charges',NULL,'()','{}','I',-118,'2025-06-27 03:24:48.272570','ad46b99521a54cbc8a122c574f74618e',NULL,1,NULL,NULL),(49,'api.tasks.generate_hourly_bed_charges',NULL,'()','{}','I',-118,'2025-06-27 03:24:54.063355','79e15746d9414aa1967e7c6edc49ad51',NULL,1,NULL,NULL),(50,'api.tasks.generate_hourly_bed_charges',NULL,'()','{}','I',-118,'2025-06-27 03:24:58.624047','8737d87780f640a9916cbffcd445ae8e',NULL,1,NULL,NULL),(51,'api.tasks.generate_hourly_bed_charges',NULL,'()','{}','I',-118,'2025-06-27 03:24:41.785970','ae108ea6182640668f3ce829219e28ef',NULL,1,NULL,NULL),(52,'api.tasks.generate_hourly_bed_charges',NULL,'()','{}','I',-118,'2025-06-27 03:25:01.928642','51e778c57ddb440984ad837e9e6b53cb',NULL,1,NULL,NULL),(53,'api.tasks.generate_hourly_bed_charges',NULL,'()','{}','I',-118,'2025-06-27 03:25:24.662463','bec183e82bb741f98173334a11b2ee80',NULL,1,NULL,NULL),(54,'api.tasks.generate_hourly_bed_charges',NULL,'()','{}','I',-118,'2025-06-27 03:24:59.135196','c41fe84c50d142768e72563a97bebb58',NULL,1,NULL,NULL),(55,'api.tasks.generate_hourly_bed_charges',NULL,'()','{}','I',-118,'2025-06-27 03:25:03.462131','f26ce64adf3b414f80df3cd9f8b9f452',NULL,1,NULL,NULL),(56,'api.tasks.generate_hourly_bed_charges',NULL,'()','{}','I',-118,'2025-06-27 03:25:22.789951','9002c587ea844a288c7a8fe9045b7664',NULL,1,NULL,NULL),(57,'api.tasks.generate_hourly_bed_charges',NULL,'()','{}','I',-118,'2025-06-27 03:24:50.470033','97572469cb334ca6b27ae5b7991430c7',NULL,1,NULL,NULL),(58,'api.tasks.generate_hourly_bed_charges',NULL,'()','{}','I',-118,'2025-06-27 03:24:40.650336','5146c883ec3a4c718a23681e58c514e4',NULL,1,NULL,NULL),(59,'api.tasks.generate_hourly_bed_charges',NULL,'()','{}','I',-118,'2025-06-27 03:25:01.562165','679db4fc3f8343a0967d564a40bbd1b6',NULL,1,NULL,NULL),(60,'api.tasks.generate_hourly_bed_charges',NULL,'()','{}','I',-118,'2025-06-27 03:25:12.018922','d3b08c7e7bd044adabe667b176afb945',NULL,1,NULL,NULL),(61,'api.tasks.generate_hourly_bed_charges',NULL,'()','{}','I',-118,'2025-06-27 03:25:15.935357','471212e571c849f4988e38419818fc4f',NULL,1,NULL,NULL),(62,'api.tasks.generate_hourly_bed_charges',NULL,'()','{}','I',-118,'2025-06-27 03:25:23.922075','b2228bc0a90c495b97c5284601ce2dd9',NULL,1,NULL,NULL),(63,'api.tasks.generate_hourly_bed_charges',NULL,'()','{}','I',-118,'2025-06-27 03:25:27.960999','dd29f38e5458440990a9cf452cf0e51d',NULL,1,NULL,NULL),(64,'api.tasks.generate_hourly_bed_charges',NULL,'()','{}','I',-119,'2025-06-27 03:25:32.738128','dcc63275cf8a4a3a96ff6339131f59fe',NULL,1,NULL,NULL),(65,'api.tasks.generate_hourly_bed_charges',NULL,'()','{}','I',-118,'2025-06-27 03:24:38.577702','08724182c5da4c1aa6a92c5f5724f99b',NULL,1,NULL,NULL),(66,'api.tasks.generate_hourly_bed_charges',NULL,'()','{}','I',-118,'2025-06-27 03:24:39.571289','7cc4385781eb4625bd82c47f2ca87ce9',NULL,1,NULL,NULL),(67,'api.tasks.generate_hourly_bed_charges',NULL,'()','{}','I',-118,'2025-06-27 03:24:45.992435','1d5f0222176d4af089ea8b1ce59b1b90',NULL,1,NULL,NULL),(68,'api.tasks.generate_hourly_bed_charges',NULL,'()','{}','I',-118,'2025-06-27 03:25:05.286361','fba4eaec47064a6986bf86e4ff829133',NULL,1,NULL,NULL),(69,'api.tasks.generate_hourly_bed_charges',NULL,'()','{}','I',-118,'2025-06-27 03:24:38.990187','06baa1e264b54d3983c1e173f010c9b9',NULL,1,NULL,NULL),(70,'api.tasks.generate_hourly_bed_charges',NULL,'()','{}','I',-118,'2025-06-27 03:24:43.814276','a59332b14a364043987a3e81676a495b',NULL,1,NULL,NULL),(71,'api.tasks.generate_hourly_bed_charges',NULL,'()','{}','I',-118,'2025-06-27 03:24:58.521144','daa9ec6d22a5461d9ffb09520a4a10c3',NULL,1,NULL,NULL),(72,'api.tasks.generate_hourly_bed_charges',NULL,'()','{}','I',-118,'2025-06-27 03:24:47.998991','3b4408c4100c4268b7ce644a2de90910',NULL,1,NULL,NULL),(73,'api.tasks.generate_hourly_bed_charges',NULL,'()','{}','I',-118,'2025-06-27 03:24:49.194524','67c68146ded04ced812ac7b35935c0b7',NULL,1,NULL,NULL),(74,'api.tasks.generate_hourly_bed_charges',NULL,'()','{}','I',-118,'2025-06-27 03:24:38.641743','dc4a691e1e9b47d69d9ead71478e2155',NULL,1,NULL,NULL),(75,'api.tasks.generate_hourly_bed_charges',NULL,'()','{}','I',-118,'2025-06-27 03:24:40.049770','83586b6879da49ebaf02e17afa86a90c',NULL,1,NULL,NULL),(76,'api.tasks.generate_hourly_bed_charges',NULL,'()','{}','I',-118,'2025-06-27 03:24:55.716951','1901996475e44f35b6541e6a0f7f5176',NULL,1,NULL,NULL),(77,'api.tasks.generate_hourly_bed_charges',NULL,'()','{}','I',-118,'2025-06-27 03:24:56.765625','0c114474b6174634a5e03d2749724f98',NULL,1,NULL,NULL),(78,'api.tasks.generate_hourly_bed_charges',NULL,'()','{}','I',-118,'2025-06-27 03:24:48.944833','5fc04e8df44b4bcc8f366b1cb248d42e',NULL,1,NULL,NULL),(79,'api.tasks.generate_hourly_bed_charges',NULL,'()','{}','I',-118,'2025-06-27 03:25:09.759965','9f023c68068b48b7aed4637edc0e2bf9',NULL,1,NULL,NULL),(80,'api.tasks.generate_hourly_bed_charges',NULL,'()','{}','I',-118,'2025-06-27 03:24:42.600846','b22230300f2b4a08bdd05047fba9669e',NULL,1,NULL,NULL),(81,'api.tasks.generate_hourly_bed_charges',NULL,'()','{}','I',-118,'2025-06-27 03:24:51.527506','763c925476cc4e25a8c452e837fb5727',NULL,1,NULL,NULL),(82,'api.tasks.generate_hourly_bed_charges',NULL,'()','{}','I',-118,'2025-06-27 03:25:01.575516','96e6b4c505a34f1ab62244a8d3250ba9',NULL,1,NULL,NULL),(83,'api.tasks.generate_hourly_bed_charges',NULL,'()','{}','I',-118,'2025-06-27 03:25:11.999737','a3464f8ed8b34b77a494ca578d5ce702',NULL,1,NULL,NULL),(84,'api.tasks.generate_hourly_bed_charges',NULL,'()','{}','I',-118,'2025-06-27 03:25:18.694176','bfbaa672f8f64d189c2ed1099415889e',NULL,1,NULL,NULL),(85,'api.tasks.generate_hourly_bed_charges',NULL,'()','{}','I',-118,'2025-06-27 03:24:49.725855','7065c399201f480eb8f1c95552ddd2f8',NULL,1,NULL,NULL),(86,'api.tasks.generate_hourly_bed_charges',NULL,'()','{}','I',-118,'2025-06-27 03:24:53.754468','5766284f1373403d925aa398e12a1d9b',NULL,1,NULL,NULL),(87,'api.tasks.generate_hourly_bed_charges',NULL,'()','{}','I',-118,'2025-06-27 03:25:09.463783','26b86ad76ae54a908686d7393e335ebc',NULL,1,NULL,NULL),(88,'api.tasks.generate_hourly_bed_charges',NULL,'()','{}','I',-118,'2025-06-27 03:25:15.955372','b2236eb98b0042429fad27b8841ca968',NULL,1,NULL,NULL),(89,'api.tasks.generate_hourly_bed_charges',NULL,'()','{}','I',-118,'2025-06-27 03:25:23.950417','07179d9ec7704f73bf23a649aca8fe11',NULL,1,NULL,NULL),(90,'api.tasks.generate_hourly_bed_charges',NULL,'()','{}','I',-118,'2025-06-27 03:24:36.035151','56156ba30b98481196689fa93ce3d73b',NULL,1,NULL,NULL),(91,'api.tasks.generate_hourly_bed_charges',NULL,'()','{}','I',-118,'2025-06-27 03:24:38.942468','8eccce9841bc45a79f12ecd24917a16b',NULL,1,NULL,NULL),(92,'api.tasks.generate_hourly_bed_charges',NULL,'()','{}','I',-118,'2025-06-27 03:24:45.297326','d188c95542c64f7b9c51e510f282a194',NULL,1,NULL,NULL),(93,'api.tasks.generate_hourly_bed_charges',NULL,'()','{}','I',-118,'2025-06-27 03:25:28.630114','0de3f3e9fe1a4102ab8a8ce6b8a52612',NULL,1,NULL,NULL),(94,'api.tasks.generate_hourly_bed_charges',NULL,'()','{}','I',-119,'2025-06-27 03:25:31.247415','6229b6541bd74b64a6e7f1b7e1cf5a70',NULL,1,NULL,NULL),(95,'api.tasks.generate_hourly_bed_charges',NULL,'()','{}','I',-119,'2025-06-27 03:25:32.424998','d48f2f36a97747059777b19943cffb56',NULL,1,NULL,NULL),(96,'api.tasks.generate_hourly_bed_charges',NULL,'()','{}','I',-118,'2025-06-27 03:24:44.299385','0f9d938025e94bf4a7c120694038c9c4',NULL,1,NULL,NULL),(97,'api.tasks.generate_hourly_bed_charges',NULL,'()','{}','I',-118,'2025-06-27 03:24:45.597019','9088358b6f114696a16eee6faf69b04e',NULL,1,NULL,NULL),(98,'api.tasks.generate_hourly_bed_charges',NULL,'()','{}','I',-118,'2025-06-27 03:25:01.559638','5e03b17ec49a428586a0881d26257ed5',NULL,1,NULL,NULL),(99,'api.tasks.generate_hourly_bed_charges',NULL,'()','{}','I',-118,'2025-06-27 03:25:02.597636','9ef6a35385ad441eb1c1d61683982f2c',NULL,1,NULL,NULL),(100,'api.tasks.generate_hourly_bed_charges',NULL,'()','{}','I',-118,'2025-06-27 03:25:28.926681','cb7c14effc9f4e098b6ae45dbb070468',NULL,1,NULL,NULL),(101,'api.tasks.generate_hourly_bed_charges',NULL,'()','{}','I',-119,'2025-06-27 03:25:29.915852','f29fe3c4bb5749fab016c867783e1945',NULL,1,NULL,NULL),(102,'api.tasks.generate_hourly_bed_charges',NULL,'()','{}','I',-118,'2025-06-27 03:25:24.536239','a241fdc489684adb9f11dd19108baf03',NULL,1,NULL,NULL),(103,'api.tasks.generate_hourly_bed_charges',NULL,'()','{}','I',-118,'2025-06-27 03:25:25.613560','ae7129b1ad26438bbed538b99577ce10',NULL,1,NULL,NULL),(104,'api.tasks.generate_hourly_bed_charges',NULL,'()','{}','I',-119,'2025-06-27 03:25:30.108214','0e7a2483102b4469bd3b334f0d99471a',NULL,1,NULL,NULL),(105,'api.tasks.generate_hourly_bed_charges',NULL,'()','{}','I',-119,'2025-06-27 03:25:31.075543','5e1b36d78f8d4974bc533a0fde07e96c',NULL,1,NULL,NULL),(106,'api.tasks.generate_hourly_bed_charges',NULL,'()','{}','I',-118,'2025-06-27 03:24:57.455513','c280d943493f46f8b533d59e46148a5d',NULL,1,NULL,NULL),(107,'api.tasks.generate_hourly_bed_charges',NULL,'()','{}','I',-118,'2025-06-27 03:24:58.503719','4182aae2a3d44566ae7df4cac59741c1',NULL,1,NULL,NULL),(108,'api.tasks.generate_hourly_bed_charges',NULL,'()','{}','I',-118,'2025-06-27 03:24:41.363014','5c5d7cff534644cc87cbdec0d9c0461a',NULL,1,NULL,NULL),(109,'api.tasks.generate_hourly_bed_charges',NULL,'()','{}','I',-118,'2025-06-27 03:24:42.342608','d53ed2f2f0d84897b817cdf3634eb776',NULL,1,NULL,NULL),(110,'api.tasks.generate_hourly_bed_charges',NULL,'()','{}','I',-118,'2025-06-27 03:24:54.678998','ea2cca0138e247639d5871c32dfa9f1f',NULL,1,NULL,NULL),(111,'api.tasks.generate_hourly_bed_charges',NULL,'()','{}','I',-118,'2025-06-27 03:24:56.601165','254b84ea1c5647dc983d200cd54adc01',NULL,1,NULL,NULL),(112,'api.tasks.generate_hourly_bed_charges',NULL,'()','{}','I',-118,'2025-06-27 03:25:08.353202','e5288705e79a4bfc850f066aa6937fd3',NULL,1,NULL,NULL),(113,'api.tasks.generate_hourly_bed_charges',NULL,'()','{}','I',-118,'2025-06-27 03:25:09.557345','f1e80210ef5742589ee844f46a86fcfd',NULL,1,NULL,NULL),(114,'api.tasks.generate_hourly_bed_charges',NULL,'()','{}','I',-118,'2025-06-27 03:25:20.589935','e1d3ce5049fe4bf2ab3491fe80c1b35b',NULL,1,NULL,NULL),(115,'api.tasks.generate_hourly_bed_charges',NULL,'()','{}','I',-118,'2025-06-27 03:25:21.589317','b4b11641f788477d813302ba9ac2b6b6',NULL,1,NULL,NULL),(116,'api.tasks.generate_hourly_bed_charges',NULL,'()','{}','I',-118,'2025-06-27 03:25:27.578051','cb03e96a9dc048baa549be01e2545de0',NULL,1,NULL,NULL),(117,'api.tasks.generate_hourly_bed_charges',NULL,'()','{}','I',-118,'2025-06-27 03:25:28.541383','8679dc459253454e8f5e75dcfd0d1861',NULL,1,NULL,NULL),(118,'api.tasks.generate_hourly_bed_charges',NULL,'()','{}','I',-118,'2025-06-27 03:25:23.613495','99ec178221cd41faaf27793dee71b629',NULL,1,NULL,NULL),(119,'api.tasks.generate_hourly_bed_charges',NULL,'()','{}','I',-118,'2025-06-27 03:25:24.636464','c8f5a3a17ba541a0b4b5d1764cdae0bd',NULL,1,NULL,NULL),(120,'api.tasks.generate_hourly_bed_charges',NULL,'()','{}','I',-118,'2025-06-27 03:25:24.297338','28383ed2eeaf41c6a695e74f8809e175',NULL,1,NULL,NULL),(121,'api.tasks.generate_hourly_bed_charges',NULL,'()','{}','I',-118,'2025-06-27 03:24:55.612439','2ebb6f29e6c04c8bae6e39dcbb63c197',NULL,1,NULL,NULL),(122,'api.tasks.generate_hourly_bed_charges',NULL,'()','{}','I',-118,'2025-06-27 03:24:56.788197','458e6b834f9c48318816dd86d931ff65',NULL,1,NULL,NULL),(123,'api.tasks.generate_hourly_bed_charges',NULL,'()','{}','I',-118,'2025-06-27 03:24:57.750325','803539dbd79d48d7a86be27947b34159',NULL,1,NULL,NULL),(124,'api.tasks.generate_hourly_bed_charges',NULL,'()','{}','I',-118,'2025-06-27 03:24:57.750325','65c57d1284894bd292746768695f3ba6',NULL,1,NULL,NULL),(125,'api.tasks.generate_hourly_bed_charges',NULL,'()','{}','I',-118,'2025-06-27 03:24:57.750325','1ec5a80302464844bf6fd2a887ad48a1',NULL,1,NULL,NULL),(126,'api.tasks.generate_hourly_bed_charges',NULL,'()','{}','I',-114,'2025-06-27 03:24:36.378444','130ccc4dee214df0bb030a9574521588',NULL,1,NULL,NULL),(127,'api.tasks.generate_hourly_bed_charges',NULL,'()','{}','I',-110,'2025-06-27 03:24:41.759325','8baf5bf1db6c4fcc9f70f24c1542f76d',NULL,1,NULL,NULL),(128,'api.tasks.generate_hourly_bed_charges',NULL,'()','{}','I',-106,'2025-06-27 03:24:46.065772','ef17d92390324921ae69e2def30745d8',NULL,1,NULL,NULL),(129,'api.tasks.generate_hourly_bed_charges',NULL,'()','{}','I',-102,'2025-06-27 03:24:51.528038','6dce53277d5b44b0bec6d804eb364436',NULL,1,NULL,NULL),(130,'api.tasks.generate_hourly_bed_charges',NULL,'()','{}','I',-99,'2025-06-27 03:25:26.647270','ace11db62a834c75ac74a93e8954b942',NULL,1,NULL,NULL),(131,'api.tasks.generate_hourly_bed_charges',NULL,'()','{}','I',-95,'2025-06-27 03:25:31.200982','af7e3ef2e9d24a3680ccb5f6121ab645',NULL,1,NULL,NULL),(132,'api.tasks.generate_hourly_bed_charges',NULL,'()','{}','I',-91,'2025-06-27 03:25:06.862454','aa347e5c236f4ddd88900deab62e129e',NULL,1,NULL,NULL),(133,'api.tasks.generate_hourly_bed_charges',NULL,'()','{}','I',-87,'2025-06-27 03:25:10.982732','b29ce76b8d1b42f996041cba5da37e75',NULL,1,NULL,NULL),(134,'api.tasks.generate_hourly_bed_charges',NULL,'()','{}','I',-83,'2025-06-27 03:24:45.739287','068f8a7a7a0643898d9fcf62f23ebf3b',NULL,1,NULL,NULL),(135,'api.tasks.generate_hourly_bed_charges',NULL,'()','{}','I',-80,'2025-06-27 03:25:20.655514','ce4a2dec1b09429b87ef0e9f109d7b57',NULL,1,NULL,NULL),(136,'api.tasks.generate_hourly_bed_charges',NULL,'()','{}','I',-76,'2025-06-27 03:24:53.622085','c603c745d16f40059c4b16cbbffd3170',NULL,1,NULL,NULL),(137,'api.tasks.generate_hourly_bed_charges',NULL,'()','{}','I',-72,'2025-06-27 03:24:56.274480','074583b614e44523aed4b18c21438066',NULL,1,NULL,NULL),(138,'api.tasks.generate_hourly_bed_charges',NULL,'()','{}','I',-69,'2025-06-27 03:25:30.661222','2bf213ef0c4640da9c97705f386a54f6',NULL,1,NULL,NULL),(139,'api.tasks.generate_hourly_bed_charges',NULL,'()','{}','I',-65,'2025-06-27 03:25:05.053712','a67dcbb048644aeb9dd8f42c364f5e6a',NULL,1,NULL,NULL),(140,'api.tasks.generate_hourly_bed_charges',NULL,'()','{}','I',-61,'2025-06-27 03:24:41.096908','b1c6828f4b23490d9cf01ee72231359a',NULL,1,NULL,NULL),(141,'api.tasks.generate_hourly_bed_charges',NULL,'()','{}','I',-58,'2025-06-27 03:25:15.589815','fff8c2e3318b42e8b2b481a40e5f6d6a',NULL,1,NULL,NULL),(142,'api.tasks.generate_hourly_bed_charges',NULL,'()','{}','I',-54,'2025-06-27 03:24:49.379276','81a66b807e914108a0b7bcb77c19d7b9',NULL,1,NULL,NULL),(143,'api.tasks.generate_hourly_bed_charges',NULL,'()','{}','I',-51,'2025-06-27 03:25:24.440701','e80914e429aa4d9998daf8dd73c5992e',NULL,1,NULL,NULL),(144,'api.tasks.generate_hourly_bed_charges',NULL,'()','{}','I',-47,'2025-06-27 03:24:59.580984','ea8e6e81f79e44e9b2ff15819b95a3bf',NULL,1,NULL,NULL),(145,'api.tasks.generate_hourly_bed_charges',NULL,'()','{}','I',-46,'2025-06-27 03:25:31.659456','c3b2f032af8c478b8518b364797a5052',NULL,1,NULL,NULL),(146,'api.tasks.generate_hourly_bed_charges',NULL,'()','{}','I',-45,'2025-06-27 03:24:36.099236','fff40982022f425cbd49cf5dc0f823be',NULL,1,NULL,NULL),(147,'api.tasks.generate_hourly_bed_charges',NULL,'()','{}','I',-45,'2025-06-27 03:25:02.449101','837a77eafc454a779c370ca68a2dcfdf',NULL,1,NULL,NULL),(148,'api.tasks.generate_hourly_bed_charges',NULL,'()','{}','I',-44,'2025-06-27 03:25:04.782860','a83f76f7835343fd80f00e9ecd8ad40e',NULL,1,NULL,NULL),(149,'api.tasks.generate_hourly_bed_charges',NULL,'()','{}','I',-40,'2025-06-27 03:24:38.348620','3e13c123d1e74fb9b8467a3c0bdc03ea',NULL,1,NULL,NULL),(150,'api.tasks.generate_hourly_bed_charges',NULL,'()','{}','I',-37,'2025-06-27 03:24:43.974439','070bfb514acb4c8bb62ae14d2b915782',NULL,1,NULL,NULL),(151,'api.tasks.generate_hourly_bed_charges',NULL,'()','{}','I',-34,'2025-06-27 03:25:18.465952','ebe8c1b38449451bb9bcdc1302e8c0ad',NULL,1,NULL,NULL),(152,'api.tasks.generate_hourly_bed_charges',NULL,'()','{}','I',-30,'2025-06-27 03:24:52.555977','ae527ed512724766a79e60a42b8544ca',NULL,1,NULL,NULL),(153,'api.tasks.generate_hourly_bed_charges',NULL,'()','{}','I',-27,'2025-06-27 03:24:57.542886','69b64d9fdf9c4c56a367154398fc0a7f',NULL,1,NULL,NULL),(154,'api.tasks.generate_hourly_bed_charges',NULL,'()','{}','I',-24,'2025-06-27 03:25:03.185226','438393c3193047d9b503c371cd38da89',NULL,1,NULL,NULL),(155,'api.tasks.generate_hourly_bed_charges',NULL,'()','{}','I',-20,'2025-06-27 03:24:36.568649','8187c9b2cea44843a215909cbbcd1b68',NULL,1,NULL,NULL),(156,'api.tasks.generate_hourly_bed_charges',NULL,'()','{}','I',-17,'2025-06-27 03:24:41.675709','bad01555a8ef406c962ab9cc5796f079',NULL,1,NULL,NULL),(157,'api.tasks.generate_hourly_bed_charges',NULL,'()','{}','I',-14,'2025-06-27 03:24:47.037076','acc1c22712824a04b29c5f6c05528375',NULL,1,NULL,NULL),(158,'api.tasks.generate_hourly_bed_charges',NULL,'()','{}','I',-12,'2025-06-27 03:25:05.820252','477d32089bf84d90b7029728011a98a8',NULL,1,NULL,NULL),(159,'api.tasks.generate_hourly_bed_charges',NULL,'()','{}','I',-12,'2025-06-27 03:25:17.719635','d7daa34d885448e580199491c4482aae',NULL,1,NULL,NULL),(160,'api.tasks.generate_hourly_bed_charges',NULL,'()','{}','I',-12,'2025-06-27 03:25:25.514444','a93b77f7ea924e3fa02b5ff801b985b9',NULL,1,NULL,NULL),(161,'api.tasks.generate_hourly_bed_charges',NULL,'()','{}','I',-11,'2025-06-27 03:24:51.636362','f90cb1d816684e778d789ecd548b2a07',NULL,1,NULL,NULL),(162,'api.tasks.generate_hourly_bed_charges',NULL,'()','{}','I',-8,'2025-06-27 03:24:56.784453','788525d561154dc49bff65dda44ead1e',NULL,1,NULL,NULL),(163,'api.tasks.generate_hourly_bed_charges',NULL,'()','{}','I',-8,'2025-06-27 03:25:03.439556','d5f04a14869144079b2b1f0716cccdce',NULL,1,NULL,NULL),(164,'api.tasks.generate_hourly_bed_charges',NULL,'()','{}','I',-8,'2025-06-27 03:25:13.541953','0916bc0250764af3b4270b68c70bfa7c',NULL,1,NULL,NULL),(165,'api.tasks.generate_hourly_bed_charges',NULL,'()','{}','I',-5,'2025-06-27 03:25:00.315736','e4b3323a171f46ac8d4efb3313ec8ab6',NULL,1,NULL,NULL),(166,'api.tasks.generate_hourly_bed_charges',NULL,'()','{}','I',-2,'2025-06-27 03:25:05.702287','64cf8132bd5a45b4825b2caa3885c554',NULL,1,NULL,NULL),(167,'api.tasks.generate_hourly_bed_charges',NULL,'()','{}','I',-1,'2025-06-27 03:24:56.561322',NULL,NULL,1,NULL,NULL),(168,'api.tasks.generate_hourly_bed_charges',NULL,'()','{}','I',-1,'2025-06-27 03:24:56.561322',NULL,NULL,1,NULL,NULL),(169,'api.tasks.generate_hourly_bed_charges',NULL,'()','{}','I',-1,'2025-06-27 03:24:56.565364',NULL,NULL,1,NULL,NULL),(170,'api.tasks.generate_hourly_bed_charges',NULL,'()','{}','I',-1,'2025-06-27 04:18:13.013101',NULL,NULL,1,NULL,NULL),(171,'api.tasks.generate_hourly_bed_charges',NULL,'()','{}','I',-1,'2025-06-27 04:18:14.219968',NULL,NULL,1,NULL,NULL),(172,'api.tasks.generate_hourly_bed_charges',NULL,'()','{}','I',-1,'2025-06-27 05:20:22.390337',NULL,NULL,1,NULL,NULL),(173,'api.tasks.generate_hourly_bed_charges',NULL,'()','{}','I',-1,'2025-06-27 06:14:11.728654',NULL,NULL,1,NULL,NULL),(174,'api.tasks.generate_hourly_bed_charges',NULL,'()','{}','I',-1,'2025-06-27 06:14:39.602297',NULL,NULL,1,NULL,NULL),(175,'api.tasks.generate_hourly_bed_charges',NULL,'()','{}','I',-1,'2025-06-27 06:14:45.836400',NULL,NULL,1,NULL,NULL),(176,'api.tasks.generate_hourly_bed_charges',NULL,'()','{}','I',-1,'2025-06-27 06:14:46.606374',NULL,NULL,1,NULL,NULL),(177,'api.tasks.generate_hourly_bed_charges',NULL,'()','{}','I',-1,'2025-06-27 06:15:18.565945',NULL,NULL,1,NULL,NULL),(178,'api.tasks.generate_hourly_bed_charges',NULL,'()','{}','I',-1,'2025-06-27 06:15:30.201178',NULL,NULL,1,NULL,NULL),(179,'api.tasks.generate_hourly_bed_charges',NULL,'()','{}','I',-1,'2025-06-27 06:15:45.838679',NULL,NULL,1,NULL,NULL),(180,'api.tasks.generate_hourly_bed_charges',NULL,'()','{}','I',-1,'2025-06-27 06:16:25.277676',NULL,NULL,1,NULL,NULL),(181,'api.tasks.generate_hourly_bed_charges',NULL,'()','{}','I',-1,'2025-06-27 06:16:29.900933',NULL,NULL,1,NULL,NULL),(182,'api.tasks.generate_hourly_bed_charges',NULL,'()','{}','I',-1,'2025-06-27 06:16:33.943476',NULL,NULL,1,NULL,NULL),(183,'api.tasks.generate_hourly_bed_charges',NULL,'()','{}','I',-1,'2025-06-27 06:16:41.264874',NULL,NULL,1,NULL,NULL),(184,'api.tasks.generate_hourly_bed_charges',NULL,'()','{}','I',-1,'2025-06-27 06:16:53.687419',NULL,NULL,1,NULL,NULL),(185,'api.tasks.generate_hourly_bed_charges',NULL,'()','{}','I',-1,'2025-06-27 06:16:55.411190',NULL,NULL,1,NULL,NULL),(186,'api.tasks.generate_hourly_bed_charges',NULL,'()','{}','I',-1,'2025-06-27 06:19:21.055202',NULL,NULL,1,NULL,NULL),(187,'api.tasks.generate_hourly_bed_charges',NULL,'()','{}','I',-1,'2025-06-27 06:19:36.245507',NULL,NULL,1,NULL,NULL),(188,'api.tasks.generate_hourly_bed_charges',NULL,'()','{}','I',-1,'2025-06-27 06:19:41.542764',NULL,NULL,1,NULL,NULL),(189,'api.tasks.generate_hourly_bed_charges',NULL,'()','{}','I',-1,'2025-06-27 06:20:01.192296',NULL,NULL,1,NULL,NULL),(190,'api.tasks.generate_hourly_bed_charges',NULL,'()','{}','I',-1,'2025-06-27 06:20:20.209833',NULL,NULL,1,NULL,NULL),(191,'api.tasks.generate_hourly_bed_charges',NULL,'()','{}','I',-1,'2025-06-27 06:20:34.395813',NULL,NULL,1,NULL,NULL),(192,'api.tasks.generate_hourly_bed_charges',NULL,'()','{}','I',-1,'2025-06-27 06:21:11.667157',NULL,NULL,1,NULL,NULL),(193,'api.tasks.generate_hourly_bed_charges',NULL,'()','{}','I',-1,'2025-06-27 06:21:27.945696',NULL,NULL,1,NULL,NULL),(194,'api.tasks.generate_hourly_bed_charges',NULL,'()','{}','I',-1,'2025-06-27 06:21:32.861919',NULL,NULL,1,NULL,NULL),(195,'api.tasks.generate_hourly_bed_charges',NULL,'()','{}','I',-1,'2025-06-27 06:21:38.271154',NULL,NULL,1,NULL,NULL),(196,'api.tasks.generate_hourly_bed_charges',NULL,'()','{}','I',-1,'2025-06-27 06:21:46.867398',NULL,NULL,1,NULL,NULL),(197,'api.tasks.generate_hourly_bed_charges',NULL,'()','{}','I',-1,'2025-06-27 06:21:53.479525',NULL,NULL,1,NULL,NULL),(198,'api.tasks.generate_hourly_bed_charges',NULL,'()','{}','I',-1,'2025-06-27 06:22:00.912574',NULL,NULL,1,NULL,NULL),(199,'api.tasks.generate_hourly_bed_charges',NULL,'()','{}','I',-1,'2025-06-27 06:23:01.171380',NULL,NULL,1,NULL,NULL),(200,'api.tasks.generate_hourly_bed_charges',NULL,'()','{}','I',-1,'2025-06-27 06:26:15.648455',NULL,NULL,1,NULL,NULL),(201,'api.tasks.generate_hourly_bed_charges',NULL,'()','{}','I',-1,'2025-06-27 06:28:59.589683',NULL,NULL,1,NULL,NULL),(202,'api.tasks.generate_hourly_bed_charges',NULL,'()','{}','I',-1,'2025-06-27 06:29:53.401630',NULL,NULL,1,NULL,NULL),(203,'api.tasks.generate_hourly_bed_charges',NULL,'()','{}','I',-1,'2025-06-27 06:30:02.871686',NULL,NULL,1,NULL,NULL),(204,'api.tasks.generate_hourly_bed_charges',NULL,'()','{}','I',-1,'2025-06-27 06:30:13.448060',NULL,NULL,1,NULL,NULL),(205,'api.tasks.generate_hourly_bed_charges',NULL,'()','{}','I',-1,'2025-06-27 06:32:07.442072',NULL,NULL,1,NULL,NULL),(206,'api.tasks.generate_hourly_bed_charges',NULL,'()','{}','I',-1,'2025-06-27 06:38:45.652748',NULL,NULL,1,NULL,NULL),(207,'api.tasks.generate_hourly_bed_charges',NULL,'()','{}','I',-1,'2025-06-27 06:42:07.061107',NULL,NULL,1,NULL,NULL),(208,'api.tasks.generate_hourly_bed_charges',NULL,'()','{}','I',-1,'2025-06-27 06:43:24.247662',NULL,NULL,1,NULL,NULL),(209,'api.tasks.generate_hourly_bed_charges',NULL,'()','{}','I',-1,'2025-06-27 06:43:31.041893',NULL,NULL,1,NULL,NULL),(210,'api.tasks.generate_hourly_bed_charges',NULL,'()','{}','I',-1,'2025-06-27 06:46:56.717237',NULL,NULL,1,NULL,NULL),(211,'api.tasks.generate_hourly_bed_charges',NULL,'()','{}','I',-1,'2025-06-27 07:04:44.070466',NULL,NULL,1,NULL,NULL),(212,'api.tasks.generate_hourly_bed_charges',NULL,'()','{}','I',-1,'2025-06-27 07:04:53.810218',NULL,NULL,1,NULL,NULL),(213,'api.tasks.generate_hourly_bed_charges',NULL,'()','{}','I',-1,'2025-06-27 07:05:19.916538',NULL,NULL,1,NULL,NULL),(214,'api.tasks.generate_hourly_bed_charges',NULL,'()','{}','I',-1,'2025-06-27 07:05:50.238399',NULL,NULL,1,NULL,NULL),(215,'api.tasks.generate_hourly_bed_charges',NULL,'()','{}','I',-1,'2025-06-27 07:05:55.195243',NULL,NULL,1,NULL,NULL),(216,'api.tasks.generate_hourly_bed_charges',NULL,'()','{}','I',-1,'2025-06-27 07:05:55.987427',NULL,NULL,1,NULL,NULL),(217,'api.tasks.generate_hourly_bed_charges',NULL,'()','{}','I',-1,'2025-06-27 07:14:53.098963',NULL,NULL,1,NULL,NULL),(218,'api.tasks.generate_hourly_bed_charges',NULL,'()','{}','I',-1,'2025-06-27 07:15:19.986526',NULL,NULL,1,NULL,NULL),(219,'api.tasks.generate_hourly_bed_charges',NULL,'()','{}','I',-1,'2025-06-27 07:15:21.103608',NULL,NULL,1,NULL,NULL),(220,'api.tasks.generate_hourly_bed_charges',NULL,'()','{}','I',-1,'2025-06-27 07:19:52.197738',NULL,NULL,1,NULL,NULL),(221,'api.tasks.generate_hourly_bed_charges',NULL,'()','{}','I',-1,'2025-06-27 07:20:37.377971',NULL,NULL,1,NULL,NULL),(222,'api.tasks.generate_hourly_bed_charges',NULL,'()','{}','I',-1,'2025-06-27 07:21:01.136949',NULL,NULL,1,NULL,NULL),(223,'api.tasks.generate_hourly_bed_charges',NULL,'()','{}','I',-1,'2025-06-27 07:21:01.946680',NULL,NULL,1,NULL,NULL),(224,'api.tasks.generate_hourly_bed_charges',NULL,'()','{}','I',-1,'2025-06-27 07:21:44.756594',NULL,NULL,1,NULL,NULL);
/*!40000 ALTER TABLE `django_q_schedule` ENABLE KEYS */;
UNLOCK TABLES;

--
-- Table structure for table `django_q_task`
--

DROP TABLE IF EXISTS `django_q_task`;
/*!40101 SET @saved_cs_client     = @@character_set_client */;
/*!50503 SET character_set_client = utf8mb4 */;
CREATE TABLE `django_q_task` (
  `name` varchar(100) COLLATE utf8mb4_unicode_ci NOT NULL,
  `func` varchar(256) COLLATE utf8mb4_unicode_ci NOT NULL,
  `hook` varchar(256) COLLATE utf8mb4_unicode_ci DEFAULT NULL,
  `args` longtext COLLATE utf8mb4_unicode_ci,
  `kwargs` longtext COLLATE utf8mb4_unicode_ci,
  `result` longtext COLLATE utf8mb4_unicode_ci,
  `started` datetime(6) NOT NULL,
  `stopped` datetime(6) NOT NULL,
  `success` tinyint(1) NOT NULL,
  `id` varchar(32) COLLATE utf8mb4_unicode_ci NOT NULL,
  `group` varchar(100) COLLATE utf8mb4_unicode_ci DEFAULT NULL,
  `attempt_count` int NOT NULL,
  PRIMARY KEY (`id`)
) ENGINE=InnoDB DEFAULT CHARSET=utf8mb4 COLLATE=utf8mb4_unicode_ci;
/*!40101 SET character_set_client = @saved_cs_client */;

--
-- Dumping data for table `django_q_task`
--

LOCK TABLES `django_q_task` WRITE;
/*!40000 ALTER TABLE `django_q_task` DISABLE KEYS */;
INSERT INTO `django_q_task` VALUES ('don-hydrogen-lion-five','api.tasks.generate_hourly_bed_charges',NULL,'gAUpLg==','gAV9lC4=',NULL,'2025-06-27 03:23:31.664894','2025-06-27 03:23:32.867437',1,'016d376f91ce4c738a5f7ad5855bc65f','117',1),('missouri-indigo-fillet-cola','api.tasks.generate_hourly_bed_charges',NULL,'gAUpLg==','gAV9lC4=',NULL,'2025-06-27 03:23:31.683691','2025-06-27 03:23:32.939625',1,'02e8bfdbd774458286255bbc0c441b7b','131',1),('mike-minnesota-mountain-bulldog','api.tasks.generate_hourly_bed_charges',NULL,'gAUpLg==','gAV9lC4=',NULL,'2025-06-27 03:23:31.563513','2025-06-27 03:23:32.509571',1,'038a3536a5774f16b3827bde49623303','88',1),('harry-cold-zebra-snake','api.tasks.generate_hourly_bed_charges',NULL,'gAUpLg==','gAV9lC4=',NULL,'2025-06-27 03:23:31.626308','2025-06-27 03:23:32.728900',1,'0495ce05867f4595a09ad81c6e31a531','120',1),('lima-queen-salami-fix','api.tasks.generate_hourly_bed_charges',NULL,'gAUpLg==','gAV9lC4=',NULL,'2025-06-27 03:24:02.237701','2025-06-27 03:24:03.018527',1,'068f8a7a7a0643898d9fcf62f23ebf3b','134',1),('zulu-orange-spaghetti-mockingbird','api.tasks.generate_hourly_bed_charges',NULL,'gAUpLg==','gAV9lC4=',NULL,'2025-06-27 03:24:02.186808','2025-06-27 03:24:02.784918',1,'06baa1e264b54d3983c1e173f010c9b9','69',1),('oranges-fish-december-kansas','api.tasks.generate_hourly_bed_charges',NULL,'gAUpLg==','gAV9lC4=',NULL,'2025-06-27 03:24:02.222083','2025-06-27 03:24:02.941837',1,'070bfb514acb4c8bb62ae14d2b915782','150',1),('beer-minnesota-kitten-venus','api.tasks.generate_hourly_bed_charges',NULL,'gAUpLg==','gAV9lC4=',NULL,'2025-06-27 03:24:32.992085','2025-06-27 03:24:33.558238',1,'07179d9ec7704f73bf23a649aca8fe11','89',1),('lemon-music-five-mars','api.tasks.generate_hourly_bed_charges',NULL,'gAUpLg==','gAV9lC4=',NULL,'2025-06-27 03:24:02.363126','2025-06-27 03:24:05.804657',1,'074583b614e44523aed4b18c21438066','137',1),('river-floor-london-bakerloo','api.tasks.generate_hourly_bed_charges',NULL,'gAUpLg==','gAV9lC4=',NULL,'2025-06-27 03:24:02.174798','2025-06-27 03:24:02.753668',1,'08724182c5da4c1aa6a92c5f5724f99b','65',1),('october-november-virginia-florida','api.tasks.generate_hourly_bed_charges',NULL,'gAUpLg==','gAV9lC4=',NULL,'2025-06-27 03:24:32.939279','2025-06-27 03:24:33.320937',1,'0916bc0250764af3b4270b68c70bfa7c','164',1),('one-utah-nitrogen-eighteen','api.tasks.generate_hourly_bed_charges',NULL,'gAUpLg==','gAV9lC4=',NULL,'2025-06-27 03:23:31.636249','2025-06-27 03:23:32.766048',1,'099a84b3de394f4185bfe5421ea73ebb','53',1),('crazy-stairway-hotel-vermont','api.tasks.generate_hourly_bed_charges',NULL,'gAUpLg==','gAV9lC4=',NULL,'2025-06-27 03:24:02.387275','2025-06-27 03:24:05.819655',1,'0c114474b6174634a5e03d2749724f98','77',1),('table-potato-early-undress','api.tasks.generate_hourly_bed_charges',NULL,'gAUpLg==','gAV9lC4=',NULL,'2025-06-27 03:24:33.045310','2025-06-27 03:24:33.798617',1,'0c81005581084a71941b239a8342cdea','34',1),('white-oregon-football-cold','api.tasks.generate_hourly_bed_charges',NULL,'gAUpLg==','gAV9lC4=',NULL,'2025-06-27 03:24:33.025541','2025-06-27 03:24:33.713935',1,'0de3f3e9fe1a4102ab8a8ce6b8a52612','93',1),('mobile-virginia-georgia-pluto','api.tasks.generate_hourly_bed_charges',NULL,'gAUpLg==','gAV9lC4=',NULL,'2025-06-27 03:24:02.363126','2025-06-27 03:24:05.796671',1,'0de7e4816dfd4f2f8cce93822f02b824','40',1),('stairway-black-wyoming-sixteen','api.tasks.generate_hourly_bed_charges',NULL,'gAUpLg==','gAV9lC4=',NULL,'2025-06-27 03:24:33.031860','2025-06-27 03:24:33.744147',1,'0e7a2483102b4469bd3b334f0d99471a','104',1),('batman-pluto-equal-indigo','api.tasks.generate_hourly_bed_charges',NULL,'gAUpLg==','gAV9lC4=',NULL,'2025-06-27 03:23:31.593565','2025-06-27 03:23:32.616756',1,'0e7e0d6fc70d443f90219564b1a61e6d','135',1),('maine-kitten-dakota-lake','api.tasks.generate_hourly_bed_charges',NULL,'gAUpLg==','gAV9lC4=',NULL,'2025-06-27 03:24:02.222083','2025-06-27 03:24:02.957482',1,'0f9d938025e94bf4a7c120694038c9c4','96',1),('neptune-mike-network-blossom','api.tasks.generate_hourly_bed_charges',NULL,'gAUpLg==','gAV9lC4=',NULL,'2025-06-27 03:23:31.555995','2025-06-27 03:23:32.484652',1,'116852b3557445ee88c352801575b2c5','141',1),('north-king-coffee-robin','api.tasks.generate_hourly_bed_charges',NULL,'gAUpLg==','gAV9lC4=',NULL,'2025-06-27 03:24:02.159162','2025-06-27 03:24:02.706792',1,'130ccc4dee214df0bb030a9574521588','126',1),('florida-comet-winter-lima','api.tasks.generate_hourly_bed_charges',NULL,'gAUpLg==','gAV9lC4=',NULL,'2025-06-27 03:24:02.143429','2025-06-27 03:24:02.628214',1,'13fa0aa9a97f44b9abc0ab37409c05a0','64',1),('princess-golf-oregon-romeo','api.tasks.generate_hourly_bed_charges',NULL,'gAUpLg==','gAV9lC4=',NULL,'2025-06-27 03:23:31.577748','2025-06-27 03:23:32.560017',1,'157c76ac3d18413184de52af2e29962d','26',1),('eight-muppet-rugby-thirteen','api.tasks.generate_hourly_bed_charges',NULL,'gAUpLg==','gAV9lC4=',NULL,'2025-06-27 03:23:31.527762','2025-06-27 03:23:32.352349',1,'158ae145c65f4448af8538af2734935e','13',1),('jupiter-orange-oklahoma-kansas','api.tasks.generate_hourly_bed_charges',NULL,'gAUpLg==','gAV9lC4=',NULL,'2025-06-27 03:23:31.463950','2025-06-27 03:23:32.086174',1,'1603750e9c0e4077ac96e27bb0c84e59','68',1),('hamper-romeo-wolfram-hot','api.tasks.generate_hourly_bed_charges',NULL,'gAUpLg==','gAV9lC4=',NULL,'2025-06-27 03:24:32.923028','2025-06-27 03:24:33.277525',1,'18535043c2754d469b3f0558b894c8ba','10',1),('uncle-venus-music-grey','api.tasks.generate_hourly_bed_charges',NULL,'gAUpLg==','gAV9lC4=',NULL,'2025-06-27 03:24:02.363126','2025-06-27 03:24:05.783075',1,'1901996475e44f35b6541e6a0f7f5176','76',1),('leopard-muppet-mockingbird-salami','api.tasks.generate_hourly_bed_charges',NULL,'gAUpLg==','gAV9lC4=',NULL,'2025-06-27 03:24:02.139360','2025-06-27 03:24:02.612591',1,'1b8e8964d5cd43ce8907726cae6381f3','95',1),('illinois-saturn-white-william','api.tasks.generate_hourly_bed_charges',NULL,'gAUpLg==','gAV9lC4=',NULL,'2025-06-27 03:24:02.237701','2025-06-27 03:24:03.034169',1,'1d5f0222176d4af089ea8b1ce59b1b90','67',1),('timing-foxtrot-saturn-nebraska','api.tasks.generate_hourly_bed_charges',NULL,'gAUpLg==','gAV9lC4=',NULL,'2025-06-27 03:23:31.500598','2025-06-27 03:23:32.238772',1,'1e5bd570716d43118edf51c0d2a757b5','23',1),('kentucky-fix-oxygen-seventeen','api.tasks.generate_hourly_bed_charges',NULL,'gAUpLg==','gAV9lC4=',NULL,'2025-06-27 03:24:02.394787','2025-06-27 03:24:05.871420',1,'1ec5a80302464844bf6fd2a887ad48a1','125',1),('cold-charlie-fifteen-maryland','api.tasks.generate_hourly_bed_charges',NULL,'gAUpLg==','gAV9lC4=',NULL,'2025-06-27 03:23:31.476007','2025-06-27 03:23:32.139853',1,'1ff0b7710130485cbe6e47d411912421','43',1),('charlie-nine-two-lion','api.tasks.generate_hourly_bed_charges',NULL,'gAUpLg==','gAV9lC4=',NULL,'2025-06-27 03:23:31.554019','2025-06-27 03:23:32.469363',1,'21765a288002425bba7e30105a3a4f55','19',1),('stairway-table-magnesium-alanine','api.tasks.generate_hourly_bed_charges',NULL,'gAUpLg==','gAV9lC4=',NULL,'2025-06-27 03:24:02.143429','2025-06-27 03:24:02.675111',1,'222823fada28456f84ba328ca0f77421','6',1),('california-steak-carolina-table','api.tasks.generate_hourly_bed_charges',NULL,'gAUpLg==','gAV9lC4=',NULL,'2025-06-27 03:24:33.005435','2025-06-27 03:24:33.618311',1,'22fe5092a77b444ca40129ad1edef4ec','3',1),('ack-speaker-michigan-fanta','api.tasks.generate_hourly_bed_charges',NULL,'gAUpLg==','gAV9lC4=',NULL,'2025-06-27 03:24:02.378752','2025-06-27 03:24:05.811657',1,'254b84ea1c5647dc983d200cd54adc01','111',1),('enemy-mississippi-enemy-maryland','api.tasks.generate_hourly_bed_charges',NULL,'gAUpLg==','gAV9lC4=',NULL,'2025-06-27 03:24:02.253325','2025-06-27 03:24:03.065404',1,'25f803e15d824a18b23ef4472fe36d24','32',1),('cat-golf-video-violet','api.tasks.generate_hourly_bed_charges',NULL,'gAUpLg==','gAV9lC4=',NULL,'2025-06-27 03:24:32.912811','2025-06-27 03:24:33.247584',1,'26b86ad76ae54a908686d7393e335ebc','87',1),('hawaii-lima-september-equal','api.tasks.generate_hourly_bed_charges',NULL,'gAUpLg==','gAV9lC4=',NULL,'2025-06-27 03:24:32.862974','2025-06-27 03:24:33.112513',1,'278e8173da1643f68a68c5e670cf57a8','18',1),('nebraska-nine-lithium-bakerloo','api.tasks.generate_hourly_bed_charges',NULL,'gAUpLg==','gAV9lC4=',NULL,'2025-06-27 03:24:02.237701','2025-06-27 03:24:02.973077',1,'28023489bbc049a9b7a6abc19900c048','15',1),('yankee-single-nine-beryllium','api.tasks.generate_hourly_bed_charges',NULL,'gAUpLg==','gAV9lC4=',NULL,'2025-06-27 03:24:32.994015','2025-06-27 03:24:33.565625',1,'28383ed2eeaf41c6a695e74f8809e175','120',1),('paris-east-north-lake','api.tasks.generate_hourly_bed_charges',NULL,'gAUpLg==','gAV9lC4=',NULL,'2025-06-27 03:23:31.549980','2025-06-27 03:23:32.457776',1,'29312d99543d40119141bff19358902e','44',1),('charlie-spaghetti-ceiling-virginia','api.tasks.generate_hourly_bed_charges',NULL,'gAUpLg==','gAV9lC4=',NULL,'2025-06-27 03:24:33.033899','2025-06-27 03:24:33.751552',1,'2bf213ef0c4640da9c97705f386a54f6','138',1),('stairway-triple-charlie-missouri','api.tasks.generate_hourly_bed_charges',NULL,'gAUpLg==','gAV9lC4=',NULL,'2025-06-27 03:24:02.363126','2025-06-27 03:24:05.772747',1,'2ebb6f29e6c04c8bae6e39dcbb63c197','121',1),('apart-item-paris-fourteen','api.tasks.generate_hourly_bed_charges',NULL,'gAUpLg==','gAV9lC4=',NULL,'2025-06-27 03:23:31.560514','2025-06-27 03:23:32.498764',1,'313c9e9543494220ba9a8d012bb0fd2b','61',1),('diet-magnesium-mexico-july','api.tasks.generate_hourly_bed_charges',NULL,'gAUpLg==','gAV9lC4=',NULL,'2025-06-27 03:23:31.606494','2025-06-27 03:23:32.663989',1,'322188a8d5a645b68b4d571969a1e441','20',1),('lithium-carbon-fix-speaker','api.tasks.generate_hourly_bed_charges',NULL,'gAUpLg==','gAV9lC4=',NULL,'2025-06-27 03:24:02.268951','2025-06-27 03:24:03.207532',1,'37174b1081a7437aaed956693a527fc6','16',1),('papa-high-bakerloo-nevada','api.tasks.generate_hourly_bed_charges',NULL,'gAUpLg==','gAV9lC4=',NULL,'2025-06-27 03:24:02.159162','2025-06-27 03:24:02.722416',1,'371ba92e14a445a8aeaa3025574359d7','12',1),('princess-early-grey-texas','api.tasks.generate_hourly_bed_charges',NULL,'gAUpLg==','gAV9lC4=',NULL,'2025-06-27 03:24:02.253325','2025-06-27 03:24:03.113164',1,'3b4408c4100c4268b7ce644a2de90910','72',1),('south-saturn-red-emma','api.tasks.generate_hourly_bed_charges',NULL,'gAUpLg==','gAV9lC4=',NULL,'2025-06-27 03:24:02.159162','2025-06-27 03:24:02.738041',1,'3e13c123d1e74fb9b8467a3c0bdc03ea','149',1),('single-winter-jig-ink','api.tasks.generate_hourly_bed_charges',NULL,'gAUpLg==','gAV9lC4=',NULL,'2025-06-27 03:24:32.937259','2025-06-27 03:24:33.314939',1,'3f230cd6724f468ca743dd53c61c7ac5','14',1),('jig-steak-nine-island','api.tasks.generate_hourly_bed_charges',NULL,'gAUpLg==','gAV9lC4=',NULL,'2025-06-27 03:23:31.614179','2025-06-27 03:23:32.692046',1,'3f7003266e2d40d79e166172dc4450af','118',1),('mike-batman-comet-jupiter','api.tasks.generate_hourly_bed_charges',NULL,'gAUpLg==','gAV9lC4=',NULL,'2025-06-27 03:23:31.543122','2025-06-27 03:23:32.419956',1,'3f903613b95d40b690238810676186ee','14',1),('california-london-triple-eleven','api.tasks.generate_hourly_bed_charges',NULL,'gAUpLg==','gAV9lC4=',NULL,'2025-06-27 03:23:31.646070','2025-06-27 03:23:32.797894',1,'412d8af8f10e4dceb9e4378b33337f42','39',1),('minnesota-glucose-victor-spring','api.tasks.generate_hourly_bed_charges',NULL,'gAUpLg==','gAV9lC4=',NULL,'2025-06-27 03:24:02.394787','2025-06-27 03:24:05.878450',1,'4182aae2a3d44566ae7df4cac59741c1','107',1),('mockingbird-quiet-alpha-oranges','api.tasks.generate_hourly_bed_charges',NULL,'gAUpLg==','gAV9lC4=',NULL,'2025-06-27 03:24:32.862974','2025-06-27 03:24:33.131029',1,'438393c3193047d9b503c371cd38da89','154',1),('cat-oxygen-sierra-king','api.tasks.generate_hourly_bed_charges',NULL,'gAUpLg==','gAV9lC4=',NULL,'2025-06-27 03:24:02.387275','2025-06-27 03:24:05.829622',1,'458e6b834f9c48318816dd86d931ff65','122',1),('ohio-alpha-kansas-diet','api.tasks.generate_hourly_bed_charges',NULL,'gAUpLg==','gAV9lC4=',NULL,'2025-06-27 03:24:32.947853','2025-06-27 03:24:33.359209',1,'471212e571c849f4988e38419818fc4f','61',1),('ack-sad-artist-comet','api.tasks.generate_hourly_bed_charges',NULL,'gAUpLg==','gAV9lC4=',NULL,'2025-06-27 03:24:32.891933','2025-06-27 03:24:33.192942',1,'477d32089bf84d90b7029728011a98a8','158',1),('helium-march-neptune-low','api.tasks.generate_hourly_bed_charges',NULL,'gAUpLg==','gAV9lC4=',NULL,'2025-06-27 03:24:33.016453','2025-06-27 03:24:33.673088',1,'479d25a3207e4a97b8f058887a01c6c3','8',1),('spring-neptune-winter-river','api.tasks.generate_hourly_bed_charges',NULL,'gAUpLg==','gAV9lC4=',NULL,'2025-06-27 03:24:33.009449','2025-06-27 03:24:33.638438',1,'4858a76507064dd49f2878383b058601','39',1),('single-fix-friend-golf','api.tasks.generate_hourly_bed_charges',NULL,'gAUpLg==','gAV9lC4=',NULL,'2025-06-27 03:24:32.888933','2025-06-27 03:24:33.178893',1,'491064fbafb34f1bb0209757314aa08e','1',1),('whiskey-eighteen-summer-november','api.tasks.generate_hourly_bed_charges',NULL,'gAUpLg==','gAV9lC4=',NULL,'2025-06-27 03:24:02.268951','2025-06-27 03:24:03.187822',1,'4d278b1205f04188b12ee4ada1d211fd','17',1),('helium-venus-three-july','api.tasks.generate_hourly_bed_charges',NULL,'gAUpLg==','gAV9lC4=',NULL,'2025-06-27 03:24:02.190816','2025-06-27 03:24:02.816578',1,'5146c883ec3a4c718a23681e58c514e4','58',1),('asparagus-venus-steak-july','api.tasks.generate_hourly_bed_charges',NULL,'gAUpLg==','gAV9lC4=',NULL,'2025-06-27 03:24:02.426050','2025-06-27 03:24:05.957499',1,'51e778c57ddb440984ad837e9e6b53cb','52',1),('pluto-thirteen-timing-william','api.tasks.generate_hourly_bed_charges',NULL,'gAUpLg==','gAV9lC4=',NULL,'2025-06-27 03:23:31.452305','2025-06-27 03:23:32.022664',1,'53974a3f0d7948e2800ec0aea033b8de','7',1),('white-california-princess-snake','api.tasks.generate_hourly_bed_charges',NULL,'gAUpLg==','gAV9lC4=',NULL,'2025-06-27 03:23:31.531558','2025-06-27 03:23:32.378706',1,'555515e150aa4aae8f580064ad62aca8','133',1),('minnesota-skylark-six-diet','api.tasks.generate_hourly_bed_charges',NULL,'gAUpLg==','gAV9lC4=',NULL,'2025-06-27 03:24:02.143429','2025-06-27 03:24:02.691156',1,'56156ba30b98481196689fa93ce3d73b','90',1),('angel-lion-cup-nine','api.tasks.generate_hourly_bed_charges',NULL,'gAUpLg==','gAV9lC4=',NULL,'2025-06-27 03:24:02.159162','2025-06-27 03:24:02.738041',1,'567e83ae05df43e3a499637069e74154','35',1),('green-butter-whiskey-fourteen','api.tasks.generate_hourly_bed_charges',NULL,'gAUpLg==','gAV9lC4=',NULL,'2025-06-27 03:24:02.347504','2025-06-27 03:24:05.742714',1,'5766284f1373403d925aa398e12a1d9b','86',1),('floor-florida-ohio-skylark','api.tasks.generate_hourly_bed_charges',NULL,'gAUpLg==','gAV9lC4=',NULL,'2025-06-27 03:23:31.685698','2025-06-27 03:23:32.951700',1,'58076472204a4060be56a9e348c19dde','94',1),('johnny-may-alabama-muppet','api.tasks.generate_hourly_bed_charges',NULL,'gAUpLg==','gAV9lC4=',NULL,'2025-06-27 03:23:31.643051','2025-06-27 03:23:32.787692',1,'5b08291167f8445c9a44e13e86356f49','160',1),('ack-blue-item-beryllium','api.tasks.generate_hourly_bed_charges',NULL,'gAUpLg==','gAV9lC4=',NULL,'2025-06-27 03:24:32.979052','2025-06-27 03:24:33.507357',1,'5b8fc014a370458eaa82703091d25c0a','20',1),('mango-nitrogen-gee-finch','api.tasks.generate_hourly_bed_charges',NULL,'gAUpLg==','gAV9lC4=',NULL,'2025-06-27 03:24:02.206453','2025-06-27 03:24:02.832206',1,'5c5d7cff534644cc87cbdec0d9c0461a','108',1),('white-alanine-kitten-butter','api.tasks.generate_hourly_bed_charges',NULL,'gAUpLg==','gAV9lC4=',NULL,'2025-06-27 03:23:31.456306','2025-06-27 03:23:32.043326',1,'5db5978bbb7e4780b1e1c9ea0b979514','148',1),('montana-network-princess-oscar','api.tasks.generate_hourly_bed_charges',NULL,'gAUpLg==','gAV9lC4=',NULL,'2025-06-27 03:24:02.410424','2025-06-27 03:24:05.921039',1,'5e03b17ec49a428586a0881d26257ed5','98',1),('one-enemy-ten-helium','api.tasks.generate_hourly_bed_charges',NULL,'gAUpLg==','gAV9lC4=',NULL,'2025-06-27 03:24:33.035870','2025-06-27 03:24:33.760090',1,'5e1b36d78f8d4974bc533a0fde07e96c','105',1),('four-oranges-jig-texas','api.tasks.generate_hourly_bed_charges',NULL,'gAUpLg==','gAV9lC4=',NULL,'2025-06-27 03:23:31.566511','2025-06-27 03:23:32.517670',1,'5f1a676ef10c401baa0f38f7904d8888','42',1),('helium-east-solar-ack','api.tasks.generate_hourly_bed_charges',NULL,'gAUpLg==','gAV9lC4=',NULL,'2025-06-27 03:24:02.253325','2025-06-27 03:24:03.144419',1,'5fc04e8df44b4bcc8f366b1cb248d42e','78',1),('kitten-lamp-foxtrot-asparagus','api.tasks.generate_hourly_bed_charges',NULL,'gAUpLg==','gAV9lC4=',NULL,'2025-06-27 03:24:02.142356','2025-06-27 03:24:02.628214',1,'6166c4b031f142f4a9df0c349100f46e','34',1),('maryland-table-magnesium-washington','api.tasks.generate_hourly_bed_charges',NULL,'gAUpLg==','gAV9lC4=',NULL,'2025-06-27 03:23:31.604491','2025-06-27 03:23:32.655044',1,'61cc163eeea344d18b0d8086aeebaf1b','38',1),('oven-twenty-april-alpha','api.tasks.generate_hourly_bed_charges',NULL,'gAUpLg==','gAV9lC4=',NULL,'2025-06-27 03:24:33.039676','2025-06-27 03:24:33.774679',1,'6229b6541bd74b64a6e7f1b7e1cf5a70','94',1),('july-iowa-sodium-avocado','api.tasks.generate_hourly_bed_charges',NULL,'gAUpLg==','gAV9lC4=',NULL,'2025-06-27 03:23:31.446714','2025-06-27 03:23:32.007600',1,'63e525cef1f44320bbd39e3b5f3b0962','55',1),('oklahoma-october-magazine-yellow','api.tasks.generate_hourly_bed_charges',NULL,'gAUpLg==','gAV9lC4=',NULL,'2025-06-27 03:24:02.159162','2025-06-27 03:24:02.722416',1,'63f1efde4cf84550af02815303e8c6d0','46',1),('blue-black-hotel-connecticut','api.tasks.generate_hourly_bed_charges',NULL,'gAUpLg==','gAV9lC4=',NULL,'2025-06-27 03:24:32.889933','2025-06-27 03:24:33.186716',1,'64cf8132bd5a45b4825b2caa3885c554','166',1),('fifteen-stream-north-venus','api.tasks.generate_hourly_bed_charges',NULL,'gAUpLg==','gAV9lC4=',NULL,'2025-06-27 03:23:31.574747','2025-06-27 03:23:32.551876',1,'65a3890c91e743e090fdf00363e0147c','159',1),('south-mountain-utah-papa','api.tasks.generate_hourly_bed_charges',NULL,'gAUpLg==','gAV9lC4=',NULL,'2025-06-27 03:24:02.394787','2025-06-27 03:24:05.864633',1,'65c57d1284894bd292746768695f3ba6','124',1),('potato-hotel-winter-nineteen','api.tasks.generate_hourly_bed_charges',NULL,'gAUpLg==','gAV9lC4=',NULL,'2025-06-27 03:24:02.410424','2025-06-27 03:24:05.936890',1,'679db4fc3f8343a0967d564a40bbd1b6','59',1),('two-queen-robert-timing','api.tasks.generate_hourly_bed_charges',NULL,'gAUpLg==','gAV9lC4=',NULL,'2025-06-27 03:24:32.909925','2025-06-27 03:24:33.242279',1,'67a4d5f23efc4632b7a31ab43ce4566e','23',1),('iowa-pip-three-bulldog','api.tasks.generate_hourly_bed_charges',NULL,'gAUpLg==','gAV9lC4=',NULL,'2025-06-27 03:24:02.268951','2025-06-27 03:24:03.155619',1,'67c68146ded04ced812ac7b35935c0b7','73',1),('august-happy-montana-bakerloo','api.tasks.generate_hourly_bed_charges',NULL,'gAUpLg==','gAV9lC4=',NULL,'2025-06-27 03:24:02.394787','2025-06-27 03:24:05.849616',1,'69b64d9fdf9c4c56a367154398fc0a7f','153',1),('music-minnesota-artist-eight','api.tasks.generate_hourly_bed_charges',NULL,'gAUpLg==','gAV9lC4=',NULL,'2025-06-27 03:24:32.951881','2025-06-27 03:24:33.390883',1,'6a72c648b1274954a6c51f76a67335db','2',1),('mango-pasta-blue-dakota','api.tasks.generate_hourly_bed_charges',NULL,'gAUpLg==','gAV9lC4=',NULL,'2025-06-27 03:23:31.572042','2025-06-27 03:23:32.541590',1,'6ab84818ef9a48908e7877999cd17c1e','25',1),('violet-romeo-yellow-comet','api.tasks.generate_hourly_bed_charges',NULL,'gAUpLg==','gAV9lC4=',NULL,'2025-06-27 03:23:31.459820','2025-06-27 03:23:32.060354',1,'6c476aaeda6e414998c803ae4c869677','139',1),('sweet-spring-one-pip','api.tasks.generate_hourly_bed_charges',NULL,'gAUpLg==','gAV9lC4=',NULL,'2025-06-27 03:24:02.331881','2025-06-27 03:24:03.254412',1,'6dce53277d5b44b0bec6d804eb364436','129',1),('oven-sierra-finch-king','api.tasks.generate_hourly_bed_charges',NULL,'gAUpLg==','gAV9lC4=',NULL,'2025-06-27 03:24:32.893931','2025-06-27 03:24:33.200072',1,'6eb33f4b96014311bd0e20d6e3e9afd7','43',1),('delta-undress-freddie-six','api.tasks.generate_hourly_bed_charges',NULL,'gAUpLg==','gAV9lC4=',NULL,'2025-06-27 03:23:31.487739','2025-06-27 03:23:32.187921',1,'6fc43fa6ad2e4c299d891c47ba792f24','41',1),('freddie-lima-stream-orange','api.tasks.generate_hourly_bed_charges',NULL,'gAUpLg==','gAV9lC4=',NULL,'2025-06-27 03:24:02.268951','2025-06-27 03:24:03.191852',1,'7065c399201f480eb8f1c95552ddd2f8','85',1),('shade-may-grey-ink','api.tasks.generate_hourly_bed_charges',NULL,'gAUpLg==','gAV9lC4=',NULL,'2025-06-27 03:23:31.518475','2025-06-27 03:23:32.317959',1,'70c1dfaad1f84ce29c57079b0f26a1ed','24',1),('five-uncle-oklahoma-timing','api.tasks.generate_hourly_bed_charges',NULL,'gAUpLg==','gAV9lC4=',NULL,'2025-06-27 03:23:31.647589','2025-06-27 03:23:32.807551',1,'725033565b434cb1963abeb12379de64','103',1),('moon-india-oxygen-cola','api.tasks.generate_hourly_bed_charges',NULL,'gAUpLg==','gAV9lC4=',NULL,'2025-06-27 03:23:31.662885','2025-06-27 03:23:32.857464',1,'73da310bf19c4c42897262337aa0d82a','9',1),('mirror-speaker-summer-romeo','api.tasks.generate_hourly_bed_charges',NULL,'gAUpLg==','gAV9lC4=',NULL,'2025-06-27 03:24:02.316254','2025-06-27 03:24:03.238751',1,'763c925476cc4e25a8c452e837fb5727','81',1),('four-grey-east-network','api.tasks.generate_hourly_bed_charges',NULL,'gAUpLg==','gAV9lC4=',NULL,'2025-06-27 03:23:31.654113','2025-06-27 03:23:32.835101',1,'782041554d9c47c1abc72f7bef44f0c2','8',1),('august-yellow-tennis-happy','api.tasks.generate_hourly_bed_charges',NULL,'gAUpLg==','gAV9lC4=',NULL,'2025-06-27 03:24:02.387275','2025-06-27 03:24:05.822723',1,'788525d561154dc49bff65dda44ead1e','162',1),('michigan-kitten-wyoming-jersey','api.tasks.generate_hourly_bed_charges',NULL,'gAUpLg==','gAV9lC4=',NULL,'2025-06-27 03:24:02.347504','2025-06-27 03:24:05.756587',1,'79e15746d9414aa1967e7c6edc49ad51','49',1),('foxtrot-thirteen-south-mexico','api.tasks.generate_hourly_bed_charges',NULL,'gAUpLg==','gAV9lC4=',NULL,'2025-06-27 03:23:31.619219','2025-06-27 03:23:32.711601',1,'7aba1896d1f34db186525c478795e379','62',1),('sink-kitten-queen-delta','api.tasks.generate_hourly_bed_charges',NULL,'gAUpLg==','gAV9lC4=',NULL,'2025-06-27 03:23:31.601493','2025-06-27 03:23:32.645820',1,'7b62bc6273fa48b2829372d5e382693a','45',1),('sweet-arkansas-mars-bakerloo','api.tasks.generate_hourly_bed_charges',NULL,'gAUpLg==','gAV9lC4=',NULL,'2025-06-27 03:24:02.190816','2025-06-27 03:24:02.787429',1,'7cc4385781eb4625bd82c47f2ca87ce9','66',1),('freddie-utah-ink-georgia','api.tasks.generate_hourly_bed_charges',NULL,'gAUpLg==','gAV9lC4=',NULL,'2025-06-27 03:23:31.631231','2025-06-27 03:23:32.748477',1,'7d05744303bb40119073ab2d1f3dc6b7','102',1),('twelve-beryllium-north-idaho','api.tasks.generate_hourly_bed_charges',NULL,'gAUpLg==','gAV9lC4=',NULL,'2025-06-27 03:23:31.629239','2025-06-27 03:23:32.739435',1,'7f9bb5b36a8641b8ab6efea52c45c1c9','143',1),('grey-stream-hamper-vermont','api.tasks.generate_hourly_bed_charges',NULL,'gAUpLg==','gAV9lC4=',NULL,'2025-06-27 03:24:02.394787','2025-06-27 03:24:05.857514',1,'803539dbd79d48d7a86be27947b34159','123',1),('lion-east-cat-item','api.tasks.generate_hourly_bed_charges',NULL,'gAUpLg==','gAV9lC4=',NULL,'2025-06-27 03:23:31.638774','2025-06-27 03:23:32.775018',1,'8151ed47711c491caa0aeb688d119d69','29',1),('louisiana-idaho-robin-angel','api.tasks.generate_hourly_bed_charges',NULL,'gAUpLg==','gAV9lC4=',NULL,'2025-06-27 03:24:02.159162','2025-06-27 03:24:02.706792',1,'8187c9b2cea44843a215909cbbcd1b68','155',1),('social-oranges-burger-asparagus','api.tasks.generate_hourly_bed_charges',NULL,'gAUpLg==','gAV9lC4=',NULL,'2025-06-27 03:24:02.268951','2025-06-27 03:24:03.160132',1,'81a66b807e914108a0b7bcb77c19d7b9','142',1),('table-alabama-early-tango','api.tasks.generate_hourly_bed_charges',NULL,'gAUpLg==','gAV9lC4=',NULL,'2025-06-27 03:24:02.190816','2025-06-27 03:24:02.800940',1,'83586b6879da49ebaf02e17afa86a90c','75',1),('indigo-mars-alabama-quiet','api.tasks.generate_hourly_bed_charges',NULL,'gAUpLg==','gAV9lC4=',NULL,'2025-06-27 03:24:32.862974','2025-06-27 03:24:33.118757',1,'837a77eafc454a779c370ca68a2dcfdf','147',1),('skylark-coffee-happy-fanta','api.tasks.generate_hourly_bed_charges',NULL,'gAUpLg==','gAV9lC4=',NULL,'2025-06-27 03:23:31.633231','2025-06-27 03:23:32.757477',1,'840beeab6e7f497f9836788ff7abd8c6','119',1),('iowa-skylark-leopard-michigan','api.tasks.generate_hourly_bed_charges',NULL,'gAUpLg==','gAV9lC4=',NULL,'2025-06-27 03:24:33.023315','2025-06-27 03:24:33.706096',1,'8679dc459253454e8f5e75dcfd0d1861','117',1),('carbon-november-sad-pluto','api.tasks.generate_hourly_bed_charges',NULL,'gAUpLg==','gAV9lC4=',NULL,'2025-06-27 03:24:02.410424','2025-06-27 03:24:05.890074',1,'8737d87780f640a9916cbffcd445ae8e','50',1),('avocado-cat-solar-berlin','api.tasks.generate_hourly_bed_charges',NULL,'gAUpLg==','gAV9lC4=',NULL,'2025-06-27 03:23:31.514330','2025-06-27 03:23:32.297925',1,'88f4e4971729475aaf1d562a3cb7d847','79',1),('nevada-illinois-coffee-thirteen','api.tasks.generate_hourly_bed_charges',NULL,'gAUpLg==','gAV9lC4=',NULL,'2025-06-27 03:24:32.903936','2025-06-27 03:24:33.227751',1,'897d9af42b61476fb74ad40eb0cd1ab9','22',1),('early-whiskey-oklahoma-carpet','api.tasks.generate_hourly_bed_charges',NULL,'gAUpLg==','gAV9lC4=',NULL,'2025-06-27 03:23:31.535567','2025-06-27 03:23:32.389951',1,'89e94a1c59524fb79d27eaf321cba56d','83',1),('crazy-floor-cold-mango','api.tasks.generate_hourly_bed_charges',NULL,'gAUpLg==','gAV9lC4=',NULL,'2025-06-27 03:23:31.640775','2025-06-27 03:23:32.779679',1,'8a7579ab21b84f9fa11919880e748971','3',1),('missouri-don-fruit-sodium','api.tasks.generate_hourly_bed_charges',NULL,'gAUpLg==','gAV9lC4=',NULL,'2025-06-27 03:24:02.206453','2025-06-27 03:24:02.847858',1,'8baf5bf1db6c4fcc9f70f24c1542f76d','127',1),('football-bluebird-don-quebec','api.tasks.generate_hourly_bed_charges',NULL,'gAUpLg==','gAV9lC4=',NULL,'2025-06-27 03:23:31.657527','2025-06-27 03:23:32.844133',1,'8c1512c0b7774c959aafadac198cceee','116',1),('berlin-carbon-princess-mountain','api.tasks.generate_hourly_bed_charges',NULL,'gAUpLg==','gAV9lC4=',NULL,'2025-06-27 03:24:02.174798','2025-06-27 03:24:02.769293',1,'8eccce9841bc45a79f12ecd24917a16b','91',1),('spaghetti-aspen-mockingbird-fourteen','api.tasks.generate_hourly_bed_charges',NULL,'gAUpLg==','gAV9lC4=',NULL,'2025-06-27 03:24:32.979632','2025-06-27 03:24:33.514356',1,'9002c587ea844a288c7a8fe9045b7664','56',1),('oranges-pennsylvania-foxtrot-east','api.tasks.generate_hourly_bed_charges',NULL,'gAUpLg==','gAV9lC4=',NULL,'2025-06-27 03:24:02.237701','2025-06-27 03:24:03.002862',1,'9088358b6f114696a16eee6faf69b04e','97',1),('sierra-seventeen-golf-beryllium','api.tasks.generate_hourly_bed_charges',NULL,'gAUpLg==','gAV9lC4=',NULL,'2025-06-27 03:23:31.676812','2025-06-27 03:23:32.911377',1,'90f3a10718c34f579ec1f3f946e39d2d','104',1),('virginia-ink-early-black','api.tasks.generate_hourly_bed_charges',NULL,'gAUpLg==','gAV9lC4=',NULL,'2025-06-27 03:23:31.472258','2025-06-27 03:23:32.118684',1,'94c224826b594a1d820895296ab04488','158',1),('nebraska-arkansas-jupiter-enemy','api.tasks.generate_hourly_bed_charges',NULL,'gAUpLg==','gAV9lC4=',NULL,'2025-06-27 03:23:31.582648','2025-06-27 03:23:32.579816',1,'952383a25bc646d293f877720c78246f','84',1),('pip-tennessee-black-whiskey','api.tasks.generate_hourly_bed_charges',NULL,'gAUpLg==','gAV9lC4=',NULL,'2025-06-27 03:23:31.546468','2025-06-27 03:23:32.443937',1,'96cb4bb94f3145e084aa625a2f1a1ed8','164',1),('alabama-whiskey-leopard-glucose','api.tasks.generate_hourly_bed_charges',NULL,'gAUpLg==','gAV9lC4=',NULL,'2025-06-27 03:24:02.410424','2025-06-27 03:24:05.946645',1,'96e6b4c505a34f1ab62244a8d3250ba9','82',1),('mississippi-batman-nevada-lion','api.tasks.generate_hourly_bed_charges',NULL,'gAUpLg==','gAV9lC4=',NULL,'2025-06-27 03:24:02.287096','2025-06-27 03:24:03.223138',1,'97572469cb334ca6b27ae5b7991430c7','57',1),('timing-grey-social-ack','api.tasks.generate_hourly_bed_charges',NULL,'gAUpLg==','gAV9lC4=',NULL,'2025-06-27 03:24:32.984290','2025-06-27 03:24:33.530385',1,'99ec178221cd41faaf27793dee71b629','118',1),('iowa-colorado-bacon-jupiter','api.tasks.generate_hourly_bed_charges',NULL,'gAUpLg==','gAV9lC4=',NULL,'2025-06-27 03:24:32.895934','2025-06-27 03:24:33.207624',1,'99f5a8a2fa5f48c79cd1b4e9a105d01a','28',1),('idaho-king-angel-emma','api.tasks.generate_hourly_bed_charges',NULL,'gAUpLg==','gAV9lC4=',NULL,'2025-06-27 03:24:32.976748','2025-06-27 03:24:33.499302',1,'9c6a21b64fe94692ad7e9e48c14218a5','38',1),('spaghetti-four-alaska-music','api.tasks.generate_hourly_bed_charges',NULL,'gAUpLg==','gAV9lC4=',NULL,'2025-06-27 03:24:32.982259','2025-06-27 03:24:33.522094',1,'9d4bebed41504f129ef47118e63b6922','27',1),('neptune-king-pizza-blue','api.tasks.generate_hourly_bed_charges',NULL,'gAUpLg==','gAV9lC4=',NULL,'2025-06-27 03:24:32.862974','2025-06-27 03:24:33.124761',1,'9ef6a35385ad441eb1c1d61683982f2c','99',1),('sixteen-king-island-ack','api.tasks.generate_hourly_bed_charges',NULL,'gAUpLg==','gAV9lC4=',NULL,'2025-06-27 03:24:32.917064','2025-06-27 03:24:33.262312',1,'9f023c68068b48b7aed4637edc0e2bf9','79',1),('alaska-pizza-avocado-timing','api.tasks.generate_hourly_bed_charges',NULL,'gAUpLg==','gAV9lC4=',NULL,'2025-06-27 03:24:32.965686','2025-06-27 03:24:33.454193',1,'a001ed4fec384226955f5a9f091bab59','37',1),('finch-beer-washington-nine','api.tasks.generate_hourly_bed_charges',NULL,'gAUpLg==','gAV9lC4=',NULL,'2025-06-27 03:23:31.674811','2025-06-27 03:23:32.897870',1,'a12021e52b6140199548200c1c1bff63','101',1),('ten-kentucky-florida-earth','api.tasks.generate_hourly_bed_charges',NULL,'gAUpLg==','gAV9lC4=',NULL,'2025-06-27 03:24:32.997680','2025-06-27 03:24:33.583622',1,'a241fdc489684adb9f11dd19108baf03','102',1),('ceiling-grey-pasta-don','api.tasks.generate_hourly_bed_charges',NULL,'gAUpLg==','gAV9lC4=',NULL,'2025-06-27 03:24:32.930843','2025-06-27 03:24:33.300300',1,'a3464f8ed8b34b77a494ca578d5ce702','83',1),('oscar-cat-sodium-undress','api.tasks.generate_hourly_bed_charges',NULL,'gAUpLg==','gAV9lC4=',NULL,'2025-06-27 03:24:02.190816','2025-06-27 03:24:02.800940',1,'a57c6312e07b4bf39ba256a2b8a19b64','47',1),('quebec-magazine-high-carbon','api.tasks.generate_hourly_bed_charges',NULL,'gAUpLg==','gAV9lC4=',NULL,'2025-06-27 03:24:02.222083','2025-06-27 03:24:02.910557',1,'a59332b14a364043987a3e81676a495b','70',1),('nuts-mississippi-nitrogen-fourteen','api.tasks.generate_hourly_bed_charges',NULL,'gAUpLg==','gAV9lC4=',NULL,'2025-06-27 03:24:32.885934','2025-06-27 03:24:33.164451',1,'a67dcbb048644aeb9dd8f42c364f5e6a','139',1),('princess-emma-juliet-violet','api.tasks.generate_hourly_bed_charges',NULL,'gAUpLg==','gAV9lC4=',NULL,'2025-06-27 03:23:31.669809','2025-06-27 03:23:32.879303',1,'a7393e138ce8411b9470cb43d43e3633','100',1),('black-jupiter-timing-nitrogen','api.tasks.generate_hourly_bed_charges',NULL,'gAUpLg==','gAV9lC4=',NULL,'2025-06-27 03:24:32.882819','2025-06-27 03:24:33.157627',1,'a83f76f7835343fd80f00e9ecd8ad40e','148',1),('batman-arkansas-connecticut-mars','api.tasks.generate_hourly_bed_charges',NULL,'gAUpLg==','gAV9lC4=',NULL,'2025-06-27 03:24:33.007447','2025-06-27 03:24:33.628091',1,'a93b77f7ea924e3fa02b5ff801b985b9','160',1),('music-green-solar-lion','api.tasks.generate_hourly_bed_charges',NULL,'gAUpLg==','gAV9lC4=',NULL,'2025-06-27 03:23:31.650101','2025-06-27 03:23:32.817595',1,'a968b1e61c9f4b9eac1fd8a5f60352dd','31',1),('romeo-tennis-zulu-berlin','api.tasks.generate_hourly_bed_charges',NULL,'gAUpLg==','gAV9lC4=',NULL,'2025-06-27 03:24:32.898927','2025-06-27 03:24:33.214202',1,'aa347e5c236f4ddd88900deab62e129e','132',1),('queen-winner-cat-october','api.tasks.generate_hourly_bed_charges',NULL,'gAUpLg==','gAV9lC4=',NULL,'2025-06-27 03:24:32.955803','2025-06-27 03:24:33.397877',1,'ab0de4f4c83940478cc8fa9d4f4aba1e','25',1),('magnesium-fifteen-video-high','api.tasks.generate_hourly_bed_charges',NULL,'gAUpLg==','gAV9lC4=',NULL,'2025-06-27 03:24:32.971212','2025-06-27 03:24:33.478159',1,'abcde3058a504bd2a278ac98bc3d12ce','4',1),('mexico-thirteen-butter-october','api.tasks.generate_hourly_bed_charges',NULL,'gAUpLg==','gAV9lC4=',NULL,'2025-06-27 03:24:02.253325','2025-06-27 03:24:03.087541',1,'acc1c22712824a04b29c5f6c05528375','157',1),('undress-mockingbird-freddie-chicken','api.tasks.generate_hourly_bed_charges',NULL,'gAUpLg==','gAV9lC4=',NULL,'2025-06-27 03:24:33.014448','2025-06-27 03:24:33.665298',1,'ace11db62a834c75ac74a93e8954b942','130',1),('sink-lactose-twenty-steak','api.tasks.generate_hourly_bed_charges',NULL,'gAUpLg==','gAV9lC4=',NULL,'2025-06-27 03:24:02.253325','2025-06-27 03:24:03.128793',1,'ad46b99521a54cbc8a122c574f74618e','48',1),('music-blue-king-leopard','api.tasks.generate_hourly_bed_charges',NULL,'gAUpLg==','gAV9lC4=',NULL,'2025-06-27 03:24:02.206453','2025-06-27 03:24:02.863453',1,'ae108ea6182640668f3ce829219e28ef','51',1),('grey-failed-yellow-cardinal','api.tasks.generate_hourly_bed_charges',NULL,'gAUpLg==','gAV9lC4=',NULL,'2025-06-27 03:24:02.331881','2025-06-27 03:24:03.301714',1,'ae527ed512724766a79e60a42b8544ca','152',1),('five-fifteen-vegan-eighteen','api.tasks.generate_hourly_bed_charges',NULL,'gAUpLg==','gAV9lC4=',NULL,'2025-06-27 03:24:33.011450','2025-06-27 03:24:33.647552',1,'ae7129b1ad26438bbed538b99577ce10','103',1),('butter-five-avocado-xray','api.tasks.generate_hourly_bed_charges',NULL,'gAUpLg==','gAV9lC4=',NULL,'2025-06-27 03:24:33.037652','2025-06-27 03:24:33.768045',1,'af7e3ef2e9d24a3680ccb5f6121ab645','131',1),('saturn-spring-venus-chicken','api.tasks.generate_hourly_bed_charges',NULL,'gAUpLg==','gAV9lC4=',NULL,'2025-06-27 03:24:32.901936','2025-06-27 03:24:33.221439',1,'afde1aabc90e4e5bb239b6d6f09d7f34','41',1),('venus-alanine-minnesota-cat','api.tasks.generate_hourly_bed_charges',NULL,'gAUpLg==','gAV9lC4=',NULL,'2025-06-27 03:23:31.590658','2025-06-27 03:23:32.606519',1,'b0eadd6c83cc4508847e38492e1c5746','114',1),('uniform-romeo-cup-nine','api.tasks.generate_hourly_bed_charges',NULL,'gAUpLg==','gAV9lC4=',NULL,'2025-06-27 03:24:32.950882','2025-06-27 03:24:33.378307',1,'b162fbcff666416db86ea25aa1743876','42',1),('lion-connecticut-muppet-romeo','api.tasks.generate_hourly_bed_charges',NULL,'gAUpLg==','gAV9lC4=',NULL,'2025-06-27 03:24:02.190816','2025-06-27 03:24:02.816578',1,'b1c6828f4b23490d9cf01ee72231359a','140',1),('mockingbird-iowa-lion-oxygen','api.tasks.generate_hourly_bed_charges',NULL,'gAUpLg==','gAV9lC4=',NULL,'2025-06-27 03:24:02.222083','2025-06-27 03:24:02.895026',1,'b22230300f2b4a08bdd05047fba9669e','80',1),('tennessee-quiet-eighteen-eight','api.tasks.generate_hourly_bed_charges',NULL,'gAUpLg==','gAV9lC4=',NULL,'2025-06-27 03:24:32.987292','2025-06-27 03:24:33.547665',1,'b2228bc0a90c495b97c5284601ce2dd9','62',1),('fish-minnesota-pasta-happy','api.tasks.generate_hourly_bed_charges',NULL,'gAUpLg==','gAV9lC4=',NULL,'2025-06-27 03:24:32.948872','2025-06-27 03:24:33.367850',1,'b2236eb98b0042429fad27b8841ca968','88',1),('helium-missouri-wyoming-missouri','api.tasks.generate_hourly_bed_charges',NULL,'gAUpLg==','gAV9lC4=',NULL,'2025-06-27 03:23:31.611434','2025-06-27 03:23:32.681875',1,'b286620a2aaf4e458c11a2c5bd082912','27',1),('michigan-fix-oven-alabama','api.tasks.generate_hourly_bed_charges',NULL,'gAUpLg==','gAV9lC4=',NULL,'2025-06-27 03:24:32.880812','2025-06-27 03:24:33.150952',1,'b2968429cdd14410ad60c1a542abff17','7',1),('ohio-crazy-don-william','api.tasks.generate_hourly_bed_charges',NULL,'gAUpLg==','gAV9lC4=',NULL,'2025-06-27 03:24:32.928023','2025-06-27 03:24:33.292523',1,'b29ce76b8d1b42f996041cba5da37e75','133',1),('video-lemon-item-indigo','api.tasks.generate_hourly_bed_charges',NULL,'gAUpLg==','gAV9lC4=',NULL,'2025-06-27 03:23:31.609429','2025-06-27 03:23:32.673113',1,'b2b2ba54eb6341be86cdfcdf2613d687','56',1),('jupiter-mockingbird-cola-hamper','api.tasks.generate_hourly_bed_charges',NULL,'gAUpLg==','gAV9lC4=',NULL,'2025-06-27 03:24:33.003686','2025-06-27 03:24:33.610539',1,'b4aa3d4d15a44a6b975ccb28740e6b49','29',1),('gee-finch-artist-hamper','api.tasks.generate_hourly_bed_charges',NULL,'gAUpLg==','gAV9lC4=',NULL,'2025-06-27 03:24:32.973267','2025-06-27 03:24:33.485251',1,'b4b11641f788477d813302ba9ac2b6b6','115',1),('oxygen-south-november-six','api.tasks.generate_hourly_bed_charges',NULL,'gAUpLg==','gAV9lC4=',NULL,'2025-06-27 03:23:31.584647','2025-06-27 03:23:32.588667',1,'b52d754780aa43a6b4eb89497897f3d4','30',1),('india-shade-hydrogen-kilo','api.tasks.generate_hourly_bed_charges',NULL,'gAUpLg==','gAV9lC4=',NULL,'2025-06-27 03:23:31.484743','2025-06-27 03:23:32.170761',1,'b5a1c4b34b1e4ddc8a12768edf9f5f6e','132',1),('quebec-artist-orange-timing','api.tasks.generate_hourly_bed_charges',NULL,'gAUpLg==','gAV9lC4=',NULL,'2025-06-27 03:24:33.012446','2025-06-27 03:24:33.656211',1,'b8ced31028a642c692e004d3bb5d696f','31',1),('colorado-johnny-sixteen-fix','api.tasks.generate_hourly_bed_charges',NULL,'gAUpLg==','gAV9lC4=',NULL,'2025-06-27 03:24:02.206453','2025-06-27 03:24:02.832206',1,'bad01555a8ef406c962ab9cc5796f079','156',1),('five-nine-don-edward','api.tasks.generate_hourly_bed_charges',NULL,'gAUpLg==','gAV9lC4=',NULL,'2025-06-27 03:23:31.479526','2025-06-27 03:23:32.157845',1,'bd6e66f21c4746869f77bf634dd34eea','28',1),('berlin-ceiling-minnesota-sodium','api.tasks.generate_hourly_bed_charges',NULL,'gAUpLg==','gAV9lC4=',NULL,'2025-06-27 03:24:33.001947','2025-06-27 03:24:33.601074',1,'bec183e82bb741f98173334a11b2ee80','53',1),('sixteen-vegan-massachusetts-rugby','api.tasks.generate_hourly_bed_charges',NULL,'gAUpLg==','gAV9lC4=',NULL,'2025-06-27 03:23:31.659536','2025-06-27 03:23:32.847710',1,'bed8913ebe9a428c80d4ad7f867c2463','63',1),('beer-stream-golf-beryllium','api.tasks.generate_hourly_bed_charges',NULL,'gAUpLg==','gAV9lC4=',NULL,'2025-06-27 03:23:31.540124','2025-06-27 03:23:32.398579',1,'befdb2e250af4268974d5bd4fe0f0feb','60',1),('speaker-hawaii-jig-nebraska','api.tasks.generate_hourly_bed_charges',NULL,'gAUpLg==','gAV9lC4=',NULL,'2025-06-27 03:24:32.962300','2025-06-27 03:24:33.435409',1,'bfbaa672f8f64d189c2ed1099415889e','84',1),('green-virginia-football-winner','api.tasks.generate_hourly_bed_charges',NULL,'gAUpLg==','gAV9lC4=',NULL,'2025-06-27 03:23:31.596575','2025-06-27 03:23:32.627780',1,'c159995790b041918797e1baf2eab45a','4',1),('table-six-sodium-maryland','api.tasks.generate_hourly_bed_charges',NULL,'gAUpLg==','gAV9lC4=',NULL,'2025-06-27 03:24:02.394787','2025-06-27 03:24:05.829622',1,'c280d943493f46f8b533d59e46148a5d','106',1),('princess-violet-florida-alabama','api.tasks.generate_hourly_bed_charges',NULL,'gAUpLg==','gAV9lC4=',NULL,'2025-06-27 03:24:33.040284','2025-06-27 03:24:33.782481',1,'c3b2f032af8c478b8518b364797a5052','145',1),('magazine-quebec-mockingbird-skylark','api.tasks.generate_hourly_bed_charges',NULL,'gAUpLg==','gAV9lC4=',NULL,'2025-06-27 03:24:02.410424','2025-06-27 03:24:05.903341',1,'c41fe84c50d142768e72563a97bebb58','54',1),('fish-shade-ten-carbon','api.tasks.generate_hourly_bed_charges',NULL,'gAUpLg==','gAV9lC4=',NULL,'2025-06-27 03:24:33.021293','2025-06-27 03:24:33.698243',1,'c5939383360c41bfbe63969146eaa81b','9',1),('five-xray-artist-alaska','api.tasks.generate_hourly_bed_charges',NULL,'gAUpLg==','gAV9lC4=',NULL,'2025-06-27 03:24:02.347504','2025-06-27 03:24:03.367286',1,'c603c745d16f40059c4b16cbbffd3170','136',1),('skylark-batman-coffee-kentucky','api.tasks.generate_hourly_bed_charges',NULL,'gAUpLg==','gAV9lC4=',NULL,'2025-06-27 03:23:31.508763','2025-06-27 03:23:32.282911',1,'c70fd6d44b764b64ac7b8d7dafba3257','113',1),('alaska-fanta-jupiter-sweet','api.tasks.generate_hourly_bed_charges',NULL,'gAUpLg==','gAV9lC4=',NULL,'2025-06-27 03:23:31.441177','2025-06-27 03:23:31.998804',1,'c8065a972f8249a6a260af03f51e3d01','163',1),('enemy-enemy-oranges-snake','api.tasks.generate_hourly_bed_charges',NULL,'gAUpLg==','gAV9lC4=',NULL,'2025-06-27 03:24:32.999933','2025-06-27 03:24:33.592622',1,'c8f5a3a17ba541a0b4b5d1764cdae0bd','119',1),('music-papa-north-fish','api.tasks.generate_hourly_bed_charges',NULL,'gAUpLg==','gAV9lC4=',NULL,'2025-06-27 03:23:31.680868','2025-06-27 03:23:32.931471',1,'cacdbe2fe609480ca212dcf2b36d8a12','105',1),('football-pip-georgia-asparagus','api.tasks.generate_hourly_bed_charges',NULL,'gAUpLg==','gAV9lC4=',NULL,'2025-06-27 03:24:33.017448','2025-06-27 03:24:33.682847',1,'cb03e96a9dc048baa549be01e2545de0','116',1),('wyoming-carolina-sink-fix','api.tasks.generate_hourly_bed_charges',NULL,'gAUpLg==','gAV9lC4=',NULL,'2025-06-27 03:23:31.672812','2025-06-27 03:23:32.887811',1,'cb37d7d16edb4ade841fb6eab45a1fb9','11',1),('four-ceiling-hamper-spaghetti','api.tasks.generate_hourly_bed_charges',NULL,'gAUpLg==','gAV9lC4=',NULL,'2025-06-27 03:24:33.026748','2025-06-27 03:24:33.721952',1,'cb7c14effc9f4e098b6ae45dbb070468','100',1),('finch-snake-wolfram-october','api.tasks.generate_hourly_bed_charges',NULL,'gAUpLg==','gAV9lC4=',NULL,'2025-06-27 03:24:32.969971','2025-06-27 03:24:33.470152',1,'ce4a2dec1b09429b87ef0e9f109d7b57','135',1),('sierra-pizza-east-finch','api.tasks.generate_hourly_bed_charges',NULL,'gAUpLg==','gAV9lC4=',NULL,'2025-06-27 03:24:02.237701','2025-06-27 03:24:02.992867',1,'d188c95542c64f7b9c51e510f282a194','92',1),('colorado-winter-ack-august','api.tasks.generate_hourly_bed_charges',NULL,'gAUpLg==','gAV9lC4=',NULL,'2025-06-27 03:23:31.522484','2025-06-27 03:23:32.338582',1,'d35778d6e6164d4aa8d3d7ace42262a9','10',1),('monkey-fanta-nine-charlie','api.tasks.generate_hourly_bed_charges',NULL,'gAUpLg==','gAV9lC4=',NULL,'2025-06-27 03:24:32.934425','2025-06-27 03:24:33.308112',1,'d3b08c7e7bd044adabe667b176afb945','60',1),('fanta-nineteen-six-carolina','api.tasks.generate_hourly_bed_charges',NULL,'gAUpLg==','gAV9lC4=',NULL,'2025-06-27 03:24:33.042429','2025-06-27 03:24:33.790250',1,'d48f2f36a97747059777b19943cffb56','95',1),('quebec-grey-black-illinois','api.tasks.generate_hourly_bed_charges',NULL,'gAUpLg==','gAV9lC4=',NULL,'2025-06-27 03:23:31.666899','2025-06-27 03:23:32.867437',1,'d4a735f33f12413ba48b546d7b6f5620','93',1),('london-four-johnny-potato','api.tasks.generate_hourly_bed_charges',NULL,'gAUpLg==','gAV9lC4=',NULL,'2025-06-27 03:23:31.492813','2025-06-27 03:23:32.207749',1,'d4dbc0b37a9d45eeb81d2ce2aa774926','22',1),('snake-winter-monkey-vermont','api.tasks.generate_hourly_bed_charges',NULL,'gAUpLg==','gAV9lC4=',NULL,'2025-06-27 03:24:02.222083','2025-06-27 03:24:02.891448',1,'d53ed2f2f0d84897b817cdf3634eb776','109',1),('lithium-glucose-oscar-tango','api.tasks.generate_hourly_bed_charges',NULL,'gAUpLg==','gAV9lC4=',NULL,'2025-06-27 03:24:32.862974','2025-06-27 03:24:33.137245',1,'d5f04a14869144079b2b1f0716cccdce','163',1),('twenty-kilo-nineteen-arizona','api.tasks.generate_hourly_bed_charges',NULL,'gAUpLg==','gAV9lC4=',NULL,'2025-06-27 03:24:32.956792','2025-06-27 03:24:33.407942',1,'d7daa34d885448e580199491c4482aae','159',1),('december-mars-low-spaghetti','api.tasks.generate_hourly_bed_charges',NULL,'gAUpLg==','gAV9lC4=',NULL,'2025-06-27 03:24:32.964310','2025-06-27 03:24:33.444391',1,'d7f5c9db6ca84000a7dd8e8af4831abd','30',1),('harry-robert-kitten-fruit','api.tasks.generate_hourly_bed_charges',NULL,'gAUpLg==','gAV9lC4=',NULL,'2025-06-27 03:24:02.143429','2025-06-27 03:24:02.643838',1,'da177fe885554a20a7ad2d54100c81cc','5',1),('west-tennis-enemy-moon','api.tasks.generate_hourly_bed_charges',NULL,'gAUpLg==','gAV9lC4=',NULL,'2025-06-27 03:24:02.394787','2025-06-27 03:24:05.887562',1,'daa9ec6d22a5461d9ffb09520a4a10c3','71',1),('sad-fifteen-mike-kentucky','api.tasks.generate_hourly_bed_charges',NULL,'gAUpLg==','gAV9lC4=',NULL,'2025-06-27 03:23:31.598742','2025-06-27 03:23:32.636805',1,'db419bbf8f6c4fef8fccb079d82aef6d','115',1),('mike-mango-sad-ceiling','api.tasks.generate_hourly_bed_charges',NULL,'gAUpLg==','gAV9lC4=',NULL,'2025-06-27 03:23:31.588608','2025-06-27 03:23:32.597523',1,'dc1134738eee47a5a7b07ed7aacad89c','37',1),('triple-berlin-three-rugby','api.tasks.generate_hourly_bed_charges',NULL,'gAUpLg==','gAV9lC4=',NULL,'2025-06-27 03:24:02.174798','2025-06-27 03:24:02.753668',1,'dc4a691e1e9b47d69d9ead71478e2155','74',1),('high-double-diet-papa','api.tasks.generate_hourly_bed_charges',NULL,'gAUpLg==','gAV9lC4=',NULL,'2025-06-27 03:24:33.047309','2025-06-27 03:24:33.805805',1,'dcc63275cf8a4a3a96ff6339131f59fe','64',1),('blossom-september-equal-social','api.tasks.generate_hourly_bed_charges',NULL,'gAUpLg==','gAV9lC4=',NULL,'2025-06-27 03:23:31.623313','2025-06-27 03:23:32.719829',1,'dcee9fba12cf4a56bac2e0d8e7c926c4','89',1),('michigan-failed-princess-ceiling','api.tasks.generate_hourly_bed_charges',NULL,'gAUpLg==','gAV9lC4=',NULL,'2025-06-27 03:24:33.019447','2025-06-27 03:24:33.690902',1,'dd29f38e5458440990a9cf452cf0e51d','63',1),('hotel-beer-video-east','api.tasks.generate_hourly_bed_charges',NULL,'gAUpLg==','gAV9lC4=',NULL,'2025-06-27 03:23:31.467457','2025-06-27 03:23:32.098205',1,'dddebde122ae4cd38792f70cc72fba6a','1',1),('violet-magnesium-cola-grey','api.tasks.generate_hourly_bed_charges',NULL,'gAUpLg==','gAV9lC4=',NULL,'2025-06-27 03:23:31.679868','2025-06-27 03:23:32.917885',1,'de3b000a623a4a929500803d77586119','138',1),('july-california-happy-vegan','api.tasks.generate_hourly_bed_charges',NULL,'gAUpLg==','gAV9lC4=',NULL,'2025-06-27 03:24:02.222083','2025-06-27 03:24:02.926201',1,'e19ea0b2564a4240ab88c7bd17537ed0','36',1),('artist-zebra-aspen-mike','api.tasks.generate_hourly_bed_charges',NULL,'gAUpLg==','gAV9lC4=',NULL,'2025-06-27 03:24:33.027776','2025-06-27 03:24:33.730752',1,'e1c3c0e8b1ab42a6b49e644222626ba1','11',1),('paris-autumn-virginia-oven','api.tasks.generate_hourly_bed_charges',NULL,'gAUpLg==','gAV9lC4=',NULL,'2025-06-27 03:24:32.967963','2025-06-27 03:24:33.460934',1,'e1d3ce5049fe4bf2ab3491fe80c1b35b','114',1),('artist-one-equal-enemy','api.tasks.generate_hourly_bed_charges',NULL,'gAUpLg==','gAV9lC4=',NULL,'2025-06-27 03:24:32.985290','2025-06-27 03:24:33.538665',1,'e2763ea0e9de4ddea901d53d90605699','21',1),('hotel-twelve-asparagus-seventeen','api.tasks.generate_hourly_bed_charges',NULL,'gAUpLg==','gAV9lC4=',NULL,'2025-06-27 03:24:02.410424','2025-06-27 03:24:05.905410',1,'e4b3323a171f46ac8d4efb3313ec8ab6','165',1),('freddie-skylark-undress-network','api.tasks.generate_hourly_bed_charges',NULL,'gAUpLg==','gAV9lC4=',NULL,'2025-06-27 03:24:32.906935','2025-06-27 03:24:33.234748',1,'e5288705e79a4bfc850f066aa6937fd3','112',1),('bacon-vegan-kitten-zulu','api.tasks.generate_hourly_bed_charges',NULL,'gAUpLg==','gAV9lC4=',NULL,'2025-06-27 03:24:32.943605','2025-06-27 03:24:33.340210',1,'e7c771412c2c40aab9651eb132a5422a','19',1),('bravo-lactose-massachusetts-item','api.tasks.generate_hourly_bed_charges',NULL,'gAUpLg==','gAV9lC4=',NULL,'2025-06-27 03:24:32.941588','2025-06-27 03:24:33.329687',1,'e7e08598fc0f4ec9988c2bb948dcf10d','44',1),('purple-potato-five-alanine','api.tasks.generate_hourly_bed_charges',NULL,'gAUpLg==','gAV9lC4=',NULL,'2025-06-27 03:24:32.926016','2025-06-27 03:24:33.285523',1,'e7f27ddcdbb5429e83e2795f149875fb','13',1),('bakerloo-grey-island-alabama','api.tasks.generate_hourly_bed_charges',NULL,'gAUpLg==','gAV9lC4=',NULL,'2025-06-27 03:24:32.996686','2025-06-27 03:24:33.573620',1,'e80914e429aa4d9998daf8dd73c5992e','143',1),('aspen-nevada-friend-venus','api.tasks.generate_hourly_bed_charges',NULL,'gAUpLg==','gAV9lC4=',NULL,'2025-06-27 03:23:31.652100','2025-06-27 03:23:32.817595',1,'e97f73e9fe184a36927fe459a317aef1','130',1),('august-zebra-lemon-grey','api.tasks.generate_hourly_bed_charges',NULL,'gAUpLg==','gAV9lC4=',NULL,'2025-06-27 03:24:02.347504','2025-06-27 03:24:05.765001',1,'ea2cca0138e247639d5871c32dfa9f1f','110',1),('minnesota-shade-tango-batman','api.tasks.generate_hourly_bed_charges',NULL,'gAUpLg==','gAV9lC4=',NULL,'2025-06-27 03:24:02.410424','2025-06-27 03:24:05.905410',1,'ea8e6e81f79e44e9b2ff15819b95a3bf','144',1),('kilo-moon-skylark-may','api.tasks.generate_hourly_bed_charges',NULL,'gAUpLg==','gAV9lC4=',NULL,'2025-06-27 03:24:32.960580','2025-06-27 03:24:33.425828',1,'ebe8c1b38449451bb9bcdc1302e8c0ad','151',1),('wolfram-spaghetti-potato-romeo','api.tasks.generate_hourly_bed_charges',NULL,'gAUpLg==','gAV9lC4=',NULL,'2025-06-27 03:24:02.136195','2025-06-27 03:24:02.596950',1,'ec7d127a1d3645be9de488438dbacc47','145',1),('kentucky-virginia-floor-avocado','api.tasks.generate_hourly_bed_charges',NULL,'gAUpLg==','gAV9lC4=',NULL,'2025-06-27 03:23:31.433531','2025-06-27 03:23:31.977715',1,'ed8cd2c371ad4e628488d491aa006cc9','154',1),('alpha-maryland-zulu-high','api.tasks.generate_hourly_bed_charges',NULL,'gAUpLg==','gAV9lC4=',NULL,'2025-06-27 03:24:32.974856','2025-06-27 03:24:33.491960',1,'ee991c6f641d4db1ac7ba68e297caba3','45',1),('alanine-skylark-xray-jersey','api.tasks.generate_hourly_bed_charges',NULL,'gAUpLg==','gAV9lC4=',NULL,'2025-06-27 03:24:02.253325','2025-06-27 03:24:03.049774',1,'ef17d92390324921ae69e2def30745d8','128',1),('south-alaska-sodium-fillet','api.tasks.generate_hourly_bed_charges',NULL,'gAUpLg==','gAV9lC4=',NULL,'2025-06-27 03:24:32.958803','2025-06-27 03:24:33.416530',1,'f18b97224ff74ef5895287910410e3b3','26',1),('asparagus-ohio-single-victor','api.tasks.generate_hourly_bed_charges',NULL,'gAUpLg==','gAV9lC4=',NULL,'2025-06-27 03:24:32.915028','2025-06-27 03:24:33.255649',1,'f1e80210ef5742589ee844f46a86fcfd','113',1),('delta-vegan-robert-uniform','api.tasks.generate_hourly_bed_charges',NULL,'gAUpLg==','gAV9lC4=',NULL,'2025-06-27 03:24:32.879285','2025-06-27 03:24:33.144163',1,'f26ce64adf3b414f80df3cd9f8b9f452','55',1),('florida-hotel-arkansas-bravo','api.tasks.generate_hourly_bed_charges',NULL,'gAUpLg==','gAV9lC4=',NULL,'2025-06-27 03:24:33.029778','2025-06-27 03:24:33.737580',1,'f29fe3c4bb5749fab016c867783e1945','101',1),('early-mexico-cat-double','api.tasks.generate_hourly_bed_charges',NULL,'gAUpLg==','gAV9lC4=',NULL,'2025-06-27 03:24:32.919992','2025-06-27 03:24:33.269313',1,'f34c38b1085d4b96ad8d424184c3a8da','24',1),('mirror-floor-august-don','api.tasks.generate_hourly_bed_charges',NULL,'gAUpLg==','gAV9lC4=',NULL,'2025-06-27 03:23:31.580648','2025-06-27 03:23:32.569454',1,'f3547c57194f435cb19906234630e7a5','151',1),('pluto-ohio-oven-zebra','api.tasks.generate_hourly_bed_charges',NULL,'gAUpLg==','gAV9lC4=',NULL,'2025-06-27 03:23:31.570043','2025-06-27 03:23:32.532369',1,'f575dced4dac4407b9e0e71727f1fad2','2',1),('april-nine-echo-angel','api.tasks.generate_hourly_bed_charges',NULL,'gAUpLg==','gAV9lC4=',NULL,'2025-06-27 03:23:31.617705','2025-06-27 03:23:32.700553',1,'f84b8e3a46e1407c9ed2fd881dda73b1','21',1),('nineteen-five-oranges-west','api.tasks.generate_hourly_bed_charges',NULL,'gAUpLg==','gAV9lC4=',NULL,'2025-06-27 03:24:02.331881','2025-06-27 03:24:03.270036',1,'f90cb1d816684e778d789ecd548b2a07','161',1),('happy-illinois-hawaii-three','api.tasks.generate_hourly_bed_charges',NULL,'gAUpLg==','gAV9lC4=',NULL,'2025-06-27 03:24:32.886931','2025-06-27 03:24:33.172933',1,'fba4eaec47064a6986bf86e4ff829133','68',1),('oklahoma-venus-alanine-eight','api.tasks.generate_hourly_bed_charges',NULL,'gAUpLg==','gAV9lC4=',NULL,'2025-06-27 03:23:31.497577','2025-06-27 03:23:32.221014',1,'fbb87595acb94eb083218c2cfb938edd','112',1),('bravo-virginia-friend-paris','api.tasks.generate_hourly_bed_charges',NULL,'gAUpLg==','gAV9lC4=',NULL,'2025-06-27 03:24:02.331881','2025-06-27 03:24:03.328810',1,'fe5157e2b2e046e49daca9c86d1135e5','33',1),('massachusetts-spring-orange-ack','api.tasks.generate_hourly_bed_charges',NULL,'gAUpLg==','gAV9lC4=',NULL,'2025-06-27 03:23:31.505586','2025-06-27 03:23:32.262594',1,'fe5d3712067c43ebb2dea36abfe2015c','87',1),('magnesium-diet-iowa-orange','api.tasks.generate_hourly_bed_charges',NULL,'gAUpLg==','gAV9lC4=',NULL,'2025-06-27 03:24:02.155155','2025-06-27 03:24:02.691156',1,'fff40982022f425cbd49cf5dc0f823be','146',1),('chicken-bacon-cat-green','api.tasks.generate_hourly_bed_charges',NULL,'gAUpLg==','gAV9lC4=',NULL,'2025-06-27 03:24:32.945517','2025-06-27 03:24:33.347209',1,'fff8c2e3318b42e8b2b481a40e5f6d6a','141',1);
/*!40000 ALTER TABLE `django_q_task` ENABLE KEYS */;
UNLOCK TABLES;

--
-- Table structure for table `django_session`
--

DROP TABLE IF EXISTS `django_session`;
/*!40101 SET @saved_cs_client     = @@character_set_client */;
/*!50503 SET character_set_client = utf8mb4 */;
CREATE TABLE `django_session` (
  `session_key` varchar(40) COLLATE utf8mb4_unicode_ci NOT NULL,
  `session_data` longtext COLLATE utf8mb4_unicode_ci NOT NULL,
  `expire_date` datetime(6) NOT NULL,
  PRIMARY KEY (`session_key`),
  KEY `django_session_expire_date_a5c62663` (`expire_date`)
) ENGINE=InnoDB DEFAULT CHARSET=utf8mb4 COLLATE=utf8mb4_unicode_ci;
/*!40101 SET character_set_client = @saved_cs_client */;

--
-- Dumping data for table `django_session`
--

LOCK TABLES `django_session` WRITE;
/*!40000 ALTER TABLE `django_session` DISABLE KEYS */;
INSERT INTO `django_session` VALUES ('bpetugz7m4owi8bplf3ku3z23da5fgku','.eJxVjEEOwiAURO_C2hBAEHDpvmcg_M9HqgaS0q6Md5cmXehuMu_NvFmI21rC1mkJc2JXJtnpt4OIT6o7SI9Y741jq-syA98VftDOp5bodTvcv4MSexlrla0wybrsxcWjJ53RZBSgyWSQMLKVCjEbgnNCkAkEOQ9qmKStM-zzBQd2OQU:1uUxzY:fCKCmhYtO4q93JsWSm2JZz6ceQMQNLmt3UXX3rXJ2go','2025-07-11 01:35:00.469994'),('eeincel09i6r8a8uo2p8xw8cib2nregk','.eJxVjEEOwiAURO_C2hBAEHDpvmcg_M9HqgaS0q6Md5cmXehuMu_NvFmI21rC1mkJc2JXJtnpt4OIT6o7SI9Y741jq-syA98VftDOp5bodTvcv4MSexlrla0wybrsxcWjJ53RZBSgyWSQMLKVCjEbgnNCkAkEOQ9qmKStM-zzBQd2OQU:1uUeoh:-a8l7koAv4IKgOD5WDLDYi9rsu_7ZVfAvNw_lzcTFAc','2025-07-10 05:06:31.678502'),('gqakywm1k2f7tv233p09zcqrxca1xzng','.eJxVjEEOwiAURO_C2hBAEHDpvmcg_M9HqgaS0q6Md5cmXehuMu_NvFmI21rC1mkJc2JXJtnpt4OIT6o7SI9Y741jq-syA98VftDOp5bodTvcv4MSexlrla0wybrsxcWjJ53RZBSgyWSQMLKVCjEbgnNCkAkEOQ9qmKStM-zzBQd2OQU:1uUdzW:PdMNUWZprdbh9T6qcriT7QHH8MbeDBfQYmvrRcAx30Q','2025-07-10 04:13:38.966942'),('tpzgzi904aaeybxd9p7e35n73gandj5c','.eJxVjEEOwiAURO_C2hBAEHDpvmcg_M9HqgaS0q6Md5cmXehuMu_NvFmI21rC1mkJc2JXJtnpt4OIT6o7SI9Y741jq-syA98VftDOp5bodTvcv4MSexlrla0wybrsxcWjJ53RZBSgyWSQMLKVCjEbgnNCkAkEOQ9qmKStM-zzBQd2OQU:1uUrb3:ndud3-JNVL4g6F3Ux71IQyeiHxg6DOSinx1GBuFooaE','2025-07-10 18:45:17.075716');
/*!40000 ALTER TABLE `django_session` ENABLE KEYS */;
UNLOCK TABLES;
/*!40103 SET TIME_ZONE=@OLD_TIME_ZONE */;

/*!40101 SET SQL_MODE=@OLD_SQL_MODE */;
/*!40014 SET FOREIGN_KEY_CHECKS=@OLD_FOREIGN_KEY_CHECKS */;
/*!40014 SET UNIQUE_CHECKS=@OLD_UNIQUE_CHECKS */;
/*!40101 SET CHARACTER_SET_CLIENT=@OLD_CHARACTER_SET_CLIENT */;
/*!40101 SET CHARACTER_SET_RESULTS=@OLD_CHARACTER_SET_RESULTS */;
/*!40101 SET COLLATION_CONNECTION=@OLD_COLLATION_CONNECTION */;
/*!40111 SET SQL_NOTES=@OLD_SQL_NOTES */;

-- Dump completed on 2025-06-27 15:21:45
