-- MySQL dump 10.13  Distrib 8.0.23, for Win64 (x86_64)
--
-- Host: localhost    Database: hospital_db_real
-- ------------------------------------------------------
-- Server version	8.0.23

/*!40101 SET @OLD_CHARACTER_SET_CLIENT=@@CHARACTER_SET_CLIENT */;
/*!40101 SET @OLD_CHARACTER_SET_RESULTS=@@CHARACTER_SET_RESULTS */;
/*!40101 SET @OLD_COLLATION_CONNECTION=@@COLLATION_CONNECTION */;
/*!50503 SET NAMES utf8mb4 */;
/*!40103 SET @OLD_TIME_ZONE=@@TIME_ZONE */;
/*!40103 SET TIME_ZONE='+00:00' */;
/*!40014 SET @OLD_UNIQUE_CHECKS=@@UNIQUE_CHECKS, UNIQUE_CHECKS=0 */;
/*!40014 SET @OLD_FOREIGN_KEY_CHECKS=@@FOREIGN_KEY_CHECKS, FOREIGN_KEY_CHECKS=0 */;
/*!40101 SET @OLD_SQL_MODE=@@SQL_MODE, SQL_MODE='NO_AUTO_VALUE_ON_ZERO' */;
/*!40111 SET @OLD_SQL_NOTES=@@SQL_NOTES, SQL_NOTES=0 */;

--
-- Table structure for table `api_backuphistory`
--

DROP TABLE IF EXISTS `api_backuphistory`;
/*!40101 SET @saved_cs_client     = @@character_set_client */;
/*!50503 SET character_set_client = utf8mb4 */;
CREATE TABLE `api_backuphistory` (
  `id` bigint NOT NULL AUTO_INCREMENT,
  `backup_file` varchar(255) COLLATE utf8mb4_unicode_ci NOT NULL,
  `media_backup` varchar(255) COLLATE utf8mb4_unicode_ci NOT NULL,
  `backup_location` varchar(255) COLLATE utf8mb4_unicode_ci NOT NULL,
  `timestamp` datetime(6) NOT NULL,
  `notes` longtext COLLATE utf8mb4_unicode_ci NOT NULL,
  `performed_by_id` bigint DEFAULT NULL,
  PRIMARY KEY (`id`),
  KEY `api_backuphistory_performed_by_id_22149427_fk_api_user_id` (`performed_by_id`),
  CONSTRAINT `api_backuphistory_performed_by_id_22149427_fk_api_user_id` FOREIGN KEY (`performed_by_id`) REFERENCES `api_user` (`id`)
) ENGINE=InnoDB DEFAULT CHARSET=utf8mb4 COLLATE=utf8mb4_unicode_ci;
/*!40101 SET character_set_client = @saved_cs_client */;

--
-- Dumping data for table `api_backuphistory`
--

LOCK TABLES `api_backuphistory` WRITE;
/*!40000 ALTER TABLE `api_backuphistory` DISABLE KEYS */;
/*!40000 ALTER TABLE `api_backuphistory` ENABLE KEYS */;
UNLOCK TABLES;

--
-- Table structure for table `api_bed`
--

DROP TABLE IF EXISTS `api_bed`;
/*!40101 SET @saved_cs_client     = @@character_set_client */;
/*!50503 SET character_set_client = utf8mb4 */;
CREATE TABLE `api_bed` (
  `id` bigint NOT NULL AUTO_INCREMENT,
  `number` varchar(10) COLLATE utf8mb4_unicode_ci NOT NULL,
  `is_occupied` tinyint(1) NOT NULL,
  `room_id` bigint NOT NULL,
  PRIMARY KEY (`id`),
  UNIQUE KEY `number` (`number`),
  KEY `api_bed_room_id_60602bf3_fk_api_room_id` (`room_id`),
  CONSTRAINT `api_bed_room_id_60602bf3_fk_api_room_id` FOREIGN KEY (`room_id`) REFERENCES `api_room` (`id`)
) ENGINE=InnoDB AUTO_INCREMENT=15 DEFAULT CHARSET=utf8mb4 COLLATE=utf8mb4_unicode_ci;
/*!40101 SET character_set_client = @saved_cs_client */;

--
-- Dumping data for table `api_bed`
--

LOCK TABLES `api_bed` WRITE;
/*!40000 ALTER TABLE `api_bed` DISABLE KEYS */;
INSERT INTO `api_bed` VALUES (1,'101',1,1),(2,'102',0,1),(3,'103',0,1),(4,'104',1,1),(5,'105',0,1),(6,'201',0,2),(7,'202',1,2),(8,'203',0,2),(9,'301',0,3),(10,'302',0,3),(11,'401',0,4),(12,'402',0,4),(13,'403',1,4),(14,'404',0,4);
/*!40000 ALTER TABLE `api_bed` ENABLE KEYS */;
UNLOCK TABLES;

--
-- Table structure for table `api_bedassignment`
--

DROP TABLE IF EXISTS `api_bedassignment`;
/*!40101 SET @saved_cs_client     = @@character_set_client */;
/*!50503 SET character_set_client = utf8mb4 */;
CREATE TABLE `api_bedassignment` (
  `id` bigint NOT NULL AUTO_INCREMENT,
  `start_time` datetime(6) NOT NULL,
  `end_time` datetime(6) DEFAULT NULL,
  `last_billed_time` datetime(6) DEFAULT NULL,
  `total_hours` int unsigned NOT NULL,
  `assigned_by_id` bigint DEFAULT NULL,
  `bed_id` bigint NOT NULL,
  `billing_id` bigint DEFAULT NULL,
  `patient_id` bigint NOT NULL,
  PRIMARY KEY (`id`),
  KEY `api_bedassignment_billing_id_de6783e6_fk_api_billing_id` (`billing_id`),
  KEY `api_bedassignment_patient_id_6473a769_fk_api_patient_id` (`patient_id`),
  KEY `api_bedassignment_assigned_by_id_f3159492_fk_api_user_id` (`assigned_by_id`),
  KEY `api_bedassignment_bed_id_0f122349_fk_api_bed_id` (`bed_id`),
  CONSTRAINT `api_bedassignment_assigned_by_id_f3159492_fk_api_user_id` FOREIGN KEY (`assigned_by_id`) REFERENCES `api_user` (`id`),
  CONSTRAINT `api_bedassignment_bed_id_0f122349_fk_api_bed_id` FOREIGN KEY (`bed_id`) REFERENCES `api_bed` (`id`),
  CONSTRAINT `api_bedassignment_billing_id_de6783e6_fk_api_billing_id` FOREIGN KEY (`billing_id`) REFERENCES `api_billing` (`id`),
  CONSTRAINT `api_bedassignment_patient_id_6473a769_fk_api_patient_id` FOREIGN KEY (`patient_id`) REFERENCES `api_patient` (`id`),
  CONSTRAINT `api_bedassignment_chk_1` CHECK ((`total_hours` >= 0))
) ENGINE=InnoDB AUTO_INCREMENT=4 DEFAULT CHARSET=utf8mb4 COLLATE=utf8mb4_unicode_ci;
/*!40101 SET character_set_client = @saved_cs_client */;

--
-- Dumping data for table `api_bedassignment`
--

LOCK TABLES `api_bedassignment` WRITE;
/*!40000 ALTER TABLE `api_bedassignment` DISABLE KEYS */;
INSERT INTO `api_bedassignment` VALUES (1,'2025-06-29 13:34:34.472109','2025-06-29 13:36:26.627280','2025-06-29 13:35:55.336146',2,2,2,2,6),(2,'2025-06-29 14:21:42.348483','2025-06-29 14:21:50.654963','2025-06-29 14:21:50.705353',1,2,2,1,3),(3,'2025-06-30 03:56:15.971499','2025-06-30 03:57:44.021839','2025-06-30 03:57:29.344802',2,1,11,3,4);
/*!40000 ALTER TABLE `api_bedassignment` ENABLE KEYS */;
UNLOCK TABLES;

--
-- Table structure for table `api_billing`
--

DROP TABLE IF EXISTS `api_billing`;
/*!40101 SET @saved_cs_client     = @@character_set_client */;
/*!50503 SET character_set_client = utf8mb4 */;
CREATE TABLE `api_billing` (
  `id` bigint NOT NULL AUTO_INCREMENT,
  `code` varchar(8) COLLATE utf8mb4_unicode_ci NOT NULL,
  `date_created` datetime(6) NOT NULL,
  `status` varchar(20) COLLATE utf8mb4_unicode_ci NOT NULL,
  `total_due` decimal(10,2) NOT NULL,
  `created_by_id` bigint DEFAULT NULL,
  `patient_id` bigint NOT NULL,
  PRIMARY KEY (`id`),
  UNIQUE KEY `code` (`code`),
  KEY `api_billing_patient_id_a7d84402_fk_api_patient_id` (`patient_id`),
  KEY `api_billing_created_by_id_9f5a7bd0_fk_api_user_id` (`created_by_id`),
  CONSTRAINT `api_billing_created_by_id_9f5a7bd0_fk_api_user_id` FOREIGN KEY (`created_by_id`) REFERENCES `api_user` (`id`),
  CONSTRAINT `api_billing_patient_id_a7d84402_fk_api_patient_id` FOREIGN KEY (`patient_id`) REFERENCES `api_patient` (`id`)
) ENGINE=InnoDB AUTO_INCREMENT=5 DEFAULT CHARSET=utf8mb4 COLLATE=utf8mb4_unicode_ci;
/*!40101 SET character_set_client = @saved_cs_client */;

--
-- Dumping data for table `api_billing`
--

LOCK TABLES `api_billing` WRITE;
/*!40000 ALTER TABLE `api_billing` DISABLE KEYS */;
INSERT INTO `api_billing` VALUES (1,'RDS4AHTF','2025-06-29 02:43:56.557786','Unpaid',50.00,1,3),(2,'VAQQH232','2025-06-29 12:08:07.717343','Paid',4001.00,2,6),(3,'6UVHUHKC','2025-06-30 03:49:03.799569','Paid',4250.00,1,4),(4,'GSFN4YEU','2025-06-30 05:12:39.056235','Unpaid',3400.00,1,5);
/*!40000 ALTER TABLE `api_billing` ENABLE KEYS */;
UNLOCK TABLES;

--
-- Table structure for table `api_billing_operator`
--

DROP TABLE IF EXISTS `api_billing_operator`;
/*!40101 SET @saved_cs_client     = @@character_set_client */;
/*!50503 SET character_set_client = utf8mb4 */;
CREATE TABLE `api_billing_operator` (
  `id` bigint NOT NULL AUTO_INCREMENT,
  `billing_id` bigint NOT NULL,
  `user_id` bigint NOT NULL,
  PRIMARY KEY (`id`),
  UNIQUE KEY `api_billing_operator_billing_id_user_id_ef23e407_uniq` (`billing_id`,`user_id`),
  KEY `api_billing_operator_user_id_fd32ba2c_fk_api_user_id` (`user_id`),
  CONSTRAINT `api_billing_operator_billing_id_8bd8f773_fk_api_billing_id` FOREIGN KEY (`billing_id`) REFERENCES `api_billing` (`id`),
  CONSTRAINT `api_billing_operator_user_id_fd32ba2c_fk_api_user_id` FOREIGN KEY (`user_id`) REFERENCES `api_user` (`id`)
) ENGINE=InnoDB AUTO_INCREMENT=6 DEFAULT CHARSET=utf8mb4 COLLATE=utf8mb4_unicode_ci;
/*!40101 SET character_set_client = @saved_cs_client */;

--
-- Dumping data for table `api_billing_operator`
--

LOCK TABLES `api_billing_operator` WRITE;
/*!40000 ALTER TABLE `api_billing_operator` DISABLE KEYS */;
INSERT INTO `api_billing_operator` VALUES (1,1,1),(3,2,1),(2,2,2),(4,3,1),(5,4,1);
/*!40000 ALTER TABLE `api_billing_operator` ENABLE KEYS */;
UNLOCK TABLES;

--
-- Table structure for table `api_billingitem`
--

DROP TABLE IF EXISTS `api_billingitem`;
/*!40101 SET @saved_cs_client     = @@character_set_client */;
/*!50503 SET character_set_client = utf8mb4 */;
CREATE TABLE `api_billingitem` (
  `id` bigint NOT NULL AUTO_INCREMENT,
  `quantity` int unsigned NOT NULL,
  `subtotal` decimal(10,2) NOT NULL,
  `bed_assignment_id` bigint DEFAULT NULL,
  `billing_id` bigint NOT NULL,
  `service_availed_id` bigint DEFAULT NULL,
  PRIMARY KEY (`id`),
  KEY `api_billingitem_bed_assignment_id_9f6ef93a_fk_api_bedas` (`bed_assignment_id`),
  KEY `api_billingitem_billing_id_9fb409fb_fk_api_billing_id` (`billing_id`),
  KEY `api_billingitem_service_availed_id_e0c7722a_fk_api_patie` (`service_availed_id`),
  CONSTRAINT `api_billingitem_bed_assignment_id_9f6ef93a_fk_api_bedas` FOREIGN KEY (`bed_assignment_id`) REFERENCES `api_bedassignment` (`id`),
  CONSTRAINT `api_billingitem_billing_id_9fb409fb_fk_api_billing_id` FOREIGN KEY (`billing_id`) REFERENCES `api_billing` (`id`),
  CONSTRAINT `api_billingitem_service_availed_id_e0c7722a_fk_api_patie` FOREIGN KEY (`service_availed_id`) REFERENCES `api_patientservice` (`id`),
  CONSTRAINT `api_billingitem_chk_1` CHECK ((`quantity` >= 0))
) ENGINE=InnoDB AUTO_INCREMENT=11 DEFAULT CHARSET=utf8mb4 COLLATE=utf8mb4_unicode_ci;
/*!40101 SET character_set_client = @saved_cs_client */;

--
-- Dumping data for table `api_billingitem`
--

LOCK TABLES `api_billingitem` WRITE;
/*!40000 ALTER TABLE `api_billingitem` DISABLE KEYS */;
INSERT INTO `api_billingitem` VALUES (1,1,501.00,NULL,2,1),(2,1,3400.00,NULL,2,2),(3,1,50.00,1,2,NULL),(4,1,50.00,1,2,NULL),(5,1,50.00,2,1,NULL),(6,1,3450.00,NULL,3,3),(7,1,500.00,NULL,3,4),(8,1,150.00,3,3,NULL),(9,1,150.00,3,3,NULL),(10,1,3400.00,NULL,4,5);
/*!40000 ALTER TABLE `api_billingitem` ENABLE KEYS */;
UNLOCK TABLES;

--
-- Table structure for table `api_billingoperatorlog`
--

DROP TABLE IF EXISTS `api_billingoperatorlog`;
/*!40101 SET @saved_cs_client     = @@character_set_client */;
/*!50503 SET character_set_client = utf8mb4 */;
CREATE TABLE `api_billingoperatorlog` (
  `id` bigint NOT NULL AUTO_INCREMENT,
  `timestamp` datetime(6) NOT NULL,
  `action` varchar(50) COLLATE utf8mb4_unicode_ci DEFAULT NULL,
  `billing_id` bigint NOT NULL,
  `user_id` bigint DEFAULT NULL,
  PRIMARY KEY (`id`),
  KEY `api_billingoperatorlog_billing_id_e3514d9f_fk_api_billing_id` (`billing_id`),
  KEY `api_billingoperatorlog_user_id_c9991532_fk_api_user_id` (`user_id`),
  CONSTRAINT `api_billingoperatorlog_billing_id_e3514d9f_fk_api_billing_id` FOREIGN KEY (`billing_id`) REFERENCES `api_billing` (`id`),
  CONSTRAINT `api_billingoperatorlog_user_id_c9991532_fk_api_user_id` FOREIGN KEY (`user_id`) REFERENCES `api_user` (`id`)
) ENGINE=InnoDB AUTO_INCREMENT=14 DEFAULT CHARSET=utf8mb4 COLLATE=utf8mb4_unicode_ci;
/*!40101 SET character_set_client = @saved_cs_client */;

--
-- Dumping data for table `api_billingoperatorlog`
--

LOCK TABLES `api_billingoperatorlog` WRITE;
/*!40000 ALTER TABLE `api_billingoperatorlog` DISABLE KEYS */;
INSERT INTO `api_billingoperatorlog` VALUES (1,'2025-06-29 02:43:56.568085','Bill Created',1,1),(2,'2025-06-29 12:08:07.723392','Bill Created',2,2),(3,'2025-06-29 13:04:58.514657','Billing Item Added/Updated',2,1),(4,'2025-06-29 13:05:14.828679','Billing Item Added/Updated',2,1),(5,'2025-06-29 13:37:10.172070','Billing Item Deleted',2,1),(6,'2025-06-29 13:37:39.248666','Marked as Paid',2,2),(7,'2025-06-29 14:21:50.697837','Billing Item Added/Updated',1,1),(8,'2025-06-30 03:49:03.808348','Bill Created',3,1),(9,'2025-06-30 03:49:40.784630','Billing Item Added/Updated',3,1),(10,'2025-06-30 03:51:59.939606','Billing Item Added/Updated',3,1),(11,'2025-06-30 03:59:49.730941','Marked as Paid',3,1),(12,'2025-06-30 05:12:39.056235','Bill Created',4,1),(13,'2025-06-30 05:13:20.617065','Billing Item Added/Updated',4,1);
/*!40000 ALTER TABLE `api_billingoperatorlog` ENABLE KEYS */;
UNLOCK TABLES;

--
-- Table structure for table `api_clinicalnote`
--

DROP TABLE IF EXISTS `api_clinicalnote`;
/*!40101 SET @saved_cs_client     = @@character_set_client */;
/*!50503 SET character_set_client = utf8mb4 */;
CREATE TABLE `api_clinicalnote` (
  `id` bigint NOT NULL AUTO_INCREMENT,
  `note_type` varchar(120) COLLATE utf8mb4_unicode_ci DEFAULT NULL,
  `note_date` datetime(6) DEFAULT NULL,
  `focus_problem` longtext COLLATE utf8mb4_unicode_ci,
  `progress_notes` longtext COLLATE utf8mb4_unicode_ci,
  `orders` longtext COLLATE utf8mb4_unicode_ci,
  `content` longtext COLLATE utf8mb4_unicode_ci,
  `case_number_patient` longtext COLLATE utf8mb4_unicode_ci,
  `medication` varchar(255) COLLATE utf8mb4_unicode_ci DEFAULT NULL,
  `dose_frequency` varchar(100) COLLATE utf8mb4_unicode_ci DEFAULT NULL,
  `created_at` datetime(6) DEFAULT NULL,
  `updated_at` datetime(6) DEFAULT NULL,
  `author_id` bigint DEFAULT NULL,
  `patient_id` bigint NOT NULL,
  PRIMARY KEY (`id`),
  KEY `api_clinicalnote_author_id_a0be26c4_fk_api_user_id` (`author_id`),
  KEY `api_clinicalnote_patient_id_6c9209af_fk_api_patient_id` (`patient_id`),
  CONSTRAINT `api_clinicalnote_author_id_a0be26c4_fk_api_user_id` FOREIGN KEY (`author_id`) REFERENCES `api_user` (`id`),
  CONSTRAINT `api_clinicalnote_patient_id_6c9209af_fk_api_patient_id` FOREIGN KEY (`patient_id`) REFERENCES `api_patient` (`id`)
) ENGINE=InnoDB AUTO_INCREMENT=12 DEFAULT CHARSET=utf8mb4 COLLATE=utf8mb4_unicode_ci;
/*!40101 SET character_set_client = @saved_cs_client */;

--
-- Dumping data for table `api_clinicalnote`
--

LOCK TABLES `api_clinicalnote` WRITE;
/*!40000 ALTER TABLE `api_clinicalnote` DISABLE KEYS */;
INSERT INTO `api_clinicalnote` VALUES (1,'Doctor','2025-06-29 03:18:00.000000','','004','004','','CN-20250629-004','','','2025-06-29 03:18:51.771342','2025-06-29 03:18:51.771342',1,3),(2,'Doctor','2025-06-29 03:18:00.000000','','003','003','','CN-20250629-003','','','2025-06-29 03:19:01.541076','2025-06-29 03:19:01.541076',1,3),(3,'Nurse','2025-06-29 04:34:00.000000','ADS','Data: ASD\nAction: ASD\nResponse: AS','','','CN-20250629-008','','','2025-06-29 04:34:44.646757','2025-06-29 04:34:44.646757',1,5),(4,'Doctor','2025-06-29 04:45:00.000000','','for case 10 ony','for case 10 ony','','CN-20250629-010','','','2025-06-29 04:45:57.540746','2025-06-29 04:45:57.540746',1,5),(5,'Doctor','2025-06-29 04:46:00.000000','','99','99','','CN-20250629-009','','','2025-06-29 04:46:08.280971','2025-06-29 04:46:08.280971',1,5),(6,'Doctor','2025-06-29 05:05:00.000000','','Molested','SMolested','','CN-20250629-011','','','2025-06-29 05:05:31.960685','2025-06-29 05:05:31.960685',1,6),(7,'Doctor','2025-06-30 02:59:00.000000','','asd','ad','','CN-20250629-013','','','2025-06-30 02:59:10.952839','2025-06-30 02:59:10.952839',1,6),(8,'Nurse','2025-06-30 03:04:00.000000','Focus','Data: Data\nAction: AAA\nResponse: RR','','','CN-20250629-013','','','2025-06-30 03:07:19.802505','2025-06-30 03:07:19.802505',1,6),(9,'Nurse','2025-06-30 03:35:00.000000','Heart','Data: Heart Daa\nAction: Action Data\nResponse: Respnse','','','CN-20250629-011','','','2025-06-30 03:36:08.802297','2025-06-30 03:36:08.802297',1,6),(10,'Doctor','2025-06-30 05:10:00.000000','','Roha','taf','','CN-20250629-006','','','2025-06-30 05:10:57.416455','2025-06-30 05:10:57.416455',1,4),(11,'Doctor','2025-06-30 05:11:00.000000','','aidf','asdj','','CN-20250630-002','','','2025-06-30 05:11:16.610950','2025-06-30 05:11:16.610950',1,4);
/*!40000 ALTER TABLE `api_clinicalnote` ENABLE KEYS */;
UNLOCK TABLES;

--
-- Table structure for table `api_historicalpatient`
--

DROP TABLE IF EXISTS `api_historicalpatient`;
/*!40101 SET @saved_cs_client     = @@character_set_client */;
/*!50503 SET character_set_client = utf8mb4 */;
CREATE TABLE `api_historicalpatient` (
  `id` bigint NOT NULL,
  `ward_service` varchar(100) COLLATE utf8mb4_unicode_ci DEFAULT NULL,
  `bed_number` varchar(20) COLLATE utf8mb4_unicode_ci DEFAULT NULL,
  `has_philhealth` tinyint(1) NOT NULL,
  `case_number` varchar(255) COLLATE utf8mb4_unicode_ci NOT NULL,
  `hospital_case_number` varchar(255) COLLATE utf8mb4_unicode_ci DEFAULT NULL,
  `has_hmo` tinyint(1) NOT NULL,
  `hmo` varchar(255) COLLATE utf8mb4_unicode_ci DEFAULT NULL,
  `code` varchar(5) COLLATE utf8mb4_unicode_ci NOT NULL,
  `name` varchar(255) COLLATE utf8mb4_unicode_ci NOT NULL,
  `status` varchar(20) COLLATE utf8mb4_unicode_ci NOT NULL,
  `type_of_admission` varchar(20) COLLATE utf8mb4_unicode_ci DEFAULT NULL,
  `admission_date` datetime(6) DEFAULT NULL,
  `current_condition` longtext COLLATE utf8mb4_unicode_ci NOT NULL,
  `date_of_birth` date DEFAULT NULL,
  `birth_place` varchar(255) COLLATE utf8mb4_unicode_ci DEFAULT NULL,
  `gender` varchar(10) COLLATE utf8mb4_unicode_ci DEFAULT NULL,
  `age` varchar(255) COLLATE utf8mb4_unicode_ci DEFAULT NULL,
  `address` varchar(255) COLLATE utf8mb4_unicode_ci DEFAULT NULL,
  `occupation` varchar(100) COLLATE utf8mb4_unicode_ci DEFAULT NULL,
  `civil_status` varchar(20) COLLATE utf8mb4_unicode_ci DEFAULT NULL,
  `nationality` varchar(100) COLLATE utf8mb4_unicode_ci DEFAULT NULL,
  `religion` varchar(100) COLLATE utf8mb4_unicode_ci DEFAULT NULL,
  `visit_type` varchar(20) COLLATE utf8mb4_unicode_ci DEFAULT NULL,
  `consultation_datetime` datetime(6) DEFAULT NULL,
  `referred_by` varchar(255) COLLATE utf8mb4_unicode_ci DEFAULT NULL,
  `next_consultation_date` datetime(6) DEFAULT NULL,
  `discharge_date` datetime(6) DEFAULT NULL,
  `total_days` varchar(255) COLLATE utf8mb4_unicode_ci DEFAULT NULL,
  `principal_diagnosis` varchar(255) COLLATE utf8mb4_unicode_ci DEFAULT NULL,
  `other_diagnosis` varchar(255) COLLATE utf8mb4_unicode_ci DEFAULT NULL,
  `principal_operation` varchar(255) COLLATE utf8mb4_unicode_ci DEFAULT NULL,
  `other_operation` varchar(255) COLLATE utf8mb4_unicode_ci DEFAULT NULL,
  `phone` varchar(15) COLLATE utf8mb4_unicode_ci DEFAULT NULL,
  `emergency_contact_name` varchar(255) COLLATE utf8mb4_unicode_ci DEFAULT NULL,
  `emergency_contact_phone` varchar(15) COLLATE utf8mb4_unicode_ci DEFAULT NULL,
  `is_active` varchar(10) COLLATE utf8mb4_unicode_ci NOT NULL,
  `entry_date` datetime(6) NOT NULL,
  `height` decimal(5,2) DEFAULT NULL,
  `weight` decimal(5,2) DEFAULT NULL,
  `blood_pressure` varchar(20) COLLATE utf8mb4_unicode_ci DEFAULT NULL,
  `pulse_rate` decimal(5,2) DEFAULT NULL,
  `respiratory_rate` decimal(5,2) DEFAULT NULL,
  `temperature` decimal(5,2) DEFAULT NULL,
  `physical_examination` longtext COLLATE utf8mb4_unicode_ci,
  `main_complaint` longtext COLLATE utf8mb4_unicode_ci,
  `present_illness` longtext COLLATE utf8mb4_unicode_ci,
  `clinical_findings` longtext COLLATE utf8mb4_unicode_ci,
  `icd_code` varchar(20) COLLATE utf8mb4_unicode_ci DEFAULT NULL,
  `diagnosis` longtext COLLATE utf8mb4_unicode_ci,
  `treatment` longtext COLLATE utf8mb4_unicode_ci,
  `disposition` varchar(20) COLLATE utf8mb4_unicode_ci DEFAULT NULL,
  `result` varchar(20) COLLATE utf8mb4_unicode_ci DEFAULT NULL,
  `membership` varchar(10) COLLATE utf8mb4_unicode_ci DEFAULT NULL,
  `father_name` varchar(255) COLLATE utf8mb4_unicode_ci DEFAULT NULL,
  `father_address` varchar(255) COLLATE utf8mb4_unicode_ci DEFAULT NULL,
  `father_contact` varchar(15) COLLATE utf8mb4_unicode_ci DEFAULT NULL,
  `mother_name` varchar(255) COLLATE utf8mb4_unicode_ci DEFAULT NULL,
  `mother_address` varchar(255) COLLATE utf8mb4_unicode_ci DEFAULT NULL,
  `mother_contact` varchar(15) COLLATE utf8mb4_unicode_ci DEFAULT NULL,
  `spouse_name` varchar(255) COLLATE utf8mb4_unicode_ci DEFAULT NULL,
  `spouse_address` varchar(255) COLLATE utf8mb4_unicode_ci DEFAULT NULL,
  `spouse_contact` varchar(15) COLLATE utf8mb4_unicode_ci DEFAULT NULL,
  `history_id` int NOT NULL AUTO_INCREMENT,
  `history_date` datetime(6) NOT NULL,
  `history_change_reason` varchar(100) COLLATE utf8mb4_unicode_ci DEFAULT NULL,
  `history_type` varchar(1) COLLATE utf8mb4_unicode_ci NOT NULL,
  `attending_physician_id` bigint DEFAULT NULL,
  `history_user_id` bigint DEFAULT NULL,
  `archived` tinyint(1) NOT NULL,
  PRIMARY KEY (`history_id`),
  KEY `api_historicalpatient_history_user_id_aa8d524a_fk_api_user_id` (`history_user_id`),
  KEY `api_historicalpatient_id_beba82e9` (`id`),
  KEY `api_historicalpatient_case_number_80453bae` (`case_number`),
  KEY `api_historicalpatient_code_9022f6a4` (`code`),
  KEY `api_historicalpatient_history_date_371c351f` (`history_date`),
  KEY `api_historicalpatient_attending_physician_id_bea45980` (`attending_physician_id`),
  CONSTRAINT `api_historicalpatient_history_user_id_aa8d524a_fk_api_user_id` FOREIGN KEY (`history_user_id`) REFERENCES `api_user` (`id`)
) ENGINE=InnoDB AUTO_INCREMENT=67 DEFAULT CHARSET=utf8mb4 COLLATE=utf8mb4_unicode_ci;
/*!40101 SET character_set_client = @saved_cs_client */;

--
-- Dumping data for table `api_historicalpatient`
--

LOCK TABLES `api_historicalpatient` WRITE;
/*!40000 ALTER TABLE `api_historicalpatient` DISABLE KEYS */;
INSERT INTO `api_historicalpatient` VALUES (1,'private','',0,'CN-20250629-001','HCN-20250617-001',0,'asd','6CKWF','Filmor Sarmiento','Admitted','New','2025-06-29 02:36:00.000000','Not specified','2002-12-10','Taytay Rizal','Male','55','block 1 lot 38, Hinapao Street','Foreman','Single','Filipino','Roman Catholic','New',NULL,'Dr. Molina',NULL,NULL,'','','','','','09764926311','','','Active','2025-06-29 02:36:35.050256',NULL,NULL,'',NULL,NULL,NULL,'','','','','','','','Transferred','Died','','','','','','','','','','',1,'2025-06-29 02:36:35.056268',NULL,'+',1,1,0),(1,'private','',0,'CN-20250629-001','6CKWF',0,'asd','6CKWF','Filmor Sarmiento','Admitted','New','2025-06-29 02:36:00.000000','Not specified','2002-12-10','Taytay Rizal','Male','55','block 1 lot 38, Hinapao Street','Foreman','Single','Filipino','Roman Catholic','New',NULL,'Dr. Molina',NULL,NULL,'','','','','','09764926311','','','Active','2025-06-29 02:36:35.050256',NULL,NULL,'',NULL,NULL,NULL,'','','','','','','','Transferred','Died','','','','','','','','','','',2,'2025-06-29 02:36:35.100260',NULL,'~',1,1,0),(2,'private','',0,'CN-20250629-002','asd',0,'asdsadsabhcabh','CKDG6','Filmor Sarmiento','Admitted','New','2025-06-29 02:40:00.000000','Not specified','2025-06-29','Taytay Rizal','Male','11','block 1 lot 38, Hinapao Street','Foreman','','Filipino','Christian','New',NULL,'Dr. Santos',NULL,NULL,'','','','','','09357773518','','','Active','2025-06-29 02:41:07.352691',NULL,NULL,'',NULL,NULL,NULL,'','','','','','a','','Discharged','Recovered','SSS','','','','','','','','','',3,'2025-06-29 02:41:07.357796',NULL,'+',1,1,0),(2,'private','',0,'CN-20250629-002','CKDG6',0,'asdsadsabhcabh','CKDG6','Filmor Sarmiento','Admitted','New','2025-06-29 02:40:00.000000','Not specified','2025-06-29','Taytay Rizal','Male','11','block 1 lot 38, Hinapao Street','Foreman','','Filipino','Christian','New',NULL,'Dr. Santos',NULL,NULL,'','','','','','09357773518','','','Active','2025-06-29 02:41:07.352691',NULL,NULL,'',NULL,NULL,NULL,'','','','','','a','','Discharged','Recovered','SSS','','','','','','','','','',4,'2025-06-29 02:41:07.384677',NULL,'~',1,1,0),(2,'private','',0,'CN-20250629-002','CKDG6',0,'asdsadsabhcabh','CKDG6','Filmor Sarmiento','Admitted','New','2025-06-29 02:40:00.000000','Not specified','2025-06-29','Taytay Rizal','Male','11','block 1 lot 38, Hinapao Street','Foreman','','Filipino','Christian','New',NULL,'Dr. Santos',NULL,NULL,'','','','','','09357773518','','','Active','2025-06-29 02:41:07.352691',NULL,NULL,'',NULL,NULL,NULL,'','','','','','a','','Discharged','Recovered','SSS','','','','','','','','','',5,'2025-06-29 02:41:23.456530',NULL,'~',1,1,1),(1,'private','',0,'CN-20250629-001','6CKWF',0,'asd','6CKWF','Filmor Sarmiento','Admitted','New','2025-06-29 02:36:00.000000','Not specified','2002-12-10','Taytay Rizal','Male','55','block 1 lot 38, Hinapao Street','Foreman','Single','Filipino','Roman Catholic','New',NULL,'Dr. Molina',NULL,NULL,'','','','','','09764926311','','','Active','2025-06-29 02:36:35.050256',NULL,NULL,'',NULL,NULL,NULL,'','','','','','','','Transferred','Died','','','','','','','','','','',6,'2025-06-29 02:41:35.068525',NULL,'~',1,1,1),(3,'house','',0,'CN-20250629-003','HCN-20250617-001',0,'Acme Health Plan','TJ7GG','James Sarmiento','Admitted','New','2025-06-29 02:42:00.000000','Not specified','2025-06-29','Pasig City','Male','1','block 1 lot 38, Hinapao Street','Global Terrierist','Single','Filipino','Christian','New',NULL,'Dr. Santos',NULL,NULL,'','','','','','09357773518','','','Active','2025-06-29 02:42:28.724549',NULL,NULL,'',NULL,NULL,NULL,'','','','','','asd','','Discharged','Recovered','SSS','','','','','','','','','',7,'2025-06-29 02:42:28.727761',NULL,'+',1,1,0),(3,'house','',0,'CN-20250629-003','TJ7GG',0,'Acme Health Plan','TJ7GG','James Sarmiento','Admitted','New','2025-06-29 02:42:00.000000','Not specified','2025-06-29','Pasig City','Male','1','block 1 lot 38, Hinapao Street','Global Terrierist','Single','Filipino','Christian','New',NULL,'Dr. Santos',NULL,NULL,'','','','','','09357773518','','','Active','2025-06-29 02:42:28.724549',NULL,NULL,'',NULL,NULL,NULL,'','','','','','asd','','Discharged','Recovered','SSS','','','','','','','','','',8,'2025-06-29 02:42:28.743601',NULL,'~',1,1,0),(3,'house','',0,'CN-20250629-003','TJ7GG',0,'Acme Health Plan','TJ7GG','James Sarmiento','Admitted','New','2025-06-29 02:42:00.000000','Not specified','2025-06-29','Pasig City','Male','1','003','Global Terrierist','Single','Filipino','Christian','New',NULL,'Dr. Santos',NULL,NULL,'','','','','','09357773518','','','Active','2025-06-29 02:42:28.724549',NULL,NULL,'',NULL,NULL,NULL,'','','','','','asd','','Discharged','Recovered','SSS','','','','','','','','','',9,'2025-06-29 03:02:00.931065',NULL,'~',1,1,0),(3,'house','',0,'CN-20250629-003','TJ7GG',0,'Acme Health Plan','TJ7GG','James Sarmiento','Admitted','New','2025-06-29 02:42:00.000000','Not specified','2025-06-29','Pasig City','Male','1','003','Global Terrierist','Single','Filipino','Christian','New',NULL,'Dr. Santos',NULL,NULL,'','','','','','09357773518','','','Active','2025-06-29 02:42:28.724549',NULL,NULL,'',NULL,NULL,NULL,'','','','','','asd','','Discharged','Recovered','SSS','','','','','','','','','',10,'2025-06-29 03:02:00.941187',NULL,'~',1,1,0),(3,'house','',0,'CN-20250629-004','TJ7GG',0,'Acme Health Plan','TJ7GG','James Sarmiento','Admitted','New','2025-06-29 02:42:00.000000','Not specified','2025-06-29','Pasig City','Male','1','NEW GENERATED CODE DAPAT','Global Terrierist','Single','Filipino','Christian','New',NULL,'Dr. Santos',NULL,NULL,'','','','','','09357773518','','','Active','2025-06-29 02:42:28.724549',NULL,NULL,'',NULL,NULL,NULL,'','','','','','asd','','Discharged','Recovered','SSS','','','','','','','','','',11,'2025-06-29 03:18:36.158263',NULL,'~',1,1,0),(3,'house','',0,'CN-20250629-004','TJ7GG',0,'Acme Health Plan','TJ7GG','James Sarmiento 004','Admitted','New','2025-06-29 02:42:00.000000','Not specified','2025-06-29','Pasig City','Male','1','NEW GENERATED CODE DAPAT','Global Terrierist','Single','Filipino','Christian','New',NULL,'Dr. Santos',NULL,NULL,'','','','','','09357773518','','','Active','2025-06-29 02:42:28.724549',NULL,NULL,'',NULL,NULL,NULL,'','','','','','asd','','Discharged','Recovered','SSS','','','','','','','','','',12,'2025-06-29 03:26:29.387917',NULL,'~',1,1,0),(3,'house','',0,'CN-20250629-004','TJ7GG',0,'Acme Health Plan','TJ7GG','James Sarmiento 004','Admitted','New','2025-06-29 02:42:00.000000','Not specified','2025-06-29','Pasig City','Male','1','NEW GENERATED CODE DAPAT','Global Terrierist','Single','Filipino','Christian','New',NULL,'Dr. Santos',NULL,NULL,'','','','','','09357773518','','','Active','2025-06-29 02:42:28.724549',NULL,NULL,'',NULL,NULL,NULL,'','','','','','asd','','Discharged','Recovered','SSS','','','','','','','','','',13,'2025-06-29 03:26:29.407539',NULL,'~',1,1,0),(3,'house','',0,'CN-20250629-005','TJ7GG',0,'Acme Health Plan','TJ7GG','James Sarmiento 005','Admitted','New','2025-06-29 02:42:00.000000','Not specified','2025-06-29','Pasig City','Male','1','NEW GENERATED CODE DAPAT','Global Terrierist','Single','Filipino','Christian','New',NULL,'Dr. Santos',NULL,NULL,'','','','','','09357773518','','','Active','2025-06-29 02:42:28.724549',NULL,NULL,'',NULL,NULL,NULL,'','','','','','asd','','Discharged','Recovered','SSS','','','','','','','','','',14,'2025-06-29 03:27:02.232516',NULL,'~',1,1,0),(4,'private','',0,'CN-20250629-006',NULL,0,'Acme Health Plan','7FDTS','Cong Velasquez','Admitted','New','2025-06-29 04:08:00.000000','Not specified','2001-06-29','','Male','24','block 1 lot 38, Hinapao Street','Software Engineer','Single','Filipino','Roman Catholic','New',NULL,'Dr. Santos',NULL,'2025-06-29 04:08:00.000000','','','','','','09764926311','','','Active','2025-06-29 04:08:53.306898',NULL,NULL,'',NULL,NULL,NULL,'','','','','','asd','','Transferred','Died','SSS','','','','','','','','','',15,'2025-06-29 04:08:53.317482',NULL,'+',1,1,0),(4,'private','',0,'CN-20250629-006','7FDTS',0,'Acme Health Plan','7FDTS','Cong Velasquez','Admitted','New','2025-06-29 04:08:00.000000','Not specified','2001-06-29','','Male','24','block 1 lot 38, Hinapao Street','Software Engineer','Single','Filipino','Roman Catholic','New',NULL,'Dr. Santos',NULL,'2025-06-29 04:08:00.000000','','','','','','09764926311','','','Active','2025-06-29 04:08:53.306898',NULL,NULL,'',NULL,NULL,NULL,'','','','','','asd','','Transferred','Died','SSS','','','','','','','','','',16,'2025-06-29 04:08:53.355613',NULL,'~',1,1,0),(4,'private','',0,'CN-20250629-006','7FDTS',0,'Acme Health Plan','7FDTS','Cong Velasquez Jr','Admitted','New','2025-06-29 04:08:00.000000','Not specified','2001-06-29','','Male','24','block 1 lot 38, Hinapao Street','Software Engineer','Single','Filipino','Roman Catholic','New',NULL,'Dr. Santos',NULL,'2025-06-29 04:08:00.000000','','','','','','09764926311','','','Active','2025-06-29 04:08:53.306898',NULL,NULL,'',NULL,NULL,NULL,'','','','','','asd','','Transferred','Died','SSS','','','','','','','','','',17,'2025-06-29 04:09:18.995683',NULL,'~',1,1,0),(4,'private','',0,'CN-20250629-006','7FDTS',0,'Acme Health Plan','7FDTS','Cong Velasquez Jr','Admitted','New','2025-06-29 04:08:00.000000','Not specified','2001-06-29','','Male','24','block 1 lot 38, Hinapao Street','Software Engineer','Single','Filipino','Roman Catholic','New',NULL,'Dr. Santos',NULL,'2025-06-29 04:08:00.000000','','','','','','09764926311','','','Active','2025-06-29 04:08:53.306898',NULL,NULL,'',NULL,NULL,NULL,'','','','','','asd','','Transferred','Died','SSS','','','','','','','','','',18,'2025-06-29 04:09:19.011074',NULL,'~',1,1,0),(4,'private','',0,'CN-20250629-007','7FDTS',0,'Acme Health Plan','7FDTS','Cong Velasquez Jr','Outpatient','New','2025-06-29 04:08:00.000000','Not specified','2001-06-29','','Male','24','block 1 lot 38, Hinapao Street','Software Engineer','Single','Filipino','Roman Catholic','New','2025-06-29 04:09:00.000000','Dr. Santos007 dapat',NULL,'2025-06-29 04:08:00.000000','','','','','','09764926311','','','Active','2025-06-29 04:08:53.306898',120.00,54.00,'120',120.00,120.00,120.00,'007 dapat','007 dapat','007 dapat','','007 dapat','asd','007 dapat','Transferred','Died','SSS','','','','','','','','','',19,'2025-06-29 04:10:21.911185',NULL,'~',1,1,0),(5,'private','',0,'CN-20250629-008',NULL,0,'Acme Health Plan','XKPSP','Marwan D. Terrorist','Admitted','New','2025-06-29 04:32:00.000000','Not specified','2010-06-29','Marawi, City','Male','15','block 1 lot 38, Hinapao Street','Global Terrierist','Single','Filipino','Muslim','New',NULL,'Dr. Santos',NULL,NULL,'','aasd','asd','','','09357773518','','','Active','2025-06-29 04:34:26.376788',NULL,NULL,'',NULL,NULL,NULL,'','','','','','asda','','Discharged','Recovered','SSS','','','','','','','','','',20,'2025-06-29 04:34:26.383768',NULL,'+',1,1,0),(5,'private','',0,'CN-20250629-008','XKPSP',0,'Acme Health Plan','XKPSP','Marwan D. Terrorist','Admitted','New','2025-06-29 04:32:00.000000','Not specified','2010-06-29','Marawi, City','Male','15','block 1 lot 38, Hinapao Street','Global Terrierist','Single','Filipino','Muslim','New',NULL,'Dr. Santos',NULL,NULL,'','aasd','asd','','','09357773518','','','Active','2025-06-29 04:34:26.376788',NULL,NULL,'',NULL,NULL,NULL,'','','','','','asda','','Discharged','Recovered','SSS','','','','','','','','','',21,'2025-06-29 04:34:26.412321',NULL,'~',1,1,0),(5,'private','',0,'CN-20250629-009','XKPSP',0,'Acme Health Plan','XKPSP','Marwan D. Terrorist 009','Outpatient','New','2025-06-29 04:32:00.000000','asdNot specified','2010-06-29','Marawi, City','Male','15','block 1 lot 38, Hinapao Street','Global Terrierist','Single','Filipino','Muslim','New','2025-06-29 04:37:00.000000','Dr. Santos',NULL,NULL,'','aasd','asd','','','09357773518','','','Active','2025-06-29 04:34:26.376788',120.00,120.00,'120',120.00,120.00,120.00,'hes heatlhy','asd','120asda','','120asd','asda','120asd','Discharged','Recovered','SSS','','','','','','','','','',22,'2025-06-29 04:41:47.746407',NULL,'~',2,1,0),(5,'private','',0,'CN-20250629-010','XKPSP',0,'Acme Health Plan','XKPSP','Marwan D. Terrorist 010','Outpatient','New','2025-06-29 04:32:00.000000','asdNot specified','2010-06-29','Marawi, City','Male','15','block 1 lot 38, Hinapao Street','Global Terrierist','Single','Filipino','Muslim','New','2025-06-29 04:37:00.000000','Dr. Santos',NULL,NULL,'','aasd','asd','','','09357773518','','','Active','2025-06-29 04:34:26.376788',120.00,120.00,'120',120.00,120.00,120.00,'hes heatlhy','asd','120asda','','120asd','asda','120asd','Discharged','Recovered','SSS','','','','','','','','','',23,'2025-06-29 04:42:52.288393',NULL,'~',2,1,0),(5,'private','',0,'CN-20250629-010','XKPSP',0,'Acme Health Plan','XKPSP','Marwan D. Terrorist','Outpatient','New','2025-06-29 04:32:00.000000','asdNot specified','2010-06-29','Marawi, City','Male','15','block 1 lot 38, Hinapao Street','Global Terrierist','Single','Filipino','Muslim','New','2025-06-29 04:37:00.000000','Dr. Santos',NULL,NULL,'','aasd','asd','','','09357773518','','','Active','2025-06-29 04:34:26.376788',120.00,120.00,'120',120.00,120.00,120.00,'hes heatlhy','asd','120asda','','120asd','asda','120asd','Discharged','Recovered','SSS','','','','','','','','','',24,'2025-06-29 04:46:41.133746',NULL,'~',2,1,0),(5,'private','',0,'CN-20250629-010','XKPSP',0,'Acme Health Plan','XKPSP','Marwan D. Terrorist','Outpatient','New','2025-06-29 04:32:00.000000','asdNot specified','2010-06-29','Marawi, City','Male','15','block 1 lot 38, Hinapao Street','Global Terrierist','Single','Filipino','Muslim','New','2025-06-29 04:37:00.000000','Dr. Santos',NULL,NULL,'','aasd','asd','','','09357773518','','','Active','2025-06-29 04:34:26.376788',120.00,120.00,'120',120.00,120.00,120.00,'hes heatlhy','asd','120asda','','120asd','asda','120asd','Discharged','Recovered','SSS','','','','','','','','','',25,'2025-06-29 04:46:41.152764',NULL,'~',2,1,0),(6,'house','',0,'CN-20250629-011',NULL,0,'Acme Health Plan','Y4JRQ','Mo E. Lester','Admitted','New','2025-06-29 05:03:00.000000','Not specified','1995-06-17','Taytay Rizal','Male','30','block 1 lot 38, Hinapao Street','Accountant','Single','Filipino','Roman Catholic','New',NULL,'Dr. Molina',NULL,NULL,'','Beaten up','Beaten up','Beaten up','Beaten up','09764926311','','','Active','2025-06-29 05:04:12.595270',NULL,NULL,'',NULL,NULL,NULL,'','','','','u823af','Beaten up','','Discharged','Died','SSS','','','','','','','','','',26,'2025-06-29 05:04:12.603385',NULL,'+',3,1,0),(6,'house','',0,'CN-20250629-011','Y4JRQ',0,'Acme Health Plan','Y4JRQ','Mo E. Lester','Admitted','New','2025-06-29 05:03:00.000000','Not specified','1995-06-17','Taytay Rizal','Male','30','block 1 lot 38, Hinapao Street','Accountant','Single','Filipino','Roman Catholic','New',NULL,'Dr. Molina',NULL,NULL,'','Beaten up','Beaten up','Beaten up','Beaten up','09764926311','','','Active','2025-06-29 05:04:12.595270',NULL,NULL,'',NULL,NULL,NULL,'','','','','u823af','Beaten up','','Discharged','Died','SSS','','','','','','','','','',27,'2025-06-29 05:04:12.635970',NULL,'~',3,1,0),(7,'house','',0,'CN-20250629-012',NULL,0,'Acme Health Plan','3HSNF','Mo E. Lester','Admitted','New','2025-06-29 05:03:00.000000','Not specified','1995-06-17','Taytay Rizal','Male','30','block 1 lot 38, Hinapao Street','Accountant','Single','Filipino','Roman Catholic','New',NULL,'Dr. Molina',NULL,NULL,'','Beaten up','Beaten up','Beaten up','Beaten up','09764926311','','','Active','2025-06-29 05:04:46.844851',NULL,NULL,'',NULL,NULL,NULL,'','','','','u823af','Beaten up','','Discharged','Died','SSS','','','','','','','','','',28,'2025-06-29 05:04:46.850854',NULL,'+',3,1,0),(7,'house','',0,'CN-20250629-012','3HSNF',0,'Acme Health Plan','3HSNF','Mo E. Lester','Admitted','New','2025-06-29 05:03:00.000000','Not specified','1995-06-17','Taytay Rizal','Male','30','block 1 lot 38, Hinapao Street','Accountant','Single','Filipino','Roman Catholic','New',NULL,'Dr. Molina',NULL,NULL,'','Beaten up','Beaten up','Beaten up','Beaten up','09764926311','','','Active','2025-06-29 05:04:46.844851',NULL,NULL,'',NULL,NULL,NULL,'','','','','u823af','Beaten up','','Discharged','Died','SSS','','','','','','','','','',29,'2025-06-29 05:04:46.876248',NULL,'~',3,1,0),(7,'house','',0,'CN-20250629-012','3HSNF',0,'Acme Health Plan','3HSNF','Mo E. Lester','Admitted','New','2025-06-29 05:03:00.000000','Not specified','1995-06-17','Taytay Rizal','Male','30','block 1 lot 38, Hinapao Street','Accountant','Single','Filipino','Roman Catholic','New',NULL,'Dr. Molina',NULL,NULL,'','Beaten up','Beaten up','Beaten up','Beaten up','09764926311','','','Active','2025-06-29 05:04:46.844851',NULL,NULL,'',NULL,NULL,NULL,'','','','','u823af','Beaten up','','Discharged','Died','SSS','','','','','','','','','',30,'2025-06-29 05:06:01.714413',NULL,'~',3,1,1),(6,'house','',0,'CN-20250629-013','Y4JRQ',0,'Acme Health Plan','Y4JRQ','Mo E. Lester','Admitted','New','2025-06-29 05:03:00.000000','Not specified','1995-06-17','Taytay Rizal','Male','30','block 1 lot 38, Hinapao Street','Accountant','Single','Filipino','Roman Catholic','New',NULL,'Dr. Molina',NULL,NULL,'','Beaten up','Beaten up','Beaten up','Beaten up','09764926311','','','Active','2025-06-29 05:04:12.595270',NULL,NULL,'',NULL,NULL,NULL,'','','','','u823af','Beaten up','','Discharged','Died','SSS','','','','','','','','','',31,'2025-06-29 08:37:38.305382',NULL,'~',3,1,0),(6,'house','102',0,'CN-20250629-013','Y4JRQ',0,'Acme Health Plan','Y4JRQ','Mo E. Lester','Admitted','New','2025-06-29 05:03:00.000000','Not specified','1995-06-17','Taytay Rizal','Male','30','block 1 lot 38, Hinapao Street','Accountant','Single','Filipino','Roman Catholic','New',NULL,'Dr. Molina',NULL,NULL,'','Beaten up','Beaten up','Beaten up','Beaten up','09764926311','','','Active','2025-06-29 05:04:12.595270',NULL,NULL,'',NULL,NULL,NULL,'','','','','u823af','Beaten up','','Discharged','Died','SSS','','','','','','','','','',32,'2025-06-29 13:34:34.499271',NULL,'~',3,2,0),(6,'house',NULL,0,'CN-20250629-013','Y4JRQ',0,'Acme Health Plan','Y4JRQ','Mo E. Lester','Discharged','New','2025-06-29 05:03:00.000000','Not specified','1995-06-17','Taytay Rizal','Male','30','block 1 lot 38, Hinapao Street','Accountant','Single','Filipino','Roman Catholic','New',NULL,'Dr. Molina',NULL,NULL,'','Beaten up','Beaten up','Beaten up','Beaten up','09764926311','','','Active','2025-06-29 05:04:12.595270',NULL,NULL,'',NULL,NULL,NULL,'','','','','u823af','Beaten up','','Discharged','Died','SSS','','','','','','','','','',33,'2025-06-29 13:36:26.647863',NULL,'~',3,2,0),(3,'house','102',0,'CN-20250629-005','TJ7GG',0,'Acme Health Plan','TJ7GG','James Sarmiento 005','Admitted','New','2025-06-29 02:42:00.000000','Not specified','2025-06-29','Pasig City','Male','1','NEW GENERATED CODE DAPAT','Global Terrierist','Single','Filipino','Christian','New',NULL,'Dr. Santos',NULL,NULL,'','','','','','09357773518','','','Active','2025-06-29 02:42:28.724549',NULL,NULL,'',NULL,NULL,NULL,'','','','','','asd','','Discharged','Recovered','SSS','','','','','','','','','',34,'2025-06-29 14:21:42.388601',NULL,'~',1,2,0),(3,'house',NULL,0,'CN-20250629-005','TJ7GG',0,'Acme Health Plan','TJ7GG','James Sarmiento 005','Discharged','New','2025-06-29 02:42:00.000000','Not specified','2025-06-29','Pasig City','Male','1','NEW GENERATED CODE DAPAT','Global Terrierist','Single','Filipino','Christian','New',NULL,'Dr. Santos',NULL,NULL,'','','','','','09357773518','','','Active','2025-06-29 02:42:28.724549',NULL,NULL,'',NULL,NULL,NULL,'','','','','','asd','','Discharged','Recovered','SSS','','','','','','','','','',35,'2025-06-29 14:21:50.723898',NULL,'~',1,2,0),(8,'house','',1,'CN-20250630-001',NULL,0,'Acme Health Plan','CJNQC','James Bustos','Admitted','New','2025-06-30 03:21:00.000000','Not specified','2002-06-30','Taytay Rizal','Male','23','block 1 lot 38, Hinapao Street','Software Engineer','Single','Filipino','Roman Catholic','New',NULL,'Dr. Santos',NULL,NULL,'','Principal','Other','POP','Procedure','09764926311','','','Active','2025-06-30 03:34:28.964051',NULL,NULL,'',NULL,NULL,NULL,'','','','','asd33','ABCDEFG','','Transferred','Recovered','SSS','','','','','','','','','',36,'2025-06-30 03:34:28.977808',NULL,'+',3,1,0),(8,'house','',1,'CN-20250630-001','CJNQC',0,'Acme Health Plan','CJNQC','James Bustos','Admitted','New','2025-06-30 03:21:00.000000','Not specified','2002-06-30','Taytay Rizal','Male','23','block 1 lot 38, Hinapao Street','Software Engineer','Single','Filipino','Roman Catholic','New',NULL,'Dr. Santos',NULL,NULL,'','Principal','Other','POP','Procedure','09764926311','','','Active','2025-06-30 03:34:28.964051',NULL,NULL,'',NULL,NULL,NULL,'','','','','asd33','ABCDEFG','','Transferred','Recovered','SSS','','','','','','','','','',37,'2025-06-30 03:34:29.024163',NULL,'~',3,1,0),(4,'private','',0,'CN-20250630-002','7FDTS',0,'Acme Health Plan','7FDTS','Cong Velasquez Jr','Admitted','New','2025-06-29 04:08:00.000000','Not specified','2001-06-29','','Male','24','block 1 lot 38, Hinapao Street','Software Engineer','Single','Filipino','Roman Catholic','New','2025-06-29 04:09:00.000000','Dr. Santos007 dapat',NULL,'2025-06-29 04:08:00.000000','','','','','','09764926311','','','Active','2025-06-29 04:08:53.306898',120.00,54.00,'120',120.00,120.00,120.00,'007 dapat','007 dapat','007 dapat','','007 dapat','Admission Diagnosis 222','007 dapat','Transferred','Died','SSS','','','','','','','','','',38,'2025-06-30 03:47:19.170303',NULL,'~',2,1,0),(4,'private','',0,'CN-20250630-002','7FDTS',0,'Acme Health Plan','7FDTS','Cong Velasquez Jrs','Admitted','New','2025-06-29 04:08:00.000000','Not specified','2001-06-29','','Male','24','block 1 lot 38, Hinapao Street','Software Engineer','Single','Filipino','Roman Catholic','New','2025-06-29 04:09:00.000000','Dr. Santos007 dapat',NULL,'2025-06-29 04:08:00.000000','','','','','','09764926311','','','Active','2025-06-29 04:08:53.306898',120.00,54.00,'120',120.00,120.00,120.00,'007 dapat','007 dapat','007 dapat','','007 dapat','Admission Diagnosis 222','007 dapat','Transferred','Died','SSS','','','','','','','','','',39,'2025-06-30 03:48:06.847363',NULL,'~',2,1,0),(4,'private','',0,'CN-20250630-002','7FDTS',0,'Acme Health Plan','7FDTS','Cong Velasquez Jrs','Admitted','New','2025-06-29 04:08:00.000000','Not specified','2001-06-29','','Male','24','block 1 lot 38, Hinapao Street','Software Engineer','Single','Filipino','Roman Catholic','New','2025-06-29 04:09:00.000000','Dr. Santos007 dapat',NULL,'2025-06-29 04:08:00.000000','','','','','','09764926311','','','Active','2025-06-29 04:08:53.306898',120.00,54.00,'120',120.00,120.00,120.00,'007 dapat','007 dapat','007 dapat','','007 dapat','Admission Diagnosis 222','007 dapat','Transferred','Died','SSS','','','','','','','','','',40,'2025-06-30 03:48:06.869917',NULL,'~',2,1,0),(4,'private','401',0,'CN-20250630-002','7FDTS',0,'Acme Health Plan','7FDTS','Cong Velasquez Jrs','Admitted','New','2025-06-29 04:08:00.000000','Not specified','2001-06-29','','Male','24','block 1 lot 38, Hinapao Street','Software Engineer','Single','Filipino','Roman Catholic','New','2025-06-29 04:09:00.000000','Dr. Santos007 dapat',NULL,'2025-06-29 04:08:00.000000','','','','','','09764926311','','','Active','2025-06-29 04:08:53.306898',120.00,54.00,'120',120.00,120.00,120.00,'007 dapat','007 dapat','007 dapat','','007 dapat','Admission Diagnosis 222','007 dapat','Transferred','Died','SSS','','','','','','','','','',41,'2025-06-30 03:56:15.990048',NULL,'~',2,1,0),(4,'private',NULL,0,'CN-20250630-002','7FDTS',0,'Acme Health Plan','7FDTS','Cong Velasquez Jrs','Discharged','New','2025-06-29 04:08:00.000000','Not specified','2001-06-29','','Male','24','block 1 lot 38, Hinapao Street','Software Engineer','Single','Filipino','Roman Catholic','New','2025-06-29 04:09:00.000000','Dr. Santos007 dapat',NULL,'2025-06-29 04:08:00.000000','','','','','','09764926311','','','Active','2025-06-29 04:08:53.306898',120.00,54.00,'120',120.00,120.00,120.00,'007 dapat','007 dapat','007 dapat','','007 dapat','Admission Diagnosis 222','007 dapat','Transferred','Died','SSS','','','','','','','','','',42,'2025-06-30 03:57:44.045590',NULL,'~',2,1,0),(9,'private','',0,'CN-20250630-003',NULL,0,'KAISER','64P2B','Barou Shouei','Admitted','New','2025-06-30 10:41:00.000000','Not specified','2010-06-30','','Male','15','938 Aurora Blvd, Cubao, Quezon City, 1109 Metro Manila','Student','Single','American','Catholic','New',NULL,'Dr. Santos',NULL,NULL,'','Principal Diagnosis','Principal Diagnosis','Principal Diagnosis','Principal Diagnosis','09764926311','','','Active','2025-06-30 10:43:03.043200',NULL,NULL,'',NULL,NULL,NULL,'','','','','JASD123`','CN-321jadsm','','Discharged','Recovered','SSS','Arturo Cruz','block 1 lot 38, Hinapao Street','09764926311','Sakura Cruz','block 1 lot 38, Hinapao Street','0935777318','','','',43,'2025-06-30 10:43:03.057107',NULL,'+',3,1,0),(9,'private','',0,'CN-20250630-003','64P2B',0,'KAISER','64P2B','Barou Shouei','Admitted','New','2025-06-30 10:41:00.000000','Not specified','2010-06-30','','Male','15','938 Aurora Blvd, Cubao, Quezon City, 1109 Metro Manila','Student','Single','American','Catholic','New',NULL,'Dr. Santos',NULL,NULL,'','Principal Diagnosis','Principal Diagnosis','Principal Diagnosis','Principal Diagnosis','09764926311','','','Active','2025-06-30 10:43:03.043200',NULL,NULL,'',NULL,NULL,NULL,'','','','','JASD123`','CN-321jadsm','','Discharged','Recovered','SSS','Arturo Cruz','block 1 lot 38, Hinapao Street','09764926311','Sakura Cruz','block 1 lot 38, Hinapao Street','0935777318','','','',44,'2025-06-30 10:43:03.098293',NULL,'~',3,1,0),(10,'private','',0,'CN-20250630-004',NULL,0,'CAREWELL','4GQEJ','Crane Tucker','Admitted','New','2025-06-30 11:08:00.000000','Not specified','2010-06-30','Taytay Rizal','Male','15','block 1 lot 38, Hinapao Street','Software Engineer','Married','Russian','Catholic','New',NULL,'Dr. Santos',NULL,NULL,'','','','','','09764926311','','','Active','2025-06-30 11:08:59.490372',NULL,NULL,'',NULL,NULL,NULL,'','','','','','','','Discharged','Recovered','SSS','Rasheed Mohammad','block 1 lot 38, Hinapao Street','09764926311','Cong Velasquez Sis','block 1 lot 38, Hinapao Street','09357773518','','','',45,'2025-06-30 11:08:59.515668',NULL,'+',NULL,1,0),(10,'private','',0,'CN-20250630-004','4GQEJ',0,'CAREWELL','4GQEJ','Crane Tucker','Admitted','New','2025-06-30 11:08:00.000000','Not specified','2010-06-30','Taytay Rizal','Male','15','block 1 lot 38, Hinapao Street','Software Engineer','Married','Russian','Catholic','New',NULL,'Dr. Santos',NULL,NULL,'','','','','','09764926311','','','Active','2025-06-30 11:08:59.490372',NULL,NULL,'',NULL,NULL,NULL,'','','','','','','','Discharged','Recovered','SSS','Rasheed Mohammad','block 1 lot 38, Hinapao Street','09764926311','Cong Velasquez Sis','block 1 lot 38, Hinapao Street','09357773518','','','',46,'2025-06-30 11:08:59.559769',NULL,'~',NULL,1,0),(2,'private','',0,'CN-20250629-002','CKDG6',0,'ABSOLUTE LAUNDRY','CKDG6','Filmor Sarmientos','Admitted','New','2025-06-29 02:40:00.000000','Not specified','2025-06-29','Taytay Rizal','Male','11','block 1 lot 38, Hinapao Street','Foreman','','Filipino','Christian','New',NULL,'Dr. Santos',NULL,NULL,'','','','','','09357773518','','','Active','2025-06-29 02:41:07.352691',NULL,NULL,'',NULL,NULL,NULL,'','','','','','a','','Discharged','Recovered','SSS','','','','','','','','','',47,'2025-06-30 11:11:12.668239',NULL,'~',1,1,1),(2,'private','',0,'CN-20250629-002','CKDG6',0,'ABSOLUTE LAUNDRY','CKDG6','Filmor Sarmientos','Admitted','New','2025-06-29 02:40:00.000000','Not specified','2025-06-29','Taytay Rizal','Male','11','block 1 lot 38, Hinapao Street','Foreman','','Filipino','Christian','New',NULL,'Dr. Santos',NULL,NULL,'','','','','','09357773518','','','Active','2025-06-29 02:41:07.352691',NULL,NULL,'',NULL,NULL,NULL,'','','','','','a','','Discharged','Recovered','SSS','','','','','','','','','',48,'2025-06-30 11:11:12.679107',NULL,'~',1,1,1),(3,'house',NULL,0,'CN-20250629-005','TJ7GG',0,'HPPI','TJ7GG','James Sarmiento 005','Outpatient','New','2025-06-29 02:42:00.000000','Not specified','2025-06-29','Pasig City','Male','1','NEW GENERATED CODE DAPAT','Global Terrierist','Single','Filipino','Christian','New','2025-06-30 11:12:00.000000','Dr. Santos',NULL,NULL,'','','','','','09357773518','','','Active','2025-06-29 02:42:28.724549',NULL,NULL,'',NULL,NULL,NULL,'Physical Examination A','Physical Examination B','Physical Examination C','','','asd','as','Discharged','Recovered','SSS','','','','','','','','','',49,'2025-06-30 11:12:39.115792',NULL,'~',1,1,0),(3,'house',NULL,0,'CN-20250629-005','TJ7GG',0,'HPPI','TJ7GG','James Sarmiento 005','Outpatient','New','2025-06-29 02:42:00.000000','Not specified','2025-06-29','Pasig City','Male','1','NEW GENERATED CODE DAPAT','Global Terrierist','Single','Filipino','Christian','New','2025-06-30 11:12:00.000000','Dr. Santos',NULL,NULL,'','','','','','09357773518','','','Active','2025-06-29 02:42:28.724549',NULL,NULL,'',NULL,NULL,NULL,'Physical Examination A','Physical Examination B','Physical Examination C','','','asd','as','Discharged','Recovered','SSS','','','','','','','','','',50,'2025-06-30 11:12:39.128802',NULL,'~',1,1,0),(11,'house','',0,'CN-20250701-001',NULL,0,'ASIANLIFE/ETIQA','MCH3R','Mohammad Rashid M. Masangkay','Admitted','New','2025-07-01 00:26:00.000000','Not specified','1989-07-01','Cubao, Quezon City','Male','36','10 Imperial, Cubao, Quezon City, 1109 Metro Manila','Convict','Single','Filipino','Catholic','New',NULL,'Dr. Molina',NULL,NULL,'','Deep wound to chest','The knife missed the internal organs','NA','Other Diagnosis NA','09357773518','','','Active','2025-07-01 00:38:04.836934',NULL,NULL,'',NULL,NULL,NULL,'','','','','jr94','Stabbed to death','','Transferred','Died','SSS','','','','','','','','','',51,'2025-07-01 00:38:04.877274',NULL,'+',1,1,0),(11,'house','',0,'CN-20250701-001','MCH3R',0,'ASIANLIFE/ETIQA','MCH3R','Mohammad Rashid M. Masangkay','Admitted','New','2025-07-01 00:26:00.000000','Not specified','1989-07-01','Cubao, Quezon City','Male','36','10 Imperial, Cubao, Quezon City, 1109 Metro Manila','Convict','Single','Filipino','Catholic','New',NULL,'Dr. Molina',NULL,NULL,'','Deep wound to chest','The knife missed the internal organs','NA','Other Diagnosis NA','09357773518','','','Active','2025-07-01 00:38:04.836934',NULL,NULL,'',NULL,NULL,NULL,'','','','','jr94','Stabbed to death','','Transferred','Died','SSS','','','','','','','','','',52,'2025-07-01 00:38:04.933641',NULL,'~',1,1,0),(12,'General','12B',1,'CN-20250701-002',NULL,1,'Maxicare','DFQX2','Ana Teresa D. Lopez','Admitted','Emergency','2025-06-28 14:30:00.000000','Stable','1985-06-30','Manila','Female','39','45 Mabini St., Malate, Manila, 1004','Teacher','Married','Filipino','Catholic','New','2025-06-28 15:00:00.000000','ER Triage','2025-07-05 00:00:00.000000',NULL,'','Unstable angina','Hypertension','NA','NA','09171234567','Carlos Lopez','09221234567','Active','2025-07-01 00:40:52.452952',160.00,60.00,'120/80',72.00,18.00,37.00,'Clear lungs, normal heart sounds','Chest pain','Onset 2 hours ago, moderate intensity','Mild tachycardia','I20.9','Angina pectoris','Nitroglycerin, aspirin','HAMA','Unimproved','Both','Jose Lopez','45 Mabini St., Malate, Manila','09179876543','Maria Lopez','45 Mabini St., Malate, Manila','09173456789','Carlos Lopez','45 Mabini St., Malate, Manila','09221234567',53,'2025-07-01 00:40:52.452952',NULL,'+',3,1,0),(12,'General','12B',1,'CN-20250701-002','DFQX2',1,'Maxicare','DFQX2','Ana Teresa D. Lopez','Admitted','Emergency','2025-06-28 14:30:00.000000','Stable','1985-06-30','Manila','Female','39','45 Mabini St., Malate, Manila, 1004','Teacher','Married','Filipino','Catholic','New','2025-06-28 15:00:00.000000','ER Triage','2025-07-05 00:00:00.000000',NULL,'','Unstable angina','Hypertension','NA','NA','09171234567','Carlos Lopez','09221234567','Active','2025-07-01 00:40:52.452952',160.00,60.00,'120/80',72.00,18.00,37.00,'Clear lungs, normal heart sounds','Chest pain','Onset 2 hours ago, moderate intensity','Mild tachycardia','I20.9','Angina pectoris','Nitroglycerin, aspirin','HAMA','Unimproved','Both','Jose Lopez','45 Mabini St., Malate, Manila','09179876543','Maria Lopez','45 Mabini St., Malate, Manila','09173456789','Carlos Lopez','45 Mabini St., Malate, Manila','09221234567',54,'2025-07-01 00:40:52.484199',NULL,'~',3,1,0),(12,'private','12B',1,'CN-20250701-002','DFQX2',1,'INLIFE/ICARE/INSULAR','DFQX2','Ana Teresa D. Lopez','Admitted','New','2025-06-28 14:30:00.000000','Stable','1985-06-30','Manila','Female','39','45 Mabini St., Malate, Manila, 1004','Teacher','Married','Filipino','Catholic','New','2025-06-28 15:00:00.000000','ER Triage','2025-07-05 00:00:00.000000',NULL,'','Unstable angina','Hypertension','NA','NA','09171234567','Carlos Lopez','09221234567','Active','2025-07-01 00:40:52.452952',160.00,60.00,'120/80',72.00,18.00,37.00,'Clear lungs, normal heart sounds','Chest pain','Onset 2 hours ago, moderate intensity','Mild tachycardia','I20.9','Angina pectoris','Nitroglycerin, aspirin','HAMA','Unimproved','Both','Jose Lopez','45 Mabini St., Malate, Manila','09179876543','Maria Lopez','45 Mabini St., Malate, Manila','09173456789','Carlos Lopez','45 Mabini St., Malate, Manila','09221234567',55,'2025-07-01 00:44:10.331844',NULL,'~',1,1,0),(12,'private','12B',1,'CN-20250701-002','DFQX2',1,'INLIFE/ICARE/INSULAR','DFQX2','Ana Teresa D. Lopez','Admitted','New','2025-06-28 14:30:00.000000','Stable','1985-06-30','Manila','Female','39','45 Mabini St., Malate, Manila, 1004','Teacher','Married','Filipino','Catholic','New','2025-06-28 15:00:00.000000','ER Triage','2025-07-05 00:00:00.000000',NULL,'','Unstable angina','Hypertension','NA','NA','09171234567','Carlos Lopez','09221234567','Active','2025-07-01 00:40:52.452952',160.00,60.00,'120/80',72.00,18.00,37.00,'Clear lungs, normal heart sounds','Chest pain','Onset 2 hours ago, moderate intensity','Mild tachycardia','I20.9','Angina pectoris','Nitroglycerin, aspirin','HAMA','Unimproved','Both','Jose Lopez','45 Mabini St., Malate, Manila','09179876543','Maria Lopez','45 Mabini St., Malate, Manila','09173456789','Carlos Lopez','45 Mabini St., Malate, Manila','09221234567',56,'2025-07-01 00:44:10.345307',NULL,'~',1,1,0),(13,'Surgical',NULL,0,'CN-20250701-003',NULL,0,NULL,'UC4VC','John Michael R. Santos','Admitted','Elective','2025-07-01 08:00:00.000000','Pre-op','1990-11-20','Quezon City','Male','34','88 Katipunan Ave., QC, 1108','Engineer','Single','Filipino','Other','Old/Former','2025-07-01 09:00:00.000000','Dr. Reyes','2025-07-10 00:00:00.000000',NULL,'','Right inguinal hernia','NA','NA','NA','09981234567','Ricardo Santos','09187901234','Active','2025-07-01 00:46:04.603673',170.00,68.00,'118/76',70.00,16.00,36.80,'No abnormalities','Hernia','Reducible swelling in groin','Palpable mass on Valsalva','K40.90','Inguinal hernia','Scheduled for herniorrhaphy','Absconded','48h_minus',NULL,'Ricardo Santos','88 Katipunan Ave., QC','09187901234','Luz Santos','88 Katipunan Ave., QC','09189012345','','','',57,'2025-07-01 00:46:04.608680',NULL,'+',1,1,0),(13,'Surgical',NULL,0,'CN-20250701-003','UC4VC',0,NULL,'UC4VC','John Michael R. Santos','Admitted','Elective','2025-07-01 08:00:00.000000','Pre-op','1990-11-20','Quezon City','Male','34','88 Katipunan Ave., QC, 1108','Engineer','Single','Filipino','Other','Old/Former','2025-07-01 09:00:00.000000','Dr. Reyes','2025-07-10 00:00:00.000000',NULL,'','Right inguinal hernia','NA','NA','NA','09981234567','Ricardo Santos','09187901234','Active','2025-07-01 00:46:04.603673',170.00,68.00,'118/76',70.00,16.00,36.80,'No abnormalities','Hernia','Reducible swelling in groin','Palpable mass on Valsalva','K40.90','Inguinal hernia','Scheduled for herniorrhaphy','Absconded','48h_minus',NULL,'Ricardo Santos','88 Katipunan Ave., QC','09187901234','Luz Santos','88 Katipunan Ave., QC','09189012345','','','',58,'2025-07-01 00:46:04.628532',NULL,'~',1,1,0),(13,'Surgical','',0,'CN-20250701-003','UC4VC',0,'','UC4VC','John Michael R. Santos','Admitted','New','2025-07-01 08:00:00.000000','Pre-op','1990-11-20','Quezon City','Male','34','88 Katipunan Ave., QC, 1108','Engineer','Single','Filipino','Other','Old/Former','2025-07-01 09:00:00.000000','Dr. Reyes','2025-07-10 00:00:00.000000',NULL,'','Right inguinal hernia','NA','NA','NA','09981234567','Ricardo Santos','09187901234','Active','2025-07-01 00:46:04.603673',170.00,68.00,'118/76',70.00,16.00,36.80,'No abnormalities','Hernia','Reducible swelling in groin','Palpable mass on Valsalva','K40.90','Inguinal hernia','Scheduled for herniorrhaphy','Absconded','48h_minus','','Ricardo Santos','88 Katipunan Ave., QC','09187901234','Luz Santos','88 Katipunan Ave., QC','09189012345','','','',59,'2025-07-01 00:48:23.577296',NULL,'~',3,1,0),(13,'Surgical','',0,'CN-20250701-003','UC4VC',0,'','UC4VC','John Michael R. Santos','Admitted','New','2025-07-01 08:00:00.000000','Pre-op','1990-11-20','Quezon City','Male','34','88 Katipunan Ave., QC, 1108','Engineer','Single','Filipino','Other','Old/Former','2025-07-01 09:00:00.000000','Dr. Reyes','2025-07-10 00:00:00.000000',NULL,'','Right inguinal hernia','NA','NA','NA','09981234567','Ricardo Santos','09187901234','Active','2025-07-01 00:46:04.603673',170.00,68.00,'118/76',70.00,16.00,36.80,'No abnormalities','Hernia','Reducible swelling in groin','Palpable mass on Valsalva','K40.90','Inguinal hernia','Scheduled for herniorrhaphy','Absconded','48h_minus','','Ricardo Santos','88 Katipunan Ave., QC','09187901234','Luz Santos','88 Katipunan Ave., QC','09189012345','','','',60,'2025-07-01 00:48:23.593495',NULL,'~',3,1,0),(13,'Surgical','',1,'CN-20250701-003','UC4VC',0,'EASTWEST','UC4VC','John Michael T. Santos','Admitted','New','2025-07-01 08:00:00.000000','Pre-op','1990-11-20','Quezon City','Male','34','88 Katipunan Ave., QC, 1108','Engineer','Single','Filipino','Other','Old/Former','2025-07-01 09:00:00.000000','Dr. Reyes','2025-07-10 00:00:00.000000',NULL,'','Right inguinal hernia','NA','NA','NA','09981234567','Ricardo Santos','09187901234','Active','2025-07-01 00:46:04.603673',170.00,68.00,'118/76',70.00,16.00,36.80,'No abnormalities','Hernia','Reducible swelling in groin','Palpable mass on Valsalva','K40.90','Inguinal hernia','Scheduled for herniorrhaphy','Absconded','48h_minus','','Ricardo Santos','88 Katipunan Ave., QC','09187901234','Luz Santos','88 Katipunan Ave., QC','09189012345','','','',61,'2025-07-01 00:49:02.674033',NULL,'~',3,1,0),(13,'Surgical','',1,'CN-20250701-003','UC4VC',0,'EASTWEST','UC4VC','John Michael T. Santos','Admitted','New','2025-07-01 08:00:00.000000','Pre-op','1990-11-20','Quezon City','Male','34','88 Katipunan Ave., QC, 1108','Engineer','Single','Filipino','Other','Old/Former','2025-07-01 09:00:00.000000','Dr. Reyes','2025-07-10 00:00:00.000000',NULL,'','Right inguinal hernia','NA','NA','NA','09981234567','Ricardo Santos','09187901234','Active','2025-07-01 00:46:04.603673',170.00,68.00,'118/76',70.00,16.00,36.80,'No abnormalities','Hernia','Reducible swelling in groin','Palpable mass on Valsalva','K40.90','Inguinal hernia','Scheduled for herniorrhaphy','Absconded','48h_minus','','Ricardo Santos','88 Katipunan Ave., QC','09187901234','Luz Santos','88 Katipunan Ave., QC','09189012345','','','',62,'2025-07-01 00:49:02.688623',NULL,'~',3,1,0),(14,'Pediatrics',NULL,0,'CN-20250701-004',NULL,1,'Pacific Cross','Q3329','Luis Fernando G. Cruz','Admitted','Emergency','2025-07-01 11:20:00.000000','Stable','2018-09-05','Manila','Male','6','123 Taft Ave., Manila, 1000','Student','Single','Filipino','Catholic','New','2025-07-01 11:45:00.000000','ER Pediatric',NULL,NULL,'','Gastroenteritis','NA','NA','NA','09551234567','Gabriela Cruz','09192345678','Active','2025-07-01 00:53:30.517799',110.00,20.00,'',90.00,20.00,37.20,'Active, responsive','Fever','3-day history of fever','No rash, lungs clear','A09','Acute gastroenteritis','Oral rehydration, symptomatic care','Absconded','Recovered',NULL,'Fernando Cruz','123 Taft Ave., Manila','09191234567','Gabriela Cruz','123 Taft Ave., Manila','09192345678','','','',63,'2025-07-01 00:53:30.517799',NULL,'+',2,1,0),(14,'Pediatrics',NULL,0,'CN-20250701-004','Q3329',1,'Pacific Cross','Q3329','Luis Fernando G. Cruz','Admitted','Emergency','2025-07-01 11:20:00.000000','Stable','2018-09-05','Manila','Male','6','123 Taft Ave., Manila, 1000','Student','Single','Filipino','Catholic','New','2025-07-01 11:45:00.000000','ER Pediatric',NULL,NULL,'','Gastroenteritis','NA','NA','NA','09551234567','Gabriela Cruz','09192345678','Active','2025-07-01 00:53:30.517799',110.00,20.00,'',90.00,20.00,37.20,'Active, responsive','Fever','3-day history of fever','No rash, lungs clear','A09','Acute gastroenteritis','Oral rehydration, symptomatic care','Absconded','Recovered',NULL,'Fernando Cruz','123 Taft Ave., Manila','09191234567','Gabriela Cruz','123 Taft Ave., Manila','09192345678','','','',64,'2025-07-01 00:53:30.551241',NULL,'~',2,1,0),(14,'Pediatrics','',0,'CN-20250701-004','Q3329',1,'INLIFE/ICARE/INSULAR','Q3329','Luis Fernando G. Cruz','Admitted','New','2025-07-01 11:20:00.000000','Stable','1976-09-05','Manila','Male','48','123 Taft Ave., Manila, 1000','Accountant','Single','Filipino','Catholic','New','2025-07-01 11:45:00.000000','ER Pediatric',NULL,NULL,'','Gastroenteritis','NA','NA','NA','09551234567','Gabriela Cruz','09192345678','Active','2025-07-01 00:53:30.517799',110.00,20.00,'',90.00,20.00,37.20,'Active, responsive','Fever','3-day history of fever','No rash, lungs clear','A09','Acute gastroenteritis','Oral rehydration, symptomatic care','Absconded','Recovered','','Fernando Cruz','123 Taft Ave., Manila','09191234567','Gabriela Cruz','123 Taft Ave., Manila','09192345678','','','',65,'2025-07-01 00:55:22.715157',NULL,'~',3,1,0),(14,'Pediatrics','',0,'CN-20250701-004','Q3329',1,'INLIFE/ICARE/INSULAR','Q3329','Luis Fernando G. Cruz','Admitted','New','2025-07-01 11:20:00.000000','Stable','1976-09-05','Manila','Male','48','123 Taft Ave., Manila, 1000','Accountant','Single','Filipino','Catholic','New','2025-07-01 11:45:00.000000','ER Pediatric',NULL,NULL,'','Gastroenteritis','NA','NA','NA','09551234567','Gabriela Cruz','09192345678','Active','2025-07-01 00:53:30.517799',110.00,20.00,'',90.00,20.00,37.20,'Active, responsive','Fever','3-day history of fever','No rash, lungs clear','A09','Acute gastroenteritis','Oral rehydration, symptomatic care','Absconded','Recovered','','Fernando Cruz','123 Taft Ave., Manila','09191234567','Gabriela Cruz','123 Taft Ave., Manila','09192345678','','','',66,'2025-07-01 00:55:22.732288',NULL,'~',3,1,0);
/*!40000 ALTER TABLE `api_historicalpatient` ENABLE KEYS */;
UNLOCK TABLES;

--
-- Table structure for table `api_laboratoryresult`
--

DROP TABLE IF EXISTS `api_laboratoryresult`;
/*!40101 SET @saved_cs_client     = @@character_set_client */;
/*!50503 SET character_set_client = utf8mb4 */;
CREATE TABLE `api_laboratoryresult` (
  `id` bigint NOT NULL AUTO_INCREMENT,
  `test_type` varchar(50) COLLATE utf8mb4_unicode_ci NOT NULL,
  `result_summary` longtext COLLATE utf8mb4_unicode_ci NOT NULL,
  `date_performed` datetime(6) NOT NULL,
  `code` varchar(8) COLLATE utf8mb4_unicode_ci NOT NULL,
  `patient_id` bigint NOT NULL,
  `performed_by_id` bigint DEFAULT NULL,
  PRIMARY KEY (`id`),
  UNIQUE KEY `code` (`code`),
  KEY `api_laboratoryresult_patient_id_7764d4cd_fk_api_patient_id` (`patient_id`),
  KEY `api_laboratoryresult_performed_by_id_1057d388_fk_api_user_id` (`performed_by_id`),
  CONSTRAINT `api_laboratoryresult_patient_id_7764d4cd_fk_api_patient_id` FOREIGN KEY (`patient_id`) REFERENCES `api_patient` (`id`),
  CONSTRAINT `api_laboratoryresult_performed_by_id_1057d388_fk_api_user_id` FOREIGN KEY (`performed_by_id`) REFERENCES `api_user` (`id`)
) ENGINE=InnoDB AUTO_INCREMENT=5 DEFAULT CHARSET=utf8mb4 COLLATE=utf8mb4_unicode_ci;
/*!40101 SET character_set_client = @saved_cs_client */;

--
-- Dumping data for table `api_laboratoryresult`
--

LOCK TABLES `api_laboratoryresult` WRITE;
/*!40000 ALTER TABLE `api_laboratoryresult` DISABLE KEYS */;
INSERT INTO `api_laboratoryresult` VALUES (1,'Complete Blood Count U5GZMWM3','HIV Negative','2025-06-29 08:59:56.270535','TAM3KYGG',3,3),(2,'Chest xray of Moe Lester','Done','2025-06-29 09:31:50.081596','994GT8TC',6,3),(3,'Dental Entrailment','successfuly','2025-06-29 10:07:10.380870','FWY4265A',4,3),(4,'2nd test tooth','tooth another test','2025-06-29 10:09:56.896333','EYU4PHZH',4,3);
/*!40000 ALTER TABLE `api_laboratoryresult` ENABLE KEYS */;
UNLOCK TABLES;

--
-- Table structure for table `api_labresultfile`
--

DROP TABLE IF EXISTS `api_labresultfile`;
/*!40101 SET @saved_cs_client     = @@character_set_client */;
/*!50503 SET character_set_client = utf8mb4 */;
CREATE TABLE `api_labresultfile` (
  `id` bigint NOT NULL AUTO_INCREMENT,
  `file` varchar(100) COLLATE utf8mb4_unicode_ci NOT NULL,
  `description` varchar(255) COLLATE utf8mb4_unicode_ci NOT NULL,
  `uploaded_at` datetime(6) NOT NULL,
  `result_id` bigint NOT NULL,
  `uploaded_by_id` bigint DEFAULT NULL,
  PRIMARY KEY (`id`),
  KEY `api_labresultfile_result_id_427f1dd2_fk_api_laboratoryresult_id` (`result_id`),
  KEY `api_labresultfile_uploaded_by_id_c0e85787_fk_api_user_id` (`uploaded_by_id`),
  CONSTRAINT `api_labresultfile_result_id_427f1dd2_fk_api_laboratoryresult_id` FOREIGN KEY (`result_id`) REFERENCES `api_laboratoryresult` (`id`),
  CONSTRAINT `api_labresultfile_uploaded_by_id_c0e85787_fk_api_user_id` FOREIGN KEY (`uploaded_by_id`) REFERENCES `api_user` (`id`)
) ENGINE=InnoDB DEFAULT CHARSET=utf8mb4 COLLATE=utf8mb4_unicode_ci;
/*!40101 SET character_set_client = @saved_cs_client */;

--
-- Dumping data for table `api_labresultfile`
--

LOCK TABLES `api_labresultfile` WRITE;
/*!40000 ALTER TABLE `api_labresultfile` DISABLE KEYS */;
/*!40000 ALTER TABLE `api_labresultfile` ENABLE KEYS */;
UNLOCK TABLES;

--
-- Table structure for table `api_labresultfilegroup`
--

DROP TABLE IF EXISTS `api_labresultfilegroup`;
/*!40101 SET @saved_cs_client     = @@character_set_client */;
/*!50503 SET character_set_client = utf8mb4 */;
CREATE TABLE `api_labresultfilegroup` (
  `id` bigint NOT NULL AUTO_INCREMENT,
  `description` longtext COLLATE utf8mb4_unicode_ci NOT NULL,
  `uploaded_at` datetime(6) NOT NULL,
  `result_id` bigint NOT NULL,
  `uploaded_by_id` bigint DEFAULT NULL,
  PRIMARY KEY (`id`),
  KEY `api_labresultfilegro_result_id_4a1eaeda_fk_api_labor` (`result_id`),
  KEY `api_labresultfilegroup_uploaded_by_id_b255f626_fk_api_user_id` (`uploaded_by_id`),
  CONSTRAINT `api_labresultfilegro_result_id_4a1eaeda_fk_api_labor` FOREIGN KEY (`result_id`) REFERENCES `api_laboratoryresult` (`id`),
  CONSTRAINT `api_labresultfilegroup_uploaded_by_id_b255f626_fk_api_user_id` FOREIGN KEY (`uploaded_by_id`) REFERENCES `api_user` (`id`)
) ENGINE=InnoDB AUTO_INCREMENT=10 DEFAULT CHARSET=utf8mb4 COLLATE=utf8mb4_unicode_ci;
/*!40101 SET character_set_client = @saved_cs_client */;

--
-- Dumping data for table `api_labresultfilegroup`
--

LOCK TABLES `api_labresultfilegroup` WRITE;
/*!40000 ALTER TABLE `api_labresultfilegroup` DISABLE KEYS */;
INSERT INTO `api_labresultfilegroup` VALUES (1,'Blood Test HIV -','2025-06-29 09:00:20.765545',1,3),(2,'light one','2025-06-29 09:32:38.480984',2,3),(3,'Anatomy of test','2025-06-29 09:41:15.731707',2,3),(4,'teeth sample','2025-06-29 10:07:11.686453',3,3),(5,'test result literally','2025-06-29 10:07:11.823064',3,3),(6,'csv of result teeth','2025-06-29 10:08:23.625644',3,3),(7,'teth','2025-06-29 10:09:57.886059',4,3),(8,'Testing blood test 3','2025-06-30 03:39:58.015418',2,1),(9,'smile','2025-06-30 03:39:58.210862',2,1);
/*!40000 ALTER TABLE `api_labresultfilegroup` ENABLE KEYS */;
UNLOCK TABLES;

--
-- Table structure for table `api_labresultfileingroup`
--

DROP TABLE IF EXISTS `api_labresultfileingroup`;
/*!40101 SET @saved_cs_client     = @@character_set_client */;
/*!50503 SET character_set_client = utf8mb4 */;
CREATE TABLE `api_labresultfileingroup` (
  `id` bigint NOT NULL AUTO_INCREMENT,
  `file` varchar(100) COLLATE utf8mb4_unicode_ci NOT NULL,
  `group_id` bigint NOT NULL,
  PRIMARY KEY (`id`),
  KEY `api_labresultfileing_group_id_c03b4f31_fk_api_labre` (`group_id`),
  CONSTRAINT `api_labresultfileing_group_id_c03b4f31_fk_api_labre` FOREIGN KEY (`group_id`) REFERENCES `api_labresultfilegroup` (`id`)
) ENGINE=InnoDB AUTO_INCREMENT=15 DEFAULT CHARSET=utf8mb4 COLLATE=utf8mb4_unicode_ci;
/*!40101 SET character_set_client = @saved_cs_client */;

--
-- Dumping data for table `api_labresultfileingroup`
--

LOCK TABLES `api_labresultfileingroup` WRITE;
/*!40000 ALTER TABLE `api_labresultfileingroup` DISABLE KEYS */;
INSERT INTO `api_labresultfileingroup` VALUES (1,'lab_results/patient_3/Complete Blood Count U5GZMWM3/images_7.jpeg',1),(2,'lab_results/patient_3/Complete Blood Count U5GZMWM3/blood-est-results.jpeg',1),(3,'lab_results/patient_3/Complete Blood Count U5GZMWM3/blood.png',1),(4,'lab_results/patient_6/Chest xray of Moe Lester/images_6.jpeg',2),(5,'lab_results/patient_6/Chest xray of Moe Lester/data_cleaning_Cadelina.pdf',3),(6,'lab_results/patient_6/Chest xray of Moe Lester/graphviz.png',3),(7,'lab_results/patient_4/Dental Entrailment/3NaWG1Oy_400x400.jpg',4),(8,'lab_results/patient_4/Dental Entrailment/04ed8e96-1c48-4612-bad8-88630c148e6e.jpeg',5),(9,'lab_results/patient_4/Dental Entrailment/patient_7_history_2025-06-28.csv',6),(10,'lab_results/patient_4/2nd test tooth/3NaWG1Oy_400x400.jpg',7),(11,'lab_results/patient_6/Chest xray of Moe Lester/images_7.jpeg',8),(12,'lab_results/patient_6/Chest xray of Moe Lester/blood-est-results.jpeg',8),(13,'lab_results/patient_6/Chest xray of Moe Lester/blood.png',8),(14,'lab_results/patient_6/Chest xray of Moe Lester/3NaWG1Oy_400x400.jpg',9);
/*!40000 ALTER TABLE `api_labresultfileingroup` ENABLE KEYS */;
UNLOCK TABLES;

--
-- Table structure for table `api_medicalhistory`
--

DROP TABLE IF EXISTS `api_medicalhistory`;
/*!40101 SET @saved_cs_client     = @@character_set_client */;
/*!50503 SET character_set_client = utf8mb4 */;
CREATE TABLE `api_medicalhistory` (
  `id` bigint NOT NULL AUTO_INCREMENT,
  `patient_id` bigint NOT NULL,
  PRIMARY KEY (`id`),
  KEY `api_medicalhistory_patient_id_2160595a_fk_api_patient_id` (`patient_id`),
  CONSTRAINT `api_medicalhistory_patient_id_2160595a_fk_api_patient_id` FOREIGN KEY (`patient_id`) REFERENCES `api_patient` (`id`)
) ENGINE=InnoDB DEFAULT CHARSET=utf8mb4 COLLATE=utf8mb4_unicode_ci;
/*!40101 SET character_set_client = @saved_cs_client */;

--
-- Dumping data for table `api_medicalhistory`
--

LOCK TABLES `api_medicalhistory` WRITE;
/*!40000 ALTER TABLE `api_medicalhistory` DISABLE KEYS */;
/*!40000 ALTER TABLE `api_medicalhistory` ENABLE KEYS */;
UNLOCK TABLES;

--
-- Table structure for table `api_patient`
--

DROP TABLE IF EXISTS `api_patient`;
/*!40101 SET @saved_cs_client     = @@character_set_client */;
/*!50503 SET character_set_client = utf8mb4 */;
CREATE TABLE `api_patient` (
  `id` bigint NOT NULL AUTO_INCREMENT,
  `ward_service` varchar(100) COLLATE utf8mb4_unicode_ci DEFAULT NULL,
  `bed_number` varchar(20) COLLATE utf8mb4_unicode_ci DEFAULT NULL,
  `has_philhealth` tinyint(1) NOT NULL,
  `case_number` varchar(255) COLLATE utf8mb4_unicode_ci NOT NULL,
  `hospital_case_number` varchar(255) COLLATE utf8mb4_unicode_ci DEFAULT NULL,
  `has_hmo` tinyint(1) NOT NULL,
  `hmo` varchar(255) COLLATE utf8mb4_unicode_ci DEFAULT NULL,
  `code` varchar(5) COLLATE utf8mb4_unicode_ci NOT NULL,
  `name` varchar(255) COLLATE utf8mb4_unicode_ci NOT NULL,
  `status` varchar(20) COLLATE utf8mb4_unicode_ci NOT NULL,
  `type_of_admission` varchar(20) COLLATE utf8mb4_unicode_ci DEFAULT NULL,
  `admission_date` datetime(6) DEFAULT NULL,
  `current_condition` longtext COLLATE utf8mb4_unicode_ci NOT NULL,
  `date_of_birth` date DEFAULT NULL,
  `birth_place` varchar(255) COLLATE utf8mb4_unicode_ci DEFAULT NULL,
  `gender` varchar(10) COLLATE utf8mb4_unicode_ci DEFAULT NULL,
  `age` varchar(255) COLLATE utf8mb4_unicode_ci DEFAULT NULL,
  `address` varchar(255) COLLATE utf8mb4_unicode_ci DEFAULT NULL,
  `occupation` varchar(100) COLLATE utf8mb4_unicode_ci DEFAULT NULL,
  `civil_status` varchar(20) COLLATE utf8mb4_unicode_ci DEFAULT NULL,
  `nationality` varchar(100) COLLATE utf8mb4_unicode_ci DEFAULT NULL,
  `religion` varchar(100) COLLATE utf8mb4_unicode_ci DEFAULT NULL,
  `visit_type` varchar(20) COLLATE utf8mb4_unicode_ci DEFAULT NULL,
  `consultation_datetime` datetime(6) DEFAULT NULL,
  `referred_by` varchar(255) COLLATE utf8mb4_unicode_ci DEFAULT NULL,
  `next_consultation_date` datetime(6) DEFAULT NULL,
  `discharge_date` datetime(6) DEFAULT NULL,
  `total_days` varchar(255) COLLATE utf8mb4_unicode_ci DEFAULT NULL,
  `principal_diagnosis` varchar(255) COLLATE utf8mb4_unicode_ci DEFAULT NULL,
  `other_diagnosis` varchar(255) COLLATE utf8mb4_unicode_ci DEFAULT NULL,
  `principal_operation` varchar(255) COLLATE utf8mb4_unicode_ci DEFAULT NULL,
  `other_operation` varchar(255) COLLATE utf8mb4_unicode_ci DEFAULT NULL,
  `phone` varchar(15) COLLATE utf8mb4_unicode_ci DEFAULT NULL,
  `emergency_contact_name` varchar(255) COLLATE utf8mb4_unicode_ci DEFAULT NULL,
  `emergency_contact_phone` varchar(15) COLLATE utf8mb4_unicode_ci DEFAULT NULL,
  `is_active` varchar(10) COLLATE utf8mb4_unicode_ci NOT NULL,
  `entry_date` datetime(6) NOT NULL,
  `height` decimal(5,2) DEFAULT NULL,
  `weight` decimal(5,2) DEFAULT NULL,
  `blood_pressure` varchar(20) COLLATE utf8mb4_unicode_ci DEFAULT NULL,
  `pulse_rate` decimal(5,2) DEFAULT NULL,
  `respiratory_rate` decimal(5,2) DEFAULT NULL,
  `temperature` decimal(5,2) DEFAULT NULL,
  `physical_examination` longtext COLLATE utf8mb4_unicode_ci,
  `main_complaint` longtext COLLATE utf8mb4_unicode_ci,
  `present_illness` longtext COLLATE utf8mb4_unicode_ci,
  `clinical_findings` longtext COLLATE utf8mb4_unicode_ci,
  `icd_code` varchar(20) COLLATE utf8mb4_unicode_ci DEFAULT NULL,
  `diagnosis` longtext COLLATE utf8mb4_unicode_ci,
  `treatment` longtext COLLATE utf8mb4_unicode_ci,
  `disposition` varchar(20) COLLATE utf8mb4_unicode_ci DEFAULT NULL,
  `result` varchar(20) COLLATE utf8mb4_unicode_ci DEFAULT NULL,
  `membership` varchar(10) COLLATE utf8mb4_unicode_ci DEFAULT NULL,
  `father_name` varchar(255) COLLATE utf8mb4_unicode_ci DEFAULT NULL,
  `father_address` varchar(255) COLLATE utf8mb4_unicode_ci DEFAULT NULL,
  `father_contact` varchar(15) COLLATE utf8mb4_unicode_ci DEFAULT NULL,
  `mother_name` varchar(255) COLLATE utf8mb4_unicode_ci DEFAULT NULL,
  `mother_address` varchar(255) COLLATE utf8mb4_unicode_ci DEFAULT NULL,
  `mother_contact` varchar(15) COLLATE utf8mb4_unicode_ci DEFAULT NULL,
  `spouse_name` varchar(255) COLLATE utf8mb4_unicode_ci DEFAULT NULL,
  `spouse_address` varchar(255) COLLATE utf8mb4_unicode_ci DEFAULT NULL,
  `spouse_contact` varchar(15) COLLATE utf8mb4_unicode_ci DEFAULT NULL,
  `attending_physician_id` bigint DEFAULT NULL,
  `archived` tinyint(1) NOT NULL,
  PRIMARY KEY (`id`),
  UNIQUE KEY `code` (`code`),
  UNIQUE KEY `case_number` (`case_number`),
  KEY `api_patient_attending_physician_id_dfdc037c_fk_api_user_id` (`attending_physician_id`),
  CONSTRAINT `api_patient_attending_physician_id_dfdc037c_fk_api_user_id` FOREIGN KEY (`attending_physician_id`) REFERENCES `api_user` (`id`)
) ENGINE=InnoDB AUTO_INCREMENT=15 DEFAULT CHARSET=utf8mb4 COLLATE=utf8mb4_unicode_ci;
/*!40101 SET character_set_client = @saved_cs_client */;

--
-- Dumping data for table `api_patient`
--

LOCK TABLES `api_patient` WRITE;
/*!40000 ALTER TABLE `api_patient` DISABLE KEYS */;
INSERT INTO `api_patient` VALUES (1,'private','',0,'CN-20250629-001','6CKWF',0,'asd','6CKWF','Filmor Sarmiento','Admitted','New','2025-06-29 02:36:00.000000','Not specified','2002-12-10','Taytay Rizal','Male','55','block 1 lot 38, Hinapao Street','Foreman','Single','Filipino','Roman Catholic','New',NULL,'Dr. Molina',NULL,NULL,'','','','','','09764926311','','','Active','2025-06-29 02:36:35.050256',NULL,NULL,'',NULL,NULL,NULL,'','','','','','','','Transferred','Died','','','','','','','','','','',1,1),(2,'private','',0,'CN-20250629-002','CKDG6',0,'ABSOLUTE LAUNDRY','CKDG6','Filmor Sarmientos','Admitted','New','2025-06-29 02:40:00.000000','Not specified','2025-06-29','Taytay Rizal','Male','11','block 1 lot 38, Hinapao Street','Foreman','','Filipino','Christian','New',NULL,'Dr. Santos',NULL,NULL,'','','','','','09357773518','','','Active','2025-06-29 02:41:07.352691',NULL,NULL,'',NULL,NULL,NULL,'','','','','','a','','Discharged','Recovered','SSS','','','','','','','','','',1,1),(3,'house',NULL,0,'CN-20250629-005','TJ7GG',0,'HPPI','TJ7GG','James Sarmiento 005','Outpatient','New','2025-06-29 02:42:00.000000','Not specified','2025-06-29','Pasig City','Male','1','NEW GENERATED CODE DAPAT','Global Terrierist','Single','Filipino','Christian','New','2025-06-30 11:12:00.000000','Dr. Santos',NULL,NULL,'','','','','','09357773518','','','Active','2025-06-29 02:42:28.724549',NULL,NULL,'',NULL,NULL,NULL,'Physical Examination A','Physical Examination B','Physical Examination C','','','asd','as','Discharged','Recovered','SSS','','','','','','','','','',1,0),(4,'private',NULL,0,'CN-20250630-002','7FDTS',0,'Acme Health Plan','7FDTS','Cong Velasquez Jrs','Discharged','New','2025-06-29 04:08:00.000000','Not specified','2001-06-29','','Male','24','block 1 lot 38, Hinapao Street','Software Engineer','Single','Filipino','Roman Catholic','New','2025-06-29 04:09:00.000000','Dr. Santos007 dapat',NULL,'2025-06-29 04:08:00.000000','','','','','','09764926311','','','Active','2025-06-29 04:08:53.306898',120.00,54.00,'120',120.00,120.00,120.00,'007 dapat','007 dapat','007 dapat','','007 dapat','Admission Diagnosis 222','007 dapat','Transferred','Died','SSS','','','','','','','','','',2,0),(5,'private','',0,'CN-20250629-010','XKPSP',0,'Acme Health Plan','XKPSP','Marwan D. Terrorist','Outpatient','New','2025-06-29 04:32:00.000000','asdNot specified','2010-06-29','Marawi, City','Male','15','block 1 lot 38, Hinapao Street','Global Terrierist','Single','Filipino','Muslim','New','2025-06-29 04:37:00.000000','Dr. Santos',NULL,NULL,'','aasd','asd','','','09357773518','','','Active','2025-06-29 04:34:26.376788',120.00,120.00,'120',120.00,120.00,120.00,'hes heatlhy','asd','120asda','','120asd','asda','120asd','Discharged','Recovered','SSS','','','','','','','','','',2,0),(6,'house',NULL,0,'CN-20250629-013','Y4JRQ',0,'Acme Health Plan','Y4JRQ','Mo E. Lester','Discharged','New','2025-06-29 05:03:00.000000','Not specified','1995-06-17','Taytay Rizal','Male','30','block 1 lot 38, Hinapao Street','Accountant','Single','Filipino','Roman Catholic','New',NULL,'Dr. Molina',NULL,NULL,'','Beaten up','Beaten up','Beaten up','Beaten up','09764926311','','','Active','2025-06-29 05:04:12.595270',NULL,NULL,'',NULL,NULL,NULL,'','','','','u823af','Beaten up','','Discharged','Died','SSS','','','','','','','','','',3,0),(7,'house','',0,'CN-20250629-012','3HSNF',0,'Acme Health Plan','3HSNF','Mo E. Lester','Admitted','New','2025-06-29 05:03:00.000000','Not specified','1995-06-17','Taytay Rizal','Male','30','block 1 lot 38, Hinapao Street','Accountant','Single','Filipino','Roman Catholic','New',NULL,'Dr. Molina',NULL,NULL,'','Beaten up','Beaten up','Beaten up','Beaten up','09764926311','','','Active','2025-06-29 05:04:46.844851',NULL,NULL,'',NULL,NULL,NULL,'','','','','u823af','Beaten up','','Discharged','Died','SSS','','','','','','','','','',3,1),(8,'house','',1,'CN-20250630-001','CJNQC',0,'Acme Health Plan','CJNQC','James Bustos','Admitted','New','2025-06-30 03:21:00.000000','Not specified','2002-06-30','Taytay Rizal','Male','23','block 1 lot 38, Hinapao Street','Software Engineer','Single','Filipino','Roman Catholic','New',NULL,'Dr. Santos',NULL,NULL,'','Principal','Other','POP','Procedure','09764926311','','','Active','2025-06-30 03:34:28.964051',NULL,NULL,'',NULL,NULL,NULL,'','','','','asd33','ABCDEFG','','Transferred','Recovered','SSS','','','','','','','','','',3,0),(9,'private','',0,'CN-20250630-003','64P2B',0,'KAISER','64P2B','Barou Shouei','Admitted','New','2025-06-30 10:41:00.000000','Not specified','2010-06-30','','Male','15','938 Aurora Blvd, Cubao, Quezon City, 1109 Metro Manila','Student','Single','American','Catholic','New',NULL,'Dr. Santos',NULL,NULL,'','Principal Diagnosis','Principal Diagnosis','Principal Diagnosis','Principal Diagnosis','09764926311','','','Active','2025-06-30 10:43:03.043200',NULL,NULL,'',NULL,NULL,NULL,'','','','','JASD123`','CN-321jadsm','','Discharged','Recovered','SSS','Arturo Cruz','block 1 lot 38, Hinapao Street','09764926311','Sakura Cruz','block 1 lot 38, Hinapao Street','0935777318','','','',3,0),(10,'private','',0,'CN-20250630-004','4GQEJ',0,'CAREWELL','4GQEJ','Crane Tucker','Admitted','New','2025-06-30 11:08:00.000000','Not specified','2010-06-30','Taytay Rizal','Male','15','block 1 lot 38, Hinapao Street','Software Engineer','Married','Russian','Catholic','New',NULL,'Dr. Santos',NULL,NULL,'','','','','','09764926311','','','Active','2025-06-30 11:08:59.490372',NULL,NULL,'',NULL,NULL,NULL,'','','','','','','','Discharged','Recovered','SSS','Rasheed Mohammad','block 1 lot 38, Hinapao Street','09764926311','Cong Velasquez Sis','block 1 lot 38, Hinapao Street','09357773518','','','',NULL,0),(11,'house','',0,'CN-20250701-001','MCH3R',0,'ASIANLIFE/ETIQA','MCH3R','Mohammad Rashid M. Masangkay','Admitted','New','2025-07-01 00:26:00.000000','Not specified','1989-07-01','Cubao, Quezon City','Male','36','10 Imperial, Cubao, Quezon City, 1109 Metro Manila','Convict','Single','Filipino','Catholic','New',NULL,'Dr. Molina',NULL,NULL,'','Deep wound to chest','The knife missed the internal organs','NA','Other Diagnosis NA','09357773518','','','Active','2025-07-01 00:38:04.836934',NULL,NULL,'',NULL,NULL,NULL,'','','','','jr94','Stabbed to death','','Transferred','Died','SSS','','','','','','','','','',1,0),(12,'private','12B',1,'CN-20250701-002','DFQX2',1,'INLIFE/ICARE/INSULAR','DFQX2','Ana Teresa D. Lopez','Admitted','New','2025-06-28 14:30:00.000000','Stable','1985-06-30','Manila','Female','39','45 Mabini St., Malate, Manila, 1004','Teacher','Married','Filipino','Catholic','New','2025-06-28 15:00:00.000000','ER Triage','2025-07-05 00:00:00.000000',NULL,'','Unstable angina','Hypertension','NA','NA','09171234567','Carlos Lopez','09221234567','Active','2025-07-01 00:40:52.452952',160.00,60.00,'120/80',72.00,18.00,37.00,'Clear lungs, normal heart sounds','Chest pain','Onset 2 hours ago, moderate intensity','Mild tachycardia','I20.9','Angina pectoris','Nitroglycerin, aspirin','HAMA','Unimproved','Both','Jose Lopez','45 Mabini St., Malate, Manila','09179876543','Maria Lopez','45 Mabini St., Malate, Manila','09173456789','Carlos Lopez','45 Mabini St., Malate, Manila','09221234567',1,0),(13,'Surgical','',1,'CN-20250701-003','UC4VC',0,'EASTWEST','UC4VC','John Michael T. Santos','Admitted','New','2025-07-01 08:00:00.000000','Pre-op','1990-11-20','Quezon City','Male','34','88 Katipunan Ave., QC, 1108','Engineer','Single','Filipino','Other','Old/Former','2025-07-01 09:00:00.000000','Dr. Reyes','2025-07-10 00:00:00.000000',NULL,'','Right inguinal hernia','NA','NA','NA','09981234567','Ricardo Santos','09187901234','Active','2025-07-01 00:46:04.603673',170.00,68.00,'118/76',70.00,16.00,36.80,'No abnormalities','Hernia','Reducible swelling in groin','Palpable mass on Valsalva','K40.90','Inguinal hernia','Scheduled for herniorrhaphy','Absconded','48h_minus','','Ricardo Santos','88 Katipunan Ave., QC','09187901234','Luz Santos','88 Katipunan Ave., QC','09189012345','','','',3,0),(14,'Pediatrics','',0,'CN-20250701-004','Q3329',1,'INLIFE/ICARE/INSULAR','Q3329','Luis Fernando G. Cruz','Admitted','New','2025-07-01 11:20:00.000000','Stable','1976-09-05','Manila','Male','48','123 Taft Ave., Manila, 1000','Accountant','Single','Filipino','Catholic','New','2025-07-01 11:45:00.000000','ER Pediatric',NULL,NULL,'','Gastroenteritis','NA','NA','NA','09551234567','Gabriela Cruz','09192345678','Active','2025-07-01 00:53:30.517799',110.00,20.00,'',90.00,20.00,37.20,'Active, responsive','Fever','3-day history of fever','No rash, lungs clear','A09','Acute gastroenteritis','Oral rehydration, symptomatic care','Absconded','Recovered','','Fernando Cruz','123 Taft Ave., Manila','09191234567','Gabriela Cruz','123 Taft Ave., Manila','09192345678','','','',3,0);
/*!40000 ALTER TABLE `api_patient` ENABLE KEYS */;
UNLOCK TABLES;

--
-- Table structure for table `api_patientimage`
--

DROP TABLE IF EXISTS `api_patientimage`;
/*!40101 SET @saved_cs_client     = @@character_set_client */;
/*!50503 SET character_set_client = utf8mb4 */;
CREATE TABLE `api_patientimage` (
  `id` bigint NOT NULL AUTO_INCREMENT,
  `file` varchar(100) COLLATE utf8mb4_unicode_ci NOT NULL,
  `description` longtext COLLATE utf8mb4_unicode_ci NOT NULL,
  `uploaded_at` datetime(6) NOT NULL,
  `patient_id` bigint NOT NULL,
  `uploaded_by_id` bigint DEFAULT NULL,
  PRIMARY KEY (`id`),
  KEY `api_patientimage_patient_id_dabfa6fc_fk_api_patient_id` (`patient_id`),
  KEY `api_patientimage_uploaded_by_id_4b1e4f4d_fk_api_user_id` (`uploaded_by_id`),
  CONSTRAINT `api_patientimage_patient_id_dabfa6fc_fk_api_patient_id` FOREIGN KEY (`patient_id`) REFERENCES `api_patient` (`id`),
  CONSTRAINT `api_patientimage_uploaded_by_id_4b1e4f4d_fk_api_user_id` FOREIGN KEY (`uploaded_by_id`) REFERENCES `api_user` (`id`)
) ENGINE=InnoDB AUTO_INCREMENT=15 DEFAULT CHARSET=utf8mb4 COLLATE=utf8mb4_unicode_ci;
/*!40101 SET character_set_client = @saved_cs_client */;

--
-- Dumping data for table `api_patientimage`
--

LOCK TABLES `api_patientimage` WRITE;
/*!40000 ALTER TABLE `api_patientimage` DISABLE KEYS */;
INSERT INTO `api_patientimage` VALUES (1,'patient_images/patient_2/images_8.jpeg','','2025-06-29 02:41:07.531100',2,1),(2,'patient_images/patient_3/images_8.jpeg','','2025-06-29 02:42:28.882591',3,1),(3,'patient_images/patient_4/mEHrVPeE_400x400.jpg','','2025-06-29 04:08:53.486435',4,1),(4,'patient_images/patient_4/face-swap.png','','2025-06-29 04:10:22.031813',4,1),(5,'patient_images/patient_5/default-avatar.jpg','','2025-06-29 04:34:26.559765',5,1),(6,'patient_images/patient_7/man-black-eye-hooligan-criminal-600nw-2503402573.png','','2025-06-29 05:04:47.001489',7,1),(7,'patient_images/patient_9/D3D__M2WoAANmGw.jpg','','2025-06-30 10:43:03.310748',9,1),(8,'patient_images/patient_10/D3D__M2WoAANmGw.jpg','','2025-06-30 11:08:59.705408',10,1),(9,'patient_images/patient_2/images_8_ygmCoQn.jpeg','','2025-06-30 11:11:12.782937',2,1),(10,'patient_images/patient_3/D3D__M2WoAANmGw.jpg','','2025-06-30 11:12:39.226493',3,1),(11,'patient_images/patient_11/images_9.jpeg','','2025-07-01 00:38:05.101404',11,1),(12,'patient_images/patient_12/streelevelindividual.jpg','','2025-07-01 00:44:10.463044',12,1),(13,'patient_images/patient_13/6a00d8341c570653ef01053597a1e4970c-400wi.jpg','','2025-07-01 00:47:38.824447',13,1),(14,'patient_images/patient_14/images_10.jpeg','','2025-07-01 00:55:22.876407',14,1);
/*!40000 ALTER TABLE `api_patientimage` ENABLE KEYS */;
UNLOCK TABLES;

--
-- Table structure for table `api_patientservice`
--

DROP TABLE IF EXISTS `api_patientservice`;
/*!40101 SET @saved_cs_client     = @@character_set_client */;
/*!50503 SET character_set_client = utf8mb4 */;
CREATE TABLE `api_patientservice` (
  `id` bigint NOT NULL AUTO_INCREMENT,
  `date_availed` datetime(6) NOT NULL,
  `quantity` int unsigned NOT NULL,
  `cost_at_time` decimal(10,2) DEFAULT NULL,
  `patient_id` bigint NOT NULL,
  `service_id` bigint NOT NULL,
  PRIMARY KEY (`id`),
  KEY `api_patientservice_patient_id_f7823f2a_fk_api_patient_id` (`patient_id`),
  KEY `api_patientservice_service_id_86321a5c_fk_api_service_id` (`service_id`),
  CONSTRAINT `api_patientservice_patient_id_f7823f2a_fk_api_patient_id` FOREIGN KEY (`patient_id`) REFERENCES `api_patient` (`id`),
  CONSTRAINT `api_patientservice_service_id_86321a5c_fk_api_service_id` FOREIGN KEY (`service_id`) REFERENCES `api_service` (`id`),
  CONSTRAINT `api_patientservice_chk_1` CHECK ((`quantity` >= 0))
) ENGINE=InnoDB AUTO_INCREMENT=6 DEFAULT CHARSET=utf8mb4 COLLATE=utf8mb4_unicode_ci;
/*!40101 SET character_set_client = @saved_cs_client */;

--
-- Dumping data for table `api_patientservice`
--

LOCK TABLES `api_patientservice` WRITE;
/*!40000 ALTER TABLE `api_patientservice` DISABLE KEYS */;
INSERT INTO `api_patientservice` VALUES (1,'2025-06-29 13:04:58.501807',1,501.00,6,6),(2,'2025-06-29 13:05:14.815196',1,3400.00,6,1),(3,'2025-06-30 03:49:40.768627',1,3450.00,4,1),(4,'2025-06-30 03:51:59.919508',1,500.00,4,6),(5,'2025-06-30 05:13:20.601430',1,3400.00,5,1);
/*!40000 ALTER TABLE `api_patientservice` ENABLE KEYS */;
UNLOCK TABLES;

--
-- Table structure for table `api_payment`
--

DROP TABLE IF EXISTS `api_payment`;
/*!40101 SET @saved_cs_client     = @@character_set_client */;
/*!50503 SET character_set_client = utf8mb4 */;
CREATE TABLE `api_payment` (
  `id` bigint NOT NULL AUTO_INCREMENT,
  `amount_paid` decimal(10,2) NOT NULL,
  `payment_method` varchar(50) COLLATE utf8mb4_unicode_ci NOT NULL,
  `date_paid` datetime(6) NOT NULL,
  `billing_id` bigint NOT NULL,
  `received_by_id` bigint DEFAULT NULL,
  PRIMARY KEY (`id`),
  UNIQUE KEY `billing_id` (`billing_id`),
  KEY `api_payment_received_by_id_0b9f77ca_fk_api_user_id` (`received_by_id`),
  CONSTRAINT `api_payment_billing_id_e522af95_fk_api_billing_id` FOREIGN KEY (`billing_id`) REFERENCES `api_billing` (`id`),
  CONSTRAINT `api_payment_received_by_id_0b9f77ca_fk_api_user_id` FOREIGN KEY (`received_by_id`) REFERENCES `api_user` (`id`)
) ENGINE=InnoDB DEFAULT CHARSET=utf8mb4 COLLATE=utf8mb4_unicode_ci;
/*!40101 SET character_set_client = @saved_cs_client */;

--
-- Dumping data for table `api_payment`
--

LOCK TABLES `api_payment` WRITE;
/*!40000 ALTER TABLE `api_payment` DISABLE KEYS */;
/*!40000 ALTER TABLE `api_payment` ENABLE KEYS */;
UNLOCK TABLES;

--
-- Table structure for table `api_room`
--

DROP TABLE IF EXISTS `api_room`;
/*!40101 SET @saved_cs_client     = @@character_set_client */;
/*!50503 SET character_set_client = utf8mb4 */;
CREATE TABLE `api_room` (
  `id` bigint NOT NULL AUTO_INCREMENT,
  `name` varchar(100) COLLATE utf8mb4_unicode_ci NOT NULL,
  `hourly_rate` decimal(10,2) NOT NULL,
  PRIMARY KEY (`id`)
) ENGINE=InnoDB AUTO_INCREMENT=5 DEFAULT CHARSET=utf8mb4 COLLATE=utf8mb4_unicode_ci;
/*!40101 SET character_set_client = @saved_cs_client */;

--
-- Dumping data for table `api_room`
--

LOCK TABLES `api_room` WRITE;
/*!40000 ALTER TABLE `api_room` DISABLE KEYS */;
INSERT INTO `api_room` VALUES (1,'WARD',50.00),(2,'DELUXE',80.00),(3,'SEMI-PRIVATE',100.00),(4,'PRIVATE',150.00);
/*!40000 ALTER TABLE `api_room` ENABLE KEYS */;
UNLOCK TABLES;

--
-- Table structure for table `api_service`
--

DROP TABLE IF EXISTS `api_service`;
/*!40101 SET @saved_cs_client     = @@character_set_client */;
/*!50503 SET character_set_client = utf8mb4 */;
CREATE TABLE `api_service` (
  `id` bigint NOT NULL AUTO_INCREMENT,
  `name` varchar(100) COLLATE utf8mb4_unicode_ci NOT NULL,
  `current_cost` decimal(10,2) NOT NULL,
  PRIMARY KEY (`id`)
) ENGINE=InnoDB AUTO_INCREMENT=7 DEFAULT CHARSET=utf8mb4 COLLATE=utf8mb4_unicode_ci;
/*!40101 SET character_set_client = @saved_cs_client */;

--
-- Dumping data for table `api_service`
--

LOCK TABLES `api_service` WRITE;
/*!40000 ALTER TABLE `api_service` DISABLE KEYS */;
INSERT INTO `api_service` VALUES (1,'CONGENITAL ANOMALL',3400.00),(2,'BIOPHYSICAL SCORING',1500.00),(3,'ORTHOPEDICS',2300.00),(4,'URINARY BLADDER TEST',1500.00),(5,'X-ray',500.00),(6,'EYE CONSULTATION',500.00);
/*!40000 ALTER TABLE `api_service` ENABLE KEYS */;
UNLOCK TABLES;

--
-- Table structure for table `api_user`
--

DROP TABLE IF EXISTS `api_user`;
/*!40101 SET @saved_cs_client     = @@character_set_client */;
/*!50503 SET character_set_client = utf8mb4 */;
CREATE TABLE `api_user` (
  `id` bigint NOT NULL AUTO_INCREMENT,
  `password` varchar(128) COLLATE utf8mb4_unicode_ci NOT NULL,
  `last_login` datetime(6) DEFAULT NULL,
  `is_superuser` tinyint(1) NOT NULL,
  `user_id` varchar(50) COLLATE utf8mb4_unicode_ci NOT NULL,
  `role` varchar(20) COLLATE utf8mb4_unicode_ci NOT NULL,
  `department` varchar(255) COLLATE utf8mb4_unicode_ci NOT NULL,
  `is_active` tinyint(1) NOT NULL,
  `is_staff` tinyint(1) NOT NULL,
  `first_name` varchar(30) COLLATE utf8mb4_unicode_ci DEFAULT NULL,
  `last_name` varchar(30) COLLATE utf8mb4_unicode_ci DEFAULT NULL,
  `email` varchar(254) COLLATE utf8mb4_unicode_ci DEFAULT NULL,
  `phone` varchar(20) COLLATE utf8mb4_unicode_ci DEFAULT NULL,
  `date_joined` datetime(6) NOT NULL,
  `has_security_questions` tinyint(1) NOT NULL,
  `address` varchar(255) COLLATE utf8mb4_unicode_ci DEFAULT NULL,
  `birthdate` date DEFAULT NULL,
  PRIMARY KEY (`id`),
  UNIQUE KEY `user_id` (`user_id`)
) ENGINE=InnoDB AUTO_INCREMENT=4 DEFAULT CHARSET=utf8mb4 COLLATE=utf8mb4_unicode_ci;
/*!40101 SET character_set_client = @saved_cs_client */;

--
-- Dumping data for table `api_user`
--

LOCK TABLES `api_user` WRITE;
/*!40000 ALTER TABLE `api_user` DISABLE KEYS */;
INSERT INTO `api_user` VALUES (1,'pbkdf2_sha256$600000$tRSMGqemNlUm0Bg4eZSRj1$BzH8BgrkeGd1RCaetkENB0wNLQRK4j+qsXnmqdcC5W4=','2025-07-01 00:52:13.579666',1,'111','Admin','Admin',1,1,'Clarence','Cortina','asdsad@gmail.com','09357773518','2025-06-29 01:38:27.000000',1,'block 1 lot 38, Hinapao Street','2025-06-29'),(2,'pbkdf2_sha256$600000$qYrnuJzqDxBYVP3nV1XgQN$6ZeNjrDWhRpfk8kYGSN+SvCVPpX6QAnTwT5Af/9ir1Q=','2025-06-29 11:43:09.000000',0,'2112078','Nurse','Tellerate',1,0,'Jaspher','Cadelina',NULL,NULL,'2025-06-29 04:26:55.000000',0,'block 1 lot 38, Hinapao Street','2002-12-10'),(3,'pbkdf2_sha256$600000$TabH66bVsD1DyHtXuruesy$rXO41Vduit5b3sBYmC0foonsx0UNnide+bxOlxLEhRM=',NULL,0,'000','Doctor','Doctors',1,0,'Lance Doc','Gonzales',NULL,NULL,'2025-06-29 04:59:59.049348',0,'block 1 lot 38, Hinapao Street','1995-06-29');
/*!40000 ALTER TABLE `api_user` ENABLE KEYS */;
UNLOCK TABLES;

--
-- Table structure for table `api_user_groups`
--

DROP TABLE IF EXISTS `api_user_groups`;
/*!40101 SET @saved_cs_client     = @@character_set_client */;
/*!50503 SET character_set_client = utf8mb4 */;
CREATE TABLE `api_user_groups` (
  `id` bigint NOT NULL AUTO_INCREMENT,
  `user_id` bigint NOT NULL,
  `group_id` int NOT NULL,
  PRIMARY KEY (`id`),
  UNIQUE KEY `api_user_groups_user_id_group_id_9c7ddfb5_uniq` (`user_id`,`group_id`),
  KEY `api_user_groups_group_id_3af85785_fk_auth_group_id` (`group_id`),
  CONSTRAINT `api_user_groups_group_id_3af85785_fk_auth_group_id` FOREIGN KEY (`group_id`) REFERENCES `auth_group` (`id`),
  CONSTRAINT `api_user_groups_user_id_a5ff39fa_fk_api_user_id` FOREIGN KEY (`user_id`) REFERENCES `api_user` (`id`)
) ENGINE=InnoDB AUTO_INCREMENT=16 DEFAULT CHARSET=utf8mb4 COLLATE=utf8mb4_unicode_ci;
/*!40101 SET character_set_client = @saved_cs_client */;

--
-- Dumping data for table `api_user_groups`
--

LOCK TABLES `api_user_groups` WRITE;
/*!40000 ALTER TABLE `api_user_groups` DISABLE KEYS */;
INSERT INTO `api_user_groups` VALUES (1,1,1),(11,2,3),(7,3,2);
/*!40000 ALTER TABLE `api_user_groups` ENABLE KEYS */;
UNLOCK TABLES;

--
-- Table structure for table `api_user_user_permissions`
--

DROP TABLE IF EXISTS `api_user_user_permissions`;
/*!40101 SET @saved_cs_client     = @@character_set_client */;
/*!50503 SET character_set_client = utf8mb4 */;
CREATE TABLE `api_user_user_permissions` (
  `id` bigint NOT NULL AUTO_INCREMENT,
  `user_id` bigint NOT NULL,
  `permission_id` int NOT NULL,
  PRIMARY KEY (`id`),
  UNIQUE KEY `api_user_user_permissions_user_id_permission_id_a06dd704_uniq` (`user_id`,`permission_id`),
  KEY `api_user_user_permis_permission_id_305b7fea_fk_auth_perm` (`permission_id`),
  CONSTRAINT `api_user_user_permis_permission_id_305b7fea_fk_auth_perm` FOREIGN KEY (`permission_id`) REFERENCES `auth_permission` (`id`),
  CONSTRAINT `api_user_user_permissions_user_id_f3945d65_fk_api_user_id` FOREIGN KEY (`user_id`) REFERENCES `api_user` (`id`)
) ENGINE=InnoDB DEFAULT CHARSET=utf8mb4 COLLATE=utf8mb4_unicode_ci;
/*!40101 SET character_set_client = @saved_cs_client */;

--
-- Dumping data for table `api_user_user_permissions`
--

LOCK TABLES `api_user_user_permissions` WRITE;
/*!40000 ALTER TABLE `api_user_user_permissions` DISABLE KEYS */;
/*!40000 ALTER TABLE `api_user_user_permissions` ENABLE KEYS */;
UNLOCK TABLES;

--
-- Table structure for table `api_useractionlog`
--

DROP TABLE IF EXISTS `api_useractionlog`;
/*!40101 SET @saved_cs_client     = @@character_set_client */;
/*!50503 SET character_set_client = utf8mb4 */;
CREATE TABLE `api_useractionlog` (
  `id` bigint NOT NULL AUTO_INCREMENT,
  `action_type` varchar(10) COLLATE utf8mb4_unicode_ci NOT NULL,
  `object_id` int unsigned NOT NULL,
  `object_repr` varchar(200) COLLATE utf8mb4_unicode_ci NOT NULL,
  `details` json NOT NULL,
  `ip_address` char(39) COLLATE utf8mb4_unicode_ci DEFAULT NULL,
  `timestamp` datetime(6) NOT NULL,
  `content_type_id` int NOT NULL,
  `user_id` bigint DEFAULT NULL,
  PRIMARY KEY (`id`),
  KEY `api_useractionlog_content_type_id_fa7e0df4_fk_django_co` (`content_type_id`),
  KEY `api_useractionlog_user_id_7c40fe05_fk_api_user_id` (`user_id`),
  CONSTRAINT `api_useractionlog_content_type_id_fa7e0df4_fk_django_co` FOREIGN KEY (`content_type_id`) REFERENCES `django_content_type` (`id`),
  CONSTRAINT `api_useractionlog_user_id_7c40fe05_fk_api_user_id` FOREIGN KEY (`user_id`) REFERENCES `api_user` (`id`),
  CONSTRAINT `api_useractionlog_chk_1` CHECK ((`object_id` >= 0))
) ENGINE=InnoDB AUTO_INCREMENT=53 DEFAULT CHARSET=utf8mb4 COLLATE=utf8mb4_unicode_ci;
/*!40101 SET character_set_client = @saved_cs_client */;

--
-- Dumping data for table `api_useractionlog`
--

LOCK TABLES `api_useractionlog` WRITE;
/*!40000 ALTER TABLE `api_useractionlog` DISABLE KEYS */;
INSERT INTO `api_useractionlog` VALUES (1,'UPDATE',1,' ID 1 - Filmor Sarmiento','{\"changes\": {\"name\": [\"Filmor Sarmiento\", \"Filmor Sarmiento\"], \"status\": [\"Admitted\", \"Admitted\"], \"address\": [\"block 1 lot 38, Hinapao Street\", \"block 1 lot 38, Hinapao Street\"]}}',NULL,'2025-06-29 02:36:35.081575',12,NULL),(2,'UPDATE',2,' ID 2 - Filmor Sarmiento','{\"changes\": {\"name\": [\"Filmor Sarmiento\", \"Filmor Sarmiento\"], \"status\": [\"Admitted\", \"Admitted\"], \"address\": [\"block 1 lot 38, Hinapao Street\", \"block 1 lot 38, Hinapao Street\"]}}',NULL,'2025-06-29 02:41:07.372991',12,NULL),(3,'UPDATE',2,' ID 2 - Filmor Sarmiento','{\"changes\": {\"name\": [\"Filmor Sarmiento\", \"Filmor Sarmiento\"], \"status\": [\"Admitted\", \"Admitted\"], \"address\": [\"block 1 lot 38, Hinapao Street\", \"block 1 lot 38, Hinapao Street\"]}}',NULL,'2025-06-29 02:41:23.447482',12,NULL),(4,'UPDATE',1,' ID 1 - Filmor Sarmiento','{\"changes\": {\"name\": [\"Filmor Sarmiento\", \"Filmor Sarmiento\"], \"status\": [\"Admitted\", \"Admitted\"], \"address\": [\"block 1 lot 38, Hinapao Street\", \"block 1 lot 38, Hinapao Street\"]}}',NULL,'2025-06-29 02:41:35.059228',12,NULL),(5,'UPDATE',3,' ID 3 - James Sarmiento','{\"changes\": {\"name\": [\"James Sarmiento\", \"James Sarmiento\"], \"status\": [\"Admitted\", \"Admitted\"], \"address\": [\"block 1 lot 38, Hinapao Street\", \"block 1 lot 38, Hinapao Street\"]}}',NULL,'2025-06-29 02:42:28.738589',12,NULL),(6,'UPDATE',3,' ID 3 - James Sarmiento','{\"changes\": {\"name\": [\"James Sarmiento\", \"James Sarmiento\"], \"status\": [\"Admitted\", \"Admitted\"], \"address\": [\"block 1 lot 38, Hinapao Street\", \"003\"]}}',NULL,'2025-06-29 03:02:00.907066',12,NULL),(7,'UPDATE',3,' ID 3 - James Sarmiento','{\"changes\": {\"name\": [\"James Sarmiento\", \"James Sarmiento\"], \"status\": [\"Admitted\", \"Admitted\"], \"address\": [\"003\", \"003\"]}}',NULL,'2025-06-29 03:02:00.938141',12,NULL),(8,'UPDATE',3,' ID 3 - James Sarmiento','{\"changes\": {\"name\": [\"James Sarmiento\", \"James Sarmiento\"], \"status\": [\"Admitted\", \"Admitted\"], \"address\": [\"003\", \"NEW GENERATED CODE DAPAT\"]}}',NULL,'2025-06-29 03:18:36.138262',12,NULL),(9,'UPDATE',3,' ID 3 - James Sarmiento 004','{\"changes\": {\"name\": [\"James Sarmiento\", \"James Sarmiento 004\"], \"status\": [\"Admitted\", \"Admitted\"], \"address\": [\"NEW GENERATED CODE DAPAT\", \"NEW GENERATED CODE DAPAT\"]}}',NULL,'2025-06-29 03:26:29.371503',12,NULL),(10,'UPDATE',3,' ID 3 - James Sarmiento 004','{\"changes\": {\"name\": [\"James Sarmiento 004\", \"James Sarmiento 004\"], \"status\": [\"Admitted\", \"Admitted\"], \"address\": [\"NEW GENERATED CODE DAPAT\", \"NEW GENERATED CODE DAPAT\"]}}',NULL,'2025-06-29 03:26:29.400921',12,NULL),(11,'UPDATE',3,' ID 3 - James Sarmiento 005','{\"changes\": {\"name\": [\"James Sarmiento 004\", \"James Sarmiento 005\"], \"status\": [\"Admitted\", \"Admitted\"], \"address\": [\"NEW GENERATED CODE DAPAT\", \"NEW GENERATED CODE DAPAT\"]}}',NULL,'2025-06-29 03:27:02.223519',12,NULL),(12,'UPDATE',4,' ID 4 - Cong Velasquez','{\"changes\": {\"name\": [\"Cong Velasquez\", \"Cong Velasquez\"], \"status\": [\"Admitted\", \"Admitted\"], \"address\": [\"block 1 lot 38, Hinapao Street\", \"block 1 lot 38, Hinapao Street\"]}}',NULL,'2025-06-29 04:08:53.342306',12,NULL),(13,'UPDATE',4,' ID 4 - Cong Velasquez Jr','{\"changes\": {\"name\": [\"Cong Velasquez\", \"Cong Velasquez Jr\"], \"status\": [\"Admitted\", \"Admitted\"], \"address\": [\"block 1 lot 38, Hinapao Street\", \"block 1 lot 38, Hinapao Street\"]}}',NULL,'2025-06-29 04:09:18.985678',12,NULL),(14,'UPDATE',4,' ID 4 - Cong Velasquez Jr','{\"changes\": {\"name\": [\"Cong Velasquez Jr\", \"Cong Velasquez Jr\"], \"status\": [\"Admitted\", \"Admitted\"], \"address\": [\"block 1 lot 38, Hinapao Street\", \"block 1 lot 38, Hinapao Street\"]}}',NULL,'2025-06-29 04:09:19.004977',12,NULL),(15,'UPDATE',4,' ID 4 - Cong Velasquez Jr','{\"changes\": {\"name\": [\"Cong Velasquez Jr\", \"Cong Velasquez Jr\"], \"status\": [\"Admitted\", \"Outpatient\"], \"address\": [\"block 1 lot 38, Hinapao Street\", \"block 1 lot 38, Hinapao Street\"]}}',NULL,'2025-06-29 04:10:21.889254',12,NULL),(16,'UPDATE',5,' ID 5 - Marwan D. Terrorist','{\"changes\": {\"name\": [\"Marwan D. Terrorist\", \"Marwan D. Terrorist\"], \"status\": [\"Admitted\", \"Admitted\"], \"address\": [\"block 1 lot 38, Hinapao Street\", \"block 1 lot 38, Hinapao Street\"]}}',NULL,'2025-06-29 04:34:26.400317',12,NULL),(17,'UPDATE',5,' ID 5 - Marwan D. Terrorist 009','{\"changes\": {\"name\": [\"Marwan D. Terrorist\", \"Marwan D. Terrorist 009\"], \"status\": [\"Admitted\", \"Outpatient\"], \"address\": [\"block 1 lot 38, Hinapao Street\", \"block 1 lot 38, Hinapao Street\"]}}',NULL,'2025-06-29 04:41:47.727167',12,NULL),(18,'UPDATE',5,' ID 5 - Marwan D. Terrorist 010','{\"changes\": {\"name\": [\"Marwan D. Terrorist 009\", \"Marwan D. Terrorist 010\"], \"status\": [\"Outpatient\", \"Outpatient\"], \"address\": [\"block 1 lot 38, Hinapao Street\", \"block 1 lot 38, Hinapao Street\"]}}',NULL,'2025-06-29 04:42:52.277390',12,NULL),(19,'UPDATE',5,' ID 5 - Marwan D. Terrorist','{\"changes\": {\"name\": [\"Marwan D. Terrorist 010\", \"Marwan D. Terrorist\"], \"status\": [\"Outpatient\", \"Outpatient\"], \"address\": [\"block 1 lot 38, Hinapao Street\", \"block 1 lot 38, Hinapao Street\"]}}',NULL,'2025-06-29 04:46:41.116863',12,NULL),(20,'UPDATE',5,' ID 5 - Marwan D. Terrorist','{\"changes\": {\"name\": [\"Marwan D. Terrorist\", \"Marwan D. Terrorist\"], \"status\": [\"Outpatient\", \"Outpatient\"], \"address\": [\"block 1 lot 38, Hinapao Street\", \"block 1 lot 38, Hinapao Street\"]}}',NULL,'2025-06-29 04:46:41.145748',12,NULL),(21,'UPDATE',6,' ID 6 - Mo E. Lester','{\"changes\": {\"name\": [\"Mo E. Lester\", \"Mo E. Lester\"], \"status\": [\"Admitted\", \"Admitted\"], \"address\": [\"block 1 lot 38, Hinapao Street\", \"block 1 lot 38, Hinapao Street\"]}}',NULL,'2025-06-29 05:04:12.624896',12,NULL),(22,'UPDATE',7,' ID 7 - Mo E. Lester','{\"changes\": {\"name\": [\"Mo E. Lester\", \"Mo E. Lester\"], \"status\": [\"Admitted\", \"Admitted\"], \"address\": [\"block 1 lot 38, Hinapao Street\", \"block 1 lot 38, Hinapao Street\"]}}',NULL,'2025-06-29 05:04:46.867066',12,NULL),(23,'UPDATE',7,' ID 7 - Mo E. Lester','{\"changes\": {\"name\": [\"Mo E. Lester\", \"Mo E. Lester\"], \"status\": [\"Admitted\", \"Admitted\"], \"address\": [\"block 1 lot 38, Hinapao Street\", \"block 1 lot 38, Hinapao Street\"]}}',NULL,'2025-06-29 05:06:01.698426',12,NULL),(24,'UPDATE',6,' ID 6 - Mo E. Lester','{\"changes\": {\"name\": [\"Mo E. Lester\", \"Mo E. Lester\"], \"status\": [\"Admitted\", \"Admitted\"], \"address\": [\"block 1 lot 38, Hinapao Street\", \"block 1 lot 38, Hinapao Street\"]}}',NULL,'2025-06-29 08:37:38.281404',12,NULL),(25,'UPDATE',6,' ID 6 - Mo E. Lester','{\"changes\": {\"name\": [\"Mo E. Lester\", \"Mo E. Lester\"], \"status\": [\"Admitted\", \"Admitted\"], \"address\": [\"block 1 lot 38, Hinapao Street\", \"block 1 lot 38, Hinapao Street\"]}}',NULL,'2025-06-29 13:34:34.485265',12,NULL),(26,'UPDATE',6,' ID 6 - Mo E. Lester','{\"changes\": {\"name\": [\"Mo E. Lester\", \"Mo E. Lester\"], \"status\": [\"Admitted\", \"Discharged\"], \"address\": [\"block 1 lot 38, Hinapao Street\", \"block 1 lot 38, Hinapao Street\"]}}',NULL,'2025-06-29 13:36:26.642433',12,NULL),(27,'UPDATE',3,' ID 3 - James Sarmiento 005','{\"changes\": {\"name\": [\"James Sarmiento 005\", \"James Sarmiento 005\"], \"status\": [\"Admitted\", \"Admitted\"], \"address\": [\"NEW GENERATED CODE DAPAT\", \"NEW GENERATED CODE DAPAT\"]}}',NULL,'2025-06-29 14:21:42.367085',12,NULL),(28,'UPDATE',3,' ID 3 - James Sarmiento 005','{\"changes\": {\"name\": [\"James Sarmiento 005\", \"James Sarmiento 005\"], \"status\": [\"Admitted\", \"Discharged\"], \"address\": [\"NEW GENERATED CODE DAPAT\", \"NEW GENERATED CODE DAPAT\"]}}',NULL,'2025-06-29 14:21:50.712361',12,NULL),(29,'UPDATE',8,' ID 8 - James Bustos','{\"changes\": {\"name\": [\"James Bustos\", \"James Bustos\"], \"status\": [\"Admitted\", \"Admitted\"], \"address\": [\"block 1 lot 38, Hinapao Street\", \"block 1 lot 38, Hinapao Street\"]}}',NULL,'2025-06-30 03:34:29.003214',12,NULL),(30,'UPDATE',4,' ID 4 - Cong Velasquez Jr','{\"changes\": {\"name\": [\"Cong Velasquez Jr\", \"Cong Velasquez Jr\"], \"status\": [\"Outpatient\", \"Admitted\"], \"address\": [\"block 1 lot 38, Hinapao Street\", \"block 1 lot 38, Hinapao Street\"]}}',NULL,'2025-06-30 03:47:19.127537',12,NULL),(31,'UPDATE',4,' ID 4 - Cong Velasquez Jrs','{\"changes\": {\"name\": [\"Cong Velasquez Jr\", \"Cong Velasquez Jrs\"], \"status\": [\"Admitted\", \"Admitted\"], \"address\": [\"block 1 lot 38, Hinapao Street\", \"block 1 lot 38, Hinapao Street\"]}}',NULL,'2025-06-30 03:48:06.839328',12,NULL),(32,'UPDATE',4,' ID 4 - Cong Velasquez Jrs','{\"changes\": {\"name\": [\"Cong Velasquez Jrs\", \"Cong Velasquez Jrs\"], \"status\": [\"Admitted\", \"Admitted\"], \"address\": [\"block 1 lot 38, Hinapao Street\", \"block 1 lot 38, Hinapao Street\"]}}',NULL,'2025-06-30 03:48:06.865329',12,NULL),(33,'UPDATE',4,' ID 4 - Cong Velasquez Jrs','{\"changes\": {\"name\": [\"Cong Velasquez Jrs\", \"Cong Velasquez Jrs\"], \"status\": [\"Admitted\", \"Admitted\"], \"address\": [\"block 1 lot 38, Hinapao Street\", \"block 1 lot 38, Hinapao Street\"]}}',NULL,'2025-06-30 03:56:15.979115',12,NULL),(34,'UPDATE',4,' ID 4 - Cong Velasquez Jrs','{\"changes\": {\"name\": [\"Cong Velasquez Jrs\", \"Cong Velasquez Jrs\"], \"status\": [\"Admitted\", \"Discharged\"], \"address\": [\"block 1 lot 38, Hinapao Street\", \"block 1 lot 38, Hinapao Street\"]}}',NULL,'2025-06-30 03:57:44.038435',12,NULL),(35,'UPDATE',9,' ID 9 - Barou Shouei','{\"changes\": {\"name\": [\"Barou Shouei\", \"Barou Shouei\"], \"status\": [\"Admitted\", \"Admitted\"], \"address\": [\"938 Aurora Blvd, Cubao, Quezon City, 1109 Metro Manila\", \"938 Aurora Blvd, Cubao, Quezon City, 1109 Metro Manila\"]}}',NULL,'2025-06-30 10:43:03.078148',12,NULL),(36,'UPDATE',10,' ID 10 - Crane Tucker','{\"changes\": {\"name\": [\"Crane Tucker\", \"Crane Tucker\"], \"status\": [\"Admitted\", \"Admitted\"], \"address\": [\"block 1 lot 38, Hinapao Street\", \"block 1 lot 38, Hinapao Street\"]}}',NULL,'2025-06-30 11:08:59.533463',12,NULL),(37,'UPDATE',2,' ID 2 - Filmor Sarmientos','{\"changes\": {\"name\": [\"Filmor Sarmiento\", \"Filmor Sarmientos\"], \"status\": [\"Admitted\", \"Admitted\"], \"address\": [\"block 1 lot 38, Hinapao Street\", \"block 1 lot 38, Hinapao Street\"]}}',NULL,'2025-06-30 11:11:12.653927',12,NULL),(38,'UPDATE',2,' ID 2 - Filmor Sarmientos','{\"changes\": {\"name\": [\"Filmor Sarmientos\", \"Filmor Sarmientos\"], \"status\": [\"Admitted\", \"Admitted\"], \"address\": [\"block 1 lot 38, Hinapao Street\", \"block 1 lot 38, Hinapao Street\"]}}',NULL,'2025-06-30 11:11:12.671727',12,NULL),(39,'UPDATE',3,' ID 3 - James Sarmiento 005','{\"changes\": {\"name\": [\"James Sarmiento 005\", \"James Sarmiento 005\"], \"status\": [\"Discharged\", \"Outpatient\"], \"address\": [\"NEW GENERATED CODE DAPAT\", \"NEW GENERATED CODE DAPAT\"]}}',NULL,'2025-06-30 11:12:39.102546',12,NULL),(40,'UPDATE',3,' ID 3 - James Sarmiento 005','{\"changes\": {\"name\": [\"James Sarmiento 005\", \"James Sarmiento 005\"], \"status\": [\"Outpatient\", \"Outpatient\"], \"address\": [\"NEW GENERATED CODE DAPAT\", \"NEW GENERATED CODE DAPAT\"]}}',NULL,'2025-06-30 11:12:39.124800',12,NULL),(41,'UPDATE',11,' ID 11 - Mohammad Rashid M. Masangkay','{\"changes\": {\"name\": [\"Mohammad Rashid M. Masangkay\", \"Mohammad Rashid M. Masangkay\"], \"status\": [\"Admitted\", \"Admitted\"], \"address\": [\"10 Imperial, Cubao, Quezon City, 1109 Metro Manila\", \"10 Imperial, Cubao, Quezon City, 1109 Metro Manila\"]}}',NULL,'2025-07-01 00:38:04.905233',12,NULL),(42,'UPDATE',12,' ID 12 - Ana Teresa D. Lopez','{\"changes\": {\"name\": [\"Ana Teresa D. Lopez\", \"Ana Teresa D. Lopez\"], \"status\": [\"Admitted\", \"Admitted\"], \"address\": [\"45 Mabini St., Malate, Manila, 1004\", \"45 Mabini St., Malate, Manila, 1004\"]}}',NULL,'2025-07-01 00:40:52.468575',12,NULL),(43,'UPDATE',12,' ID 12 - Ana Teresa D. Lopez','{\"changes\": {\"name\": [\"Ana Teresa D. Lopez\", \"Ana Teresa D. Lopez\"], \"status\": [\"Admitted\", \"Admitted\"], \"address\": [\"45 Mabini St., Malate, Manila, 1004\", \"45 Mabini St., Malate, Manila, 1004\"]}}',NULL,'2025-07-01 00:44:10.301460',12,NULL),(44,'UPDATE',12,' ID 12 - Ana Teresa D. Lopez','{\"changes\": {\"name\": [\"Ana Teresa D. Lopez\", \"Ana Teresa D. Lopez\"], \"status\": [\"Admitted\", \"Admitted\"], \"address\": [\"45 Mabini St., Malate, Manila, 1004\", \"45 Mabini St., Malate, Manila, 1004\"]}}',NULL,'2025-07-01 00:44:10.345053',12,NULL),(45,'UPDATE',13,' ID 13 - John Michael R. Santos','{\"changes\": {\"name\": [\"John Michael R. Santos\", \"John Michael R. Santos\"], \"status\": [\"Admitted\", \"Admitted\"], \"address\": [\"88 Katipunan Ave., QC, 1108\", \"88 Katipunan Ave., QC, 1108\"]}}',NULL,'2025-07-01 00:46:04.619279',12,NULL),(46,'UPDATE',13,' ID 13 - John Michael R. Santos','{\"changes\": {\"name\": [\"John Michael R. Santos\", \"John Michael R. Santos\"], \"status\": [\"Admitted\", \"Admitted\"], \"address\": [\"88 Katipunan Ave., QC, 1108\", \"88 Katipunan Ave., QC, 1108\"]}}',NULL,'2025-07-01 00:48:23.560986',12,NULL),(47,'UPDATE',13,' ID 13 - John Michael R. Santos','{\"changes\": {\"name\": [\"John Michael R. Santos\", \"John Michael R. Santos\"], \"status\": [\"Admitted\", \"Admitted\"], \"address\": [\"88 Katipunan Ave., QC, 1108\", \"88 Katipunan Ave., QC, 1108\"]}}',NULL,'2025-07-01 00:48:23.589619',12,NULL),(48,'UPDATE',13,' ID 13 - John Michael T. Santos','{\"changes\": {\"name\": [\"John Michael R. Santos\", \"John Michael T. Santos\"], \"status\": [\"Admitted\", \"Admitted\"], \"address\": [\"88 Katipunan Ave., QC, 1108\", \"88 Katipunan Ave., QC, 1108\"]}}',NULL,'2025-07-01 00:49:02.663873',12,NULL),(49,'UPDATE',13,' ID 13 - John Michael T. Santos','{\"changes\": {\"name\": [\"John Michael T. Santos\", \"John Michael T. Santos\"], \"status\": [\"Admitted\", \"Admitted\"], \"address\": [\"88 Katipunan Ave., QC, 1108\", \"88 Katipunan Ave., QC, 1108\"]}}',NULL,'2025-07-01 00:49:02.681143',12,NULL),(50,'UPDATE',14,' ID 14 - Luis Fernando G. Cruz','{\"changes\": {\"name\": [\"Luis Fernando G. Cruz\", \"Luis Fernando G. Cruz\"], \"status\": [\"Admitted\", \"Admitted\"], \"address\": [\"123 Taft Ave., Manila, 1000\", \"123 Taft Ave., Manila, 1000\"]}}',NULL,'2025-07-01 00:53:30.542743',12,NULL),(51,'UPDATE',14,' ID 14 - Luis Fernando G. Cruz','{\"changes\": {\"name\": [\"Luis Fernando G. Cruz\", \"Luis Fernando G. Cruz\"], \"status\": [\"Admitted\", \"Admitted\"], \"address\": [\"123 Taft Ave., Manila, 1000\", \"123 Taft Ave., Manila, 1000\"]}}',NULL,'2025-07-01 00:55:22.704132',12,NULL),(52,'UPDATE',14,' ID 14 - Luis Fernando G. Cruz','{\"changes\": {\"name\": [\"Luis Fernando G. Cruz\", \"Luis Fernando G. Cruz\"], \"status\": [\"Admitted\", \"Admitted\"], \"address\": [\"123 Taft Ave., Manila, 1000\", \"123 Taft Ave., Manila, 1000\"]}}',NULL,'2025-07-01 00:55:22.723169',12,NULL);
/*!40000 ALTER TABLE `api_useractionlog` ENABLE KEYS */;
UNLOCK TABLES;

--
-- Table structure for table `api_userimage`
--

DROP TABLE IF EXISTS `api_userimage`;
/*!40101 SET @saved_cs_client     = @@character_set_client */;
/*!50503 SET character_set_client = utf8mb4 */;
CREATE TABLE `api_userimage` (
  `id` bigint NOT NULL AUTO_INCREMENT,
  `file` varchar(100) COLLATE utf8mb4_unicode_ci NOT NULL,
  `description` longtext COLLATE utf8mb4_unicode_ci NOT NULL,
  `uploaded_at` datetime(6) NOT NULL,
  `uploaded_by_id` bigint DEFAULT NULL,
  `user_id` bigint NOT NULL,
  PRIMARY KEY (`id`),
  KEY `api_userimage_uploaded_by_id_bc6be0f9_fk_api_user_id` (`uploaded_by_id`),
  KEY `api_userimage_user_id_53b7659e_fk_api_user_id` (`user_id`),
  CONSTRAINT `api_userimage_uploaded_by_id_bc6be0f9_fk_api_user_id` FOREIGN KEY (`uploaded_by_id`) REFERENCES `api_user` (`id`),
  CONSTRAINT `api_userimage_user_id_53b7659e_fk_api_user_id` FOREIGN KEY (`user_id`) REFERENCES `api_user` (`id`)
) ENGINE=InnoDB AUTO_INCREMENT=4 DEFAULT CHARSET=utf8mb4 COLLATE=utf8mb4_unicode_ci;
/*!40101 SET character_set_client = @saved_cs_client */;

--
-- Dumping data for table `api_userimage`
--

LOCK TABLES `api_userimage` WRITE;
/*!40000 ALTER TABLE `api_userimage` DISABLE KEYS */;
INSERT INTO `api_userimage` VALUES (1,'user_images/2112078/received_196564038359891_1.jpeg','IMG','2025-06-29 04:28:10.366261',1,2),(2,'user_images/111/386881689_1357862575144190_9114981237440153893_n.jpg','','2025-06-29 04:29:34.819011',1,1),(3,'user_images/000/3NaWG1Oy_400x400.jpg','','2025-06-29 05:01:34.231776',1,3);
/*!40000 ALTER TABLE `api_userimage` ENABLE KEYS */;
UNLOCK TABLES;

--
-- Table structure for table `api_userlog`
--

DROP TABLE IF EXISTS `api_userlog`;
/*!40101 SET @saved_cs_client     = @@character_set_client */;
/*!50503 SET character_set_client = utf8mb4 */;
CREATE TABLE `api_userlog` (
  `id` bigint NOT NULL AUTO_INCREMENT,
  `action` varchar(20) COLLATE utf8mb4_unicode_ci NOT NULL,
  `timestamp` datetime(6) NOT NULL,
  `details` json NOT NULL,
  `user_id` bigint DEFAULT NULL,
  PRIMARY KEY (`id`),
  KEY `api_userlog_user_id_6858d1fd_fk_api_user_id` (`user_id`),
  CONSTRAINT `api_userlog_user_id_6858d1fd_fk_api_user_id` FOREIGN KEY (`user_id`) REFERENCES `api_user` (`id`)
) ENGINE=InnoDB AUTO_INCREMENT=1668 DEFAULT CHARSET=utf8mb4 COLLATE=utf8mb4_unicode_ci;
/*!40101 SET character_set_client = @saved_cs_client */;

--
-- Dumping data for table `api_userlog`
--

LOCK TABLES `api_userlog` WRITE;
/*!40000 ALTER TABLE `api_userlog` DISABLE KEYS */;
INSERT INTO `api_userlog` VALUES (1,'VIEW','2025-06-29 02:36:21.873275','{\"query\": \"1\", \"message\": \"Searched a user:\"}',1),(2,'CREATE','2025-06-29 02:36:35.104261','{\"code\": \"6CKWF\", \"message\": \"Created a new patient\", \"patient_id\": 1, \"case_number\": \"CN-20250629-001\", \"patient_name\": \"Filmor Sarmiento\", \"hospital_case_number\": \"6CKWF\"}',1),(3,'VIEW','2025-06-29 02:40:25.747915','{\"query\": \"1\", \"message\": \"Searched a user:\"}',1),(4,'VIEW','2025-06-29 02:41:26.686019','{\"message\": \"Updated patient details RENZ\", \"patient_id\": 1, \"patient_name\": \"Filmor Sarmiento\", \"updated_fields\": []}',1),(5,'VIEW','2025-06-29 02:41:26.727593','{\"message\": \"Updated patient details RENZ\", \"patient_id\": 1, \"patient_name\": \"Filmor Sarmiento\", \"updated_fields\": []}',1),(6,'VIEW','2025-06-29 02:42:23.548441','{\"query\": \"1\", \"message\": \"Searched a user:\"}',1),(7,'VIEW','2025-06-29 02:42:40.311050','{\"message\": \"Updated patient details RENZ\", \"patient_id\": 3, \"patient_name\": \"James Sarmiento\", \"updated_fields\": []}',1),(8,'VIEW','2025-06-29 02:42:40.368247','{\"message\": \"Updated patient details RENZ\", \"patient_id\": 3, \"patient_name\": \"James Sarmiento\", \"updated_fields\": []}',1),(9,'VIEW','2025-06-29 02:42:43.538098','{\"message\": \"1Viewed patient details\", \"patient_id\": 3, \"patient_name\": \"James Sarmiento\"}',1),(10,'VIEW','2025-06-29 02:42:43.576217','{\"message\": \"1Viewed patient details\", \"patient_id\": 3, \"patient_name\": \"James Sarmiento\"}',1),(11,'VIEW','2025-06-29 02:42:43.598035','{\"message\": \"Viewed a patient image:\", \"patient_id\": 3, \"patient_name\": \"James Sarmiento\"}',1),(12,'VIEW','2025-06-29 02:42:43.631192','{\"message\": \"Viewed a patient image:\", \"patient_id\": 3, \"patient_name\": \"James Sarmiento\"}',1),(13,'VIEW','2025-06-29 02:43:04.449178','{\"message\": \"Updated patient details RENZ\", \"patient_id\": 3, \"patient_name\": \"James Sarmiento\", \"updated_fields\": []}',1),(14,'VIEW','2025-06-29 02:43:04.520324','{\"message\": \"Updated patient details RENZ\", \"patient_id\": 3, \"patient_name\": \"James Sarmiento\", \"updated_fields\": []}',1),(15,'VIEW','2025-06-29 02:43:09.507727','{\"message\": \"Viewed a clinical note:\"}',1),(16,'VIEW','2025-06-29 02:43:09.563709','{\"message\": \"Viewed a clinical note:\"}',1),(17,'VIEW','2025-06-29 02:43:09.576862','{\"message\": \"Viewed a patient history:\", \"patient_id\": 3, \"patient_name\": \"James Sarmiento\"}',1),(18,'VIEW','2025-06-29 02:43:09.626535','{\"message\": \"Viewed a patient history:\", \"patient_id\": 3, \"patient_name\": \"James Sarmiento\"}',1),(19,'VIEW','2025-06-29 02:43:11.937534','{\"message\": \"Viewed a patient image:\", \"patient_id\": 3, \"patient_name\": \"James Sarmiento\"}',1),(20,'VIEW','2025-06-29 02:43:11.968540','{\"message\": \"Viewed a patient image:\", \"patient_id\": 3, \"patient_name\": \"James Sarmiento\"}',1),(21,'VIEW','2025-06-29 02:43:51.695960','{\"query\": \"j\", \"message\": \"Searched a billing:\"}',1),(22,'VIEW','2025-06-29 02:43:51.724207','{\"query\": \"j\", \"message\": \"Searched a billing:\"}',1),(23,'VIEW','2025-06-29 02:43:51.776268','{\"query\": \"j\", \"message\": \"Searched a billing:\"}',1),(24,'VIEW','2025-06-29 02:43:51.811286','{\"query\": \"j\", \"message\": \"Searched a billing:\"}',1),(25,'VIEW','2025-06-29 02:43:53.138120','{\"query\": \"j\", \"message\": \"Searched a billing:\"}',1),(26,'VIEW','2025-06-29 02:43:53.168118','{\"query\": \"j\", \"message\": \"Searched a billing:\"}',1),(27,'VIEW','2025-06-29 02:43:55.373666','{\"query\": \"ja\", \"message\": \"Searched a patient:\"}',1),(28,'CREATE','2025-06-29 02:43:56.565907','{\"message\": \"Created a new billing: 1\"}',1),(29,'VIEW','2025-06-29 02:43:56.680047','{\"query\": \"j\", \"message\": \"Searched a billing:\"}',1),(30,'VIEW','2025-06-29 02:43:56.737516','{\"query\": \"j\", \"message\": \"Searched a billing:\"}',1),(31,'VIEW','2025-06-29 02:43:57.928348','{\"message\": \"Viewed bills:\"}',1),(32,'VIEW','2025-06-29 02:43:58.032415','{\"query\": \"j\", \"message\": \"Searched a billing:\"}',1),(33,'VIEW','2025-06-29 02:43:58.087738','{\"query\": \"j\", \"message\": \"Searched a billing:\"}',1),(34,'VIEW','2025-06-29 02:43:58.944593','{\"message\": \"Viewed bills:\"}',1),(35,'VIEW','2025-06-29 02:43:59.005015','{\"message\": \"Viewed bills:\"}',1),(36,'VIEW','2025-06-29 02:44:09.484559','{\"query\": \"j\", \"message\": \"Searched a patient:\"}',1),(37,'VIEW','2025-06-29 02:44:09.521668','{\"query\": \"j\", \"message\": \"Searched a patient:\"}',1),(38,'VIEW','2025-06-29 02:44:11.891660','{\"query\": \"TJ7GG\", \"message\": \"Searched a patient:\"}',1),(39,'VIEW','2025-06-29 02:44:11.942509','{\"query\": \"TJ7GG\", \"message\": \"Searched a patient:\"}',1),(40,'VIEW','2025-06-29 02:45:58.988826','{\"message\": \"1Viewed patient details\", \"patient_id\": 3, \"patient_name\": \"James Sarmiento\"}',1),(41,'VIEW','2025-06-29 02:45:59.095155','{\"message\": \"1Viewed patient details\", \"patient_id\": 3, \"patient_name\": \"James Sarmiento\"}',1),(42,'VIEW','2025-06-29 02:45:59.110782','{\"message\": \"Viewed a patient image:\", \"patient_id\": 3, \"patient_name\": \"James Sarmiento\"}',1),(43,'VIEW','2025-06-29 02:45:59.169689','{\"message\": \"Viewed a patient image:\", \"patient_id\": 3, \"patient_name\": \"James Sarmiento\"}',1),(44,'VIEW','2025-06-29 02:46:05.971197','{\"message\": \"1Viewed patient details\", \"patient_id\": 3, \"patient_name\": \"James Sarmiento\"}',1),(45,'VIEW','2025-06-29 02:46:06.109114','{\"message\": \"Viewed a patient image:\", \"patient_id\": 3, \"patient_name\": \"James Sarmiento\"}',1),(46,'VIEW','2025-06-29 02:46:06.165912','{\"message\": \"1Viewed patient details\", \"patient_id\": 3, \"patient_name\": \"James Sarmiento\"}',1),(47,'VIEW','2025-06-29 02:46:06.286558','{\"message\": \"Viewed a patient image:\", \"patient_id\": 3, \"patient_name\": \"James Sarmiento\"}',1),(48,'VIEW','2025-06-29 02:48:03.725242','{\"query\": \"a\", \"message\": \"Searched a patient:\"}',1),(49,'VIEW','2025-06-29 02:48:03.768330','{\"query\": \"a\", \"message\": \"Searched a patient:\"}',1),(50,'VIEW','2025-06-29 02:48:04.826219','{\"message\": \"1Viewed patient details\", \"patient_id\": 1, \"patient_name\": \"Filmor Sarmiento\"}',1),(51,'VIEW','2025-06-29 02:48:04.882192','{\"message\": \"1Viewed patient details\", \"patient_id\": 1, \"patient_name\": \"Filmor Sarmiento\"}',1),(52,'VIEW','2025-06-29 02:48:04.911185','{\"message\": \"Viewed a patient image:\", \"patient_id\": 1, \"patient_name\": \"Filmor Sarmiento\"}',1),(53,'VIEW','2025-06-29 02:48:04.950185','{\"message\": \"Viewed a patient image:\", \"patient_id\": 1, \"patient_name\": \"Filmor Sarmiento\"}',1),(54,'VIEW','2025-06-29 02:48:17.251245','{\"query\": \"ja\", \"message\": \"Searched a patient:\"}',1),(55,'VIEW','2025-06-29 02:48:17.301279','{\"query\": \"ja\", \"message\": \"Searched a patient:\"}',1),(56,'VIEW','2025-06-29 02:48:18.525260','{\"message\": \"1Viewed patient details\", \"patient_id\": 3, \"patient_name\": \"James Sarmiento\"}',1),(57,'VIEW','2025-06-29 02:48:18.574264','{\"message\": \"1Viewed patient details\", \"patient_id\": 3, \"patient_name\": \"James Sarmiento\"}',1),(58,'VIEW','2025-06-29 02:48:18.594615','{\"message\": \"Viewed a patient image:\", \"patient_id\": 3, \"patient_name\": \"James Sarmiento\"}',1),(59,'VIEW','2025-06-29 02:48:18.658636','{\"message\": \"Viewed a patient image:\", \"patient_id\": 3, \"patient_name\": \"James Sarmiento\"}',1),(60,'VIEW','2025-06-29 02:57:57.170794','{\"message\": \"1Viewed patient details\", \"patient_id\": 3, \"patient_name\": \"James Sarmiento\"}',1),(61,'VIEW','2025-06-29 02:57:57.239727','{\"message\": \"1Viewed patient details\", \"patient_id\": 3, \"patient_name\": \"James Sarmiento\"}',1),(62,'VIEW','2025-06-29 02:57:57.257739','{\"message\": \"Viewed a patient image:\", \"patient_id\": 3, \"patient_name\": \"James Sarmiento\"}',1),(63,'VIEW','2025-06-29 02:57:57.299746','{\"message\": \"Viewed a patient image:\", \"patient_id\": 3, \"patient_name\": \"James Sarmiento\"}',1),(64,'VIEW','2025-06-29 02:58:21.458210','{\"message\": \"Updated patient details RENZ\", \"patient_id\": 3, \"patient_name\": \"James Sarmiento\", \"updated_fields\": []}',1),(65,'VIEW','2025-06-29 02:58:21.522676','{\"message\": \"Updated patient details RENZ\", \"patient_id\": 3, \"patient_name\": \"James Sarmiento\", \"updated_fields\": []}',1),(66,'VIEW','2025-06-29 02:58:23.803290','{\"message\": \"1Viewed patient details\", \"patient_id\": 3, \"patient_name\": \"James Sarmiento\"}',1),(67,'VIEW','2025-06-29 02:58:23.857610','{\"message\": \"1Viewed patient details\", \"patient_id\": 3, \"patient_name\": \"James Sarmiento\"}',1),(68,'VIEW','2025-06-29 02:58:23.859607','{\"message\": \"Viewed a patient image:\", \"patient_id\": 3, \"patient_name\": \"James Sarmiento\"}',1),(69,'VIEW','2025-06-29 02:58:23.901520','{\"message\": \"Viewed a patient image:\", \"patient_id\": 3, \"patient_name\": \"James Sarmiento\"}',1),(70,'VIEW','2025-06-29 02:58:30.980307','{\"message\": \"Updated patient details RENZ\", \"patient_id\": 3, \"patient_name\": \"James Sarmiento\", \"updated_fields\": []}',1),(71,'VIEW','2025-06-29 02:58:31.042999','{\"message\": \"Updated patient details RENZ\", \"patient_id\": 3, \"patient_name\": \"James Sarmiento\", \"updated_fields\": []}',1),(72,'VIEW','2025-06-29 02:59:56.601728','{\"query\": \"s\", \"message\": \"Searched a patient:\"}',1),(73,'VIEW','2025-06-29 02:59:56.646744','{\"query\": \"s\", \"message\": \"Searched a patient:\"}',1),(74,'VIEW','2025-06-29 02:59:57.963813','{\"message\": \"1Viewed patient details\", \"patient_id\": 1, \"patient_name\": \"Filmor Sarmiento\"}',1),(75,'VIEW','2025-06-29 02:59:57.996907','{\"message\": \"1Viewed patient details\", \"patient_id\": 1, \"patient_name\": \"Filmor Sarmiento\"}',1),(76,'VIEW','2025-06-29 02:59:58.013906','{\"message\": \"Viewed a patient image:\", \"patient_id\": 1, \"patient_name\": \"Filmor Sarmiento\"}',1),(77,'VIEW','2025-06-29 02:59:58.045907','{\"message\": \"Viewed a patient image:\", \"patient_id\": 1, \"patient_name\": \"Filmor Sarmiento\"}',1),(78,'VIEW','2025-06-29 03:00:08.589316','{\"query\": \"james\", \"message\": \"Searched a patient:\"}',1),(79,'VIEW','2025-06-29 03:00:08.621312','{\"query\": \"james\", \"message\": \"Searched a patient:\"}',1),(80,'VIEW','2025-06-29 03:00:09.724734','{\"message\": \"1Viewed patient details\", \"patient_id\": 3, \"patient_name\": \"James Sarmiento\"}',1),(81,'VIEW','2025-06-29 03:00:09.757882','{\"message\": \"1Viewed patient details\", \"patient_id\": 3, \"patient_name\": \"James Sarmiento\"}',1),(82,'VIEW','2025-06-29 03:00:09.767880','{\"message\": \"Viewed a patient image:\", \"patient_id\": 3, \"patient_name\": \"James Sarmiento\"}',1),(83,'VIEW','2025-06-29 03:00:09.801894','{\"message\": \"Viewed a patient image:\", \"patient_id\": 3, \"patient_name\": \"James Sarmiento\"}',1),(84,'VIEW','2025-06-29 03:00:20.555016','{\"query\": \"james\", \"message\": \"Searched a patient:\"}',1),(85,'VIEW','2025-06-29 03:00:20.613163','{\"query\": \"james\", \"message\": \"Searched a patient:\"}',1),(86,'VIEW','2025-06-29 03:00:21.614915','{\"message\": \"1Viewed patient details\", \"patient_id\": 3, \"patient_name\": \"James Sarmiento\"}',1),(87,'VIEW','2025-06-29 03:00:21.647914','{\"message\": \"1Viewed patient details\", \"patient_id\": 3, \"patient_name\": \"James Sarmiento\"}',1),(88,'VIEW','2025-06-29 03:00:21.659914','{\"message\": \"Viewed a patient image:\", \"patient_id\": 3, \"patient_name\": \"James Sarmiento\"}',1),(89,'VIEW','2025-06-29 03:00:21.685912','{\"message\": \"Viewed a patient image:\", \"patient_id\": 3, \"patient_name\": \"James Sarmiento\"}',1),(90,'VIEW','2025-06-29 03:01:30.527359','{\"query\": \"z\", \"message\": \"Searched a patient:\"}',1),(91,'VIEW','2025-06-29 03:01:32.309384','{\"query\": \"james\", \"message\": \"Searched a patient:\"}',1),(92,'VIEW','2025-06-29 03:01:32.710960','{\"message\": \"Updated patient details RENZ\", \"patient_id\": 3, \"patient_name\": \"James Sarmiento\", \"updated_fields\": []}',1),(93,'VIEW','2025-06-29 03:01:32.763965','{\"message\": \"Updated patient details RENZ\", \"patient_id\": 3, \"patient_name\": \"James Sarmiento\", \"updated_fields\": []}',1),(94,'VIEW','2025-06-29 03:01:38.705240','{\"query\": \"james\", \"message\": \"Searched a patient:\"}',1),(95,'VIEW','2025-06-29 03:01:38.744242','{\"query\": \"james\", \"message\": \"Searched a patient:\"}',1),(96,'VIEW','2025-06-29 03:01:39.950329','{\"message\": \"1Viewed patient details\", \"patient_id\": 3, \"patient_name\": \"James Sarmiento\"}',1),(97,'VIEW','2025-06-29 03:01:39.983344','{\"message\": \"1Viewed patient details\", \"patient_id\": 3, \"patient_name\": \"James Sarmiento\"}',1),(98,'VIEW','2025-06-29 03:01:39.995321','{\"message\": \"Viewed a patient image:\", \"patient_id\": 3, \"patient_name\": \"James Sarmiento\"}',1),(99,'VIEW','2025-06-29 03:01:40.021323','{\"message\": \"Viewed a patient image:\", \"patient_id\": 3, \"patient_name\": \"James Sarmiento\"}',1),(100,'VIEW','2025-06-29 03:01:57.297715','{\"query\": \"s\", \"message\": \"Searched a user:\"}',1),(101,'VIEW','2025-06-29 03:01:59.476585','{\"query\": \"1\", \"message\": \"Searched a user:\"}',1),(102,'UPDATE','2025-06-29 03:02:00.945188','{\"message\": \"Updated patient details\", \"patient_id\": 3, \"patient_name\": \"James Sarmiento\", \"updated_fields\": [\"has_philhealth\", \"hospital_case_number\", \"has_hmo\", \"hmo\", \"name\", \"status\", \"type_of_admission\", \"admission_date\", \"current_condition\", \"date_of_birth\", \"birth_place\", \"gender\", \"age\", \"address\", \"occupation\", \"civil_status\", \"nationality\", \"religion\", \"ward_service\", \"bed_number\", \"attending_physician\", \"visit_type\", \"consultation_datetime\", \"referred_by\", \"next_consultation_date\", \"discharge_date\", \"total_days\", \"phone\", \"emergency_contact_name\", \"emergency_contact_phone\", \"height\", \"weight\", \"blood_pressure\", \"pulse_rate\", \"respiratory_rate\", \"temperature\", \"physical_examination\", \"main_complaint\", \"present_illness\", \"clinical_findings\", \"icd_code\", \"diagnosis\", \"treatment\", \"principal_diagnosis\", \"other_diagnosis\", \"principal_operation\", \"other_operation\", \"disposition\", \"result\", \"membership\", \"father_name\", \"father_address\", \"father_contact\", \"mother_name\", \"mother_address\", \"mother_contact\", \"spouse_name\", \"spouse_address\", \"spouse_contact\"]}',1),(103,'VIEW','2025-06-29 03:02:05.738149','{\"message\": \"Updated patient details RENZ\", \"patient_id\": 3, \"patient_name\": \"James Sarmiento\", \"updated_fields\": []}',1),(104,'VIEW','2025-06-29 03:02:05.790150','{\"message\": \"Updated patient details RENZ\", \"patient_id\": 3, \"patient_name\": \"James Sarmiento\", \"updated_fields\": []}',1),(105,'VIEW','2025-06-29 03:04:36.029380','{\"message\": \"Updated patient details RENZ\", \"patient_id\": 3, \"patient_name\": \"James Sarmiento\", \"updated_fields\": []}',1),(106,'VIEW','2025-06-29 03:04:36.172561','{\"message\": \"Updated patient details RENZ\", \"patient_id\": 3, \"patient_name\": \"James Sarmiento\", \"updated_fields\": []}',1),(107,'VIEW','2025-06-29 03:05:16.816062','{\"message\": \"Updated patient details RENZ\", \"patient_id\": 3, \"patient_name\": \"James Sarmiento\", \"updated_fields\": []}',1),(108,'VIEW','2025-06-29 03:05:16.924387','{\"message\": \"Updated patient details RENZ\", \"patient_id\": 3, \"patient_name\": \"James Sarmiento\", \"updated_fields\": []}',1),(109,'VIEW','2025-06-29 03:18:15.399387','{\"query\": \"james\", \"message\": \"Searched a patient:\"}',1),(110,'VIEW','2025-06-29 03:18:15.473312','{\"query\": \"james\", \"message\": \"Searched a patient:\"}',1),(111,'VIEW','2025-06-29 03:18:16.602854','{\"message\": \"1Viewed patient details\", \"patient_id\": 3, \"patient_name\": \"James Sarmiento\"}',1),(112,'VIEW','2025-06-29 03:18:16.649187','{\"message\": \"1Viewed patient details\", \"patient_id\": 3, \"patient_name\": \"James Sarmiento\"}',1),(113,'VIEW','2025-06-29 03:18:16.671190','{\"message\": \"Viewed a patient image:\", \"patient_id\": 3, \"patient_name\": \"James Sarmiento\"}',1),(114,'VIEW','2025-06-29 03:18:16.708185','{\"message\": \"Viewed a patient image:\", \"patient_id\": 3, \"patient_name\": \"James Sarmiento\"}',1),(115,'VIEW','2025-06-29 03:18:34.145107','{\"query\": \"1\", \"message\": \"Searched a user:\"}',1),(116,'VIEW','2025-06-29 03:18:40.763565','{\"message\": \"Updated patient details RENZ\", \"patient_id\": 3, \"patient_name\": \"James Sarmiento\", \"updated_fields\": []}',1),(117,'VIEW','2025-06-29 03:18:40.831570','{\"message\": \"Updated patient details RENZ\", \"patient_id\": 3, \"patient_name\": \"James Sarmiento\", \"updated_fields\": []}',1),(118,'VIEW','2025-06-29 03:18:44.895641','{\"message\": \"Viewed a clinical note:\"}',1),(119,'VIEW','2025-06-29 03:18:44.932731','{\"message\": \"Viewed a clinical note:\"}',1),(120,'VIEW','2025-06-29 03:18:44.945904','{\"message\": \"Viewed a patient history:\", \"patient_id\": 3, \"patient_name\": \"James Sarmiento\"}',1),(121,'VIEW','2025-06-29 03:18:44.992908','{\"message\": \"Viewed a patient history:\", \"patient_id\": 3, \"patient_name\": \"James Sarmiento\"}',1),(122,'CREATE','2025-06-29 03:18:51.775451','{\"message\": \"Created a clinical note:\", \"patient_id\": 3, \"patient_name\": \"James Sarmiento\"}',1),(123,'VIEW','2025-06-29 03:18:53.041748','{\"message\": \"Updated patient details RENZ\", \"patient_id\": 3, \"patient_name\": \"James Sarmiento\", \"updated_fields\": []}',1),(124,'VIEW','2025-06-29 03:18:53.101714','{\"message\": \"Updated patient details RENZ\", \"patient_id\": 3, \"patient_name\": \"James Sarmiento\", \"updated_fields\": []}',1),(125,'VIEW','2025-06-29 03:18:54.138057','{\"message\": \"Viewed a clinical note:\"}',1),(126,'VIEW','2025-06-29 03:18:54.173638','{\"message\": \"Viewed a clinical note:\"}',1),(127,'VIEW','2025-06-29 03:18:54.186636','{\"message\": \"Viewed a patient history:\", \"patient_id\": 3, \"patient_name\": \"James Sarmiento\"}',1),(128,'VIEW','2025-06-29 03:18:54.228644','{\"message\": \"Viewed a patient history:\", \"patient_id\": 3, \"patient_name\": \"James Sarmiento\"}',1),(129,'CREATE','2025-06-29 03:19:01.544079','{\"message\": \"Created a clinical note:\", \"patient_id\": 3, \"patient_name\": \"James Sarmiento\"}',1),(130,'VIEW','2025-06-29 03:19:03.191466','{\"message\": \"Updated patient details RENZ\", \"patient_id\": 3, \"patient_name\": \"James Sarmiento\", \"updated_fields\": []}',1),(131,'VIEW','2025-06-29 03:19:03.254967','{\"message\": \"Updated patient details RENZ\", \"patient_id\": 3, \"patient_name\": \"James Sarmiento\", \"updated_fields\": []}',1),(132,'VIEW','2025-06-29 03:19:04.223011','{\"message\": \"Viewed a clinical note:\"}',1),(133,'VIEW','2025-06-29 03:19:04.253799','{\"message\": \"Viewed a clinical note:\"}',1),(134,'VIEW','2025-06-29 03:19:04.267794','{\"message\": \"Viewed a patient history:\", \"patient_id\": 3, \"patient_name\": \"James Sarmiento\"}',1),(135,'VIEW','2025-06-29 03:19:04.309790','{\"message\": \"Viewed a patient history:\", \"patient_id\": 3, \"patient_name\": \"James Sarmiento\"}',1),(136,'VIEW','2025-06-29 03:19:05.258048','{\"message\": \"Updated patient details RENZ\", \"patient_id\": 3, \"patient_name\": \"James Sarmiento\", \"updated_fields\": []}',1),(137,'VIEW','2025-06-29 03:19:05.321146','{\"message\": \"Updated patient details RENZ\", \"patient_id\": 3, \"patient_name\": \"James Sarmiento\", \"updated_fields\": []}',1),(138,'VIEW','2025-06-29 03:19:09.436167','{\"message\": \"Updated patient details RENZ\", \"patient_id\": 3, \"patient_name\": \"James Sarmiento\", \"updated_fields\": []}',1),(139,'VIEW','2025-06-29 03:19:09.495167','{\"message\": \"Updated patient details RENZ\", \"patient_id\": 3, \"patient_name\": \"James Sarmiento\", \"updated_fields\": []}',1),(140,'VIEW','2025-06-29 03:19:15.982622','{\"message\": \"Updated patient details RENZ\", \"patient_id\": 3, \"patient_name\": \"James Sarmiento\", \"updated_fields\": []}',1),(141,'VIEW','2025-06-29 03:19:16.052523','{\"message\": \"Updated patient details RENZ\", \"patient_id\": 3, \"patient_name\": \"James Sarmiento\", \"updated_fields\": []}',1),(142,'VIEW','2025-06-29 03:19:20.871687','{\"message\": \"Viewed a clinical note:\"}',1),(143,'VIEW','2025-06-29 03:19:20.916411','{\"message\": \"Viewed a clinical note:\"}',1),(144,'VIEW','2025-06-29 03:19:20.926412','{\"message\": \"Viewed a patient history:\", \"patient_id\": 3, \"patient_name\": \"James Sarmiento\"}',1),(145,'VIEW','2025-06-29 03:19:20.962411','{\"message\": \"Viewed a patient history:\", \"patient_id\": 3, \"patient_name\": \"James Sarmiento\"}',1),(146,'VIEW','2025-06-29 03:19:22.689729','{\"message\": \"Viewed a patient image:\", \"patient_id\": 3, \"patient_name\": \"James Sarmiento\"}',1),(147,'VIEW','2025-06-29 03:19:22.717067','{\"message\": \"Viewed a patient image:\", \"patient_id\": 3, \"patient_name\": \"James Sarmiento\"}',1),(148,'VIEW','2025-06-29 03:25:09.047998','{\"message\": \"Viewed a clinical note:\"}',1),(149,'VIEW','2025-06-29 03:25:09.131114','{\"message\": \"Viewed a clinical note:\"}',1),(150,'VIEW','2025-06-29 03:25:09.170249','{\"message\": \"Viewed a patient history:\", \"patient_id\": 3, \"patient_name\": \"James Sarmiento\"}',1),(151,'VIEW','2025-06-29 03:25:09.223161','{\"message\": \"Viewed a patient history:\", \"patient_id\": 3, \"patient_name\": \"James Sarmiento\"}',1),(152,'VIEW','2025-06-29 03:26:17.594118','{\"message\": \"Viewed a patient image:\", \"patient_id\": 3, \"patient_name\": \"James Sarmiento\"}',1),(153,'VIEW','2025-06-29 03:26:17.634576','{\"message\": \"Viewed a patient image:\", \"patient_id\": 3, \"patient_name\": \"James Sarmiento\"}',1),(154,'VIEW','2025-06-29 03:26:18.709985','{\"message\": \"1Viewed patient details\", \"patient_id\": 3, \"patient_name\": \"James Sarmiento\"}',1),(155,'VIEW','2025-06-29 03:26:18.756811','{\"message\": \"1Viewed patient details\", \"patient_id\": 3, \"patient_name\": \"James Sarmiento\"}',1),(156,'VIEW','2025-06-29 03:26:18.759169','{\"message\": \"Viewed a patient image:\", \"patient_id\": 3, \"patient_name\": \"James Sarmiento\"}',1),(157,'VIEW','2025-06-29 03:26:18.802574','{\"message\": \"Viewed a patient image:\", \"patient_id\": 3, \"patient_name\": \"James Sarmiento\"}',1),(158,'UPDATE','2025-06-29 03:26:29.416213','{\"message\": \"Updated patient details\", \"patient_id\": 3, \"patient_name\": \"James Sarmiento 004\", \"updated_fields\": [\"has_philhealth\", \"hospital_case_number\", \"has_hmo\", \"hmo\", \"name\", \"status\", \"type_of_admission\", \"admission_date\", \"current_condition\", \"date_of_birth\", \"birth_place\", \"gender\", \"age\", \"address\", \"occupation\", \"civil_status\", \"nationality\", \"religion\", \"ward_service\", \"bed_number\", \"attending_physician\", \"visit_type\", \"consultation_datetime\", \"referred_by\", \"next_consultation_date\", \"discharge_date\", \"total_days\", \"phone\", \"emergency_contact_name\", \"emergency_contact_phone\", \"height\", \"weight\", \"blood_pressure\", \"pulse_rate\", \"respiratory_rate\", \"temperature\", \"physical_examination\", \"main_complaint\", \"present_illness\", \"clinical_findings\", \"icd_code\", \"diagnosis\", \"treatment\", \"principal_diagnosis\", \"other_diagnosis\", \"principal_operation\", \"other_operation\", \"disposition\", \"result\", \"membership\", \"father_name\", \"father_address\", \"father_contact\", \"mother_name\", \"mother_address\", \"mother_contact\", \"spouse_name\", \"spouse_address\", \"spouse_contact\"]}',1),(159,'VIEW','2025-06-29 03:26:33.876404','{\"message\": \"Updated patient details RENZ\", \"patient_id\": 3, \"patient_name\": \"James Sarmiento 004\", \"updated_fields\": []}',1),(160,'VIEW','2025-06-29 03:26:33.947471','{\"message\": \"Updated patient details RENZ\", \"patient_id\": 3, \"patient_name\": \"James Sarmiento 004\", \"updated_fields\": []}',1),(161,'VIEW','2025-06-29 03:26:37.325970','{\"message\": \"Viewed a clinical note:\"}',1),(162,'VIEW','2025-06-29 03:26:37.360112','{\"message\": \"Viewed a clinical note:\"}',1),(163,'VIEW','2025-06-29 03:26:37.388302','{\"message\": \"Viewed a patient history:\", \"patient_id\": 3, \"patient_name\": \"James Sarmiento 004\"}',1),(164,'VIEW','2025-06-29 03:26:37.442177','{\"message\": \"Viewed a patient history:\", \"patient_id\": 3, \"patient_name\": \"James Sarmiento 004\"}',1),(165,'VIEW','2025-06-29 03:26:39.584402','{\"message\": \"Updated patient details RENZ\", \"patient_id\": 3, \"patient_name\": \"James Sarmiento 004\", \"updated_fields\": []}',1),(166,'VIEW','2025-06-29 03:26:39.658353','{\"message\": \"Updated patient details RENZ\", \"patient_id\": 3, \"patient_name\": \"James Sarmiento 004\", \"updated_fields\": []}',1),(167,'VIEW','2025-06-29 03:26:44.946707','{\"query\": \"james\", \"message\": \"Searched a patient:\"}',1),(168,'VIEW','2025-06-29 03:26:44.981387','{\"query\": \"james\", \"message\": \"Searched a patient:\"}',1),(169,'VIEW','2025-06-29 03:26:46.752464','{\"query\": \"TJ7GG\", \"message\": \"Searched a patient:\"}',1),(170,'VIEW','2025-06-29 03:26:46.800006','{\"query\": \"TJ7GG\", \"message\": \"Searched a patient:\"}',1),(171,'VIEW','2025-06-29 03:26:48.148576','{\"message\": \"1Viewed patient details\", \"patient_id\": 3, \"patient_name\": \"James Sarmiento 004\"}',1),(172,'VIEW','2025-06-29 03:26:48.173575','{\"message\": \"1Viewed patient details\", \"patient_id\": 3, \"patient_name\": \"James Sarmiento 004\"}',1),(173,'VIEW','2025-06-29 03:26:48.184579','{\"message\": \"Viewed a patient image:\", \"patient_id\": 3, \"patient_name\": \"James Sarmiento 004\"}',1),(174,'VIEW','2025-06-29 03:26:48.210580','{\"message\": \"Viewed a patient image:\", \"patient_id\": 3, \"patient_name\": \"James Sarmiento 004\"}',1),(175,'VIEW','2025-06-29 03:27:05.227953','{\"message\": \"Updated patient details RENZ\", \"patient_id\": 3, \"patient_name\": \"James Sarmiento 005\", \"updated_fields\": []}',1),(176,'VIEW','2025-06-29 03:27:05.286935','{\"message\": \"Updated patient details RENZ\", \"patient_id\": 3, \"patient_name\": \"James Sarmiento 005\", \"updated_fields\": []}',1),(177,'VIEW','2025-06-29 03:27:07.160834','{\"message\": \"Viewed a clinical note:\"}',1),(178,'VIEW','2025-06-29 03:27:07.191676','{\"message\": \"Viewed a clinical note:\"}',1),(179,'VIEW','2025-06-29 03:27:07.203671','{\"message\": \"Viewed a patient history:\", \"patient_id\": 3, \"patient_name\": \"James Sarmiento 005\"}',1),(180,'VIEW','2025-06-29 03:27:07.238835','{\"message\": \"Viewed a patient history:\", \"patient_id\": 3, \"patient_name\": \"James Sarmiento 005\"}',1),(181,'VIEW','2025-06-29 03:27:08.563434','{\"message\": \"Updated patient details RENZ\", \"patient_id\": 3, \"patient_name\": \"James Sarmiento 005\", \"updated_fields\": []}',1),(182,'VIEW','2025-06-29 03:27:08.643637','{\"message\": \"Updated patient details RENZ\", \"patient_id\": 3, \"patient_name\": \"James Sarmiento 005\", \"updated_fields\": []}',1),(183,'VIEW','2025-06-29 03:27:39.659997','{\"query\": \"james\", \"message\": \"Searched a patient:\"}',1),(184,'VIEW','2025-06-29 03:27:39.697292','{\"query\": \"james\", \"message\": \"Searched a patient:\"}',1),(185,'VIEW','2025-06-29 03:27:40.797308','{\"message\": \"1Viewed patient details\", \"patient_id\": 3, \"patient_name\": \"James Sarmiento 005\"}',1),(186,'VIEW','2025-06-29 03:27:40.835303','{\"message\": \"1Viewed patient details\", \"patient_id\": 3, \"patient_name\": \"James Sarmiento 005\"}',1),(187,'VIEW','2025-06-29 03:27:40.846170','{\"message\": \"Viewed a patient image:\", \"patient_id\": 3, \"patient_name\": \"James Sarmiento 005\"}',1),(188,'VIEW','2025-06-29 03:27:40.875225','{\"message\": \"Viewed a patient image:\", \"patient_id\": 3, \"patient_name\": \"James Sarmiento 005\"}',1),(189,'VIEW','2025-06-29 03:30:37.739916','{\"query\": \"ja\", \"message\": \"Searched a patient:\"}',1),(190,'VIEW','2025-06-29 03:30:37.781156','{\"query\": \"ja\", \"message\": \"Searched a patient:\"}',1),(191,'VIEW','2025-06-29 03:30:38.783764','{\"message\": \"1Viewed patient details\", \"patient_id\": 3, \"patient_name\": \"James Sarmiento 005\"}',1),(192,'VIEW','2025-06-29 03:30:38.815761','{\"message\": \"1Viewed patient details\", \"patient_id\": 3, \"patient_name\": \"James Sarmiento 005\"}',1),(193,'VIEW','2025-06-29 03:30:38.835761','{\"message\": \"Viewed a patient image:\", \"patient_id\": 3, \"patient_name\": \"James Sarmiento 005\"}',1),(194,'VIEW','2025-06-29 03:30:38.860091','{\"message\": \"Viewed a patient image:\", \"patient_id\": 3, \"patient_name\": \"James Sarmiento 005\"}',1),(195,'VIEW','2025-06-29 03:30:55.944634','{\"message\": \"1Viewed patient details\", \"patient_id\": 3, \"patient_name\": \"James Sarmiento 005\"}',1),(196,'VIEW','2025-06-29 03:30:56.045913','{\"message\": \"1Viewed patient details\", \"patient_id\": 3, \"patient_name\": \"James Sarmiento 005\"}',1),(197,'VIEW','2025-06-29 03:30:56.083211','{\"message\": \"Viewed a patient image:\", \"patient_id\": 3, \"patient_name\": \"James Sarmiento 005\"}',1),(198,'VIEW','2025-06-29 03:30:56.155024','{\"message\": \"Viewed a patient image:\", \"patient_id\": 3, \"patient_name\": \"James Sarmiento 005\"}',1),(199,'VIEW','2025-06-29 03:45:14.747954','{\"message\": \"Updated patient details RENZ\", \"patient_id\": 3, \"patient_name\": \"James Sarmiento 005\", \"updated_fields\": []}',1),(200,'VIEW','2025-06-29 03:45:14.838871','{\"message\": \"Updated patient details RENZ\", \"patient_id\": 3, \"patient_name\": \"James Sarmiento 005\", \"updated_fields\": []}',1),(201,'VIEW','2025-06-29 03:45:18.873674','{\"message\": \"Viewed a clinical note:\"}',1),(202,'VIEW','2025-06-29 03:45:18.920721','{\"message\": \"Viewed a clinical note:\"}',1),(203,'VIEW','2025-06-29 03:45:18.929708','{\"message\": \"Viewed a patient history:\", \"patient_id\": 3, \"patient_name\": \"James Sarmiento 005\"}',1),(204,'VIEW','2025-06-29 03:45:18.972988','{\"message\": \"Viewed a patient history:\", \"patient_id\": 3, \"patient_name\": \"James Sarmiento 005\"}',1),(205,'VIEW','2025-06-29 03:45:20.531328','{\"message\": \"Viewed a patient image:\", \"patient_id\": 3, \"patient_name\": \"James Sarmiento 005\"}',1),(206,'VIEW','2025-06-29 03:45:20.562745','{\"message\": \"Viewed a patient image:\", \"patient_id\": 3, \"patient_name\": \"James Sarmiento 005\"}',1),(207,'VIEW','2025-06-29 03:45:21.791106','{\"message\": \"1Viewed patient details\", \"patient_id\": 3, \"patient_name\": \"James Sarmiento 005\"}',1),(208,'VIEW','2025-06-29 03:45:21.844706','{\"message\": \"1Viewed patient details\", \"patient_id\": 3, \"patient_name\": \"James Sarmiento 005\"}',1),(209,'VIEW','2025-06-29 03:45:21.853706','{\"message\": \"Viewed a patient image:\", \"patient_id\": 3, \"patient_name\": \"James Sarmiento 005\"}',1),(210,'VIEW','2025-06-29 03:45:21.891306','{\"message\": \"Viewed a patient image:\", \"patient_id\": 3, \"patient_name\": \"James Sarmiento 005\"}',1),(211,'VIEW','2025-06-29 03:45:58.807006','{\"message\": \"Viewed a clinical note:\"}',1),(212,'VIEW','2025-06-29 03:45:58.850797','{\"message\": \"Viewed a clinical note:\"}',1),(213,'VIEW','2025-06-29 03:45:58.872225','{\"message\": \"Viewed a patient history:\", \"patient_id\": 3, \"patient_name\": \"James Sarmiento 005\"}',1),(214,'VIEW','2025-06-29 03:45:58.919000','{\"message\": \"Viewed a patient history:\", \"patient_id\": 3, \"patient_name\": \"James Sarmiento 005\"}',1),(215,'VIEW','2025-06-29 03:45:59.752558','{\"message\": \"Updated patient details RENZ\", \"patient_id\": 3, \"patient_name\": \"James Sarmiento 005\", \"updated_fields\": []}',1),(216,'VIEW','2025-06-29 03:45:59.852445','{\"message\": \"Updated patient details RENZ\", \"patient_id\": 3, \"patient_name\": \"James Sarmiento 005\", \"updated_fields\": []}',1),(217,'VIEW','2025-06-29 03:46:06.463982','{\"query\": \"james\", \"message\": \"Searched a patient:\"}',1),(218,'VIEW','2025-06-29 03:46:06.492007','{\"query\": \"james\", \"message\": \"Searched a patient:\"}',1),(219,'VIEW','2025-06-29 03:46:37.253321','{\"message\": \"Updated patient details RENZ\", \"patient_id\": 3, \"patient_name\": \"James Sarmiento 005\", \"updated_fields\": []}',1),(220,'VIEW','2025-06-29 03:46:37.318221','{\"message\": \"Updated patient details RENZ\", \"patient_id\": 3, \"patient_name\": \"James Sarmiento 005\", \"updated_fields\": []}',1),(221,'VIEW','2025-06-29 03:46:38.775877','{\"message\": \"Viewed a clinical note:\"}',1),(222,'VIEW','2025-06-29 03:46:38.814666','{\"message\": \"Viewed a clinical note:\"}',1),(223,'VIEW','2025-06-29 03:46:38.826670','{\"message\": \"Viewed a patient history:\", \"patient_id\": 3, \"patient_name\": \"James Sarmiento 005\"}',1),(224,'VIEW','2025-06-29 03:46:38.868670','{\"message\": \"Viewed a patient history:\", \"patient_id\": 3, \"patient_name\": \"James Sarmiento 005\"}',1),(225,'VIEW','2025-06-29 03:46:41.746413','{\"message\": \"Viewed a patient image:\", \"patient_id\": 3, \"patient_name\": \"James Sarmiento 005\"}',1),(226,'VIEW','2025-06-29 03:46:41.775425','{\"message\": \"Viewed a patient image:\", \"patient_id\": 3, \"patient_name\": \"James Sarmiento 005\"}',1),(227,'VIEW','2025-06-29 03:46:42.755087','{\"message\": \"1Viewed patient details\", \"patient_id\": 3, \"patient_name\": \"James Sarmiento 005\"}',1),(228,'VIEW','2025-06-29 03:46:42.814734','{\"message\": \"1Viewed patient details\", \"patient_id\": 3, \"patient_name\": \"James Sarmiento 005\"}',1),(229,'VIEW','2025-06-29 03:46:42.830731','{\"message\": \"Viewed a patient image:\", \"patient_id\": 3, \"patient_name\": \"James Sarmiento 005\"}',1),(230,'VIEW','2025-06-29 03:46:42.865962','{\"message\": \"Viewed a patient image:\", \"patient_id\": 3, \"patient_name\": \"James Sarmiento 005\"}',1),(231,'VIEW','2025-06-29 03:59:27.964497','{\"message\": \"Viewed a clinical note:\"}',1),(232,'VIEW','2025-06-29 03:59:28.073739','{\"message\": \"Viewed a clinical note:\"}',1),(233,'VIEW','2025-06-29 03:59:28.092046','{\"message\": \"Viewed a patient history:\", \"patient_id\": 3, \"patient_name\": \"James Sarmiento 005\"}',1),(234,'VIEW','2025-06-29 03:59:28.168728','{\"message\": \"Viewed a patient history:\", \"patient_id\": 3, \"patient_name\": \"James Sarmiento 005\"}',1),(235,'VIEW','2025-06-29 03:59:28.903671','{\"message\": \"Updated patient details RENZ\", \"patient_id\": 3, \"patient_name\": \"James Sarmiento 005\", \"updated_fields\": []}',1),(236,'VIEW','2025-06-29 03:59:28.996125','{\"message\": \"Updated patient details RENZ\", \"patient_id\": 3, \"patient_name\": \"James Sarmiento 005\", \"updated_fields\": []}',1),(237,'VIEW','2025-06-29 04:00:35.248503','{\"query\": \"ja\", \"message\": \"Searched a patient:\"}',1),(238,'VIEW','2025-06-29 04:00:35.293663','{\"query\": \"ja\", \"message\": \"Searched a patient:\"}',1),(239,'VIEW','2025-06-29 04:00:36.080426','{\"message\": \"1Viewed patient details\", \"patient_id\": 3, \"patient_name\": \"James Sarmiento 005\"}',1),(240,'VIEW','2025-06-29 04:00:36.115542','{\"message\": \"1Viewed patient details\", \"patient_id\": 3, \"patient_name\": \"James Sarmiento 005\"}',1),(241,'VIEW','2025-06-29 04:00:36.135738','{\"message\": \"Viewed a patient image:\", \"patient_id\": 3, \"patient_name\": \"James Sarmiento 005\"}',1),(242,'VIEW','2025-06-29 04:00:36.160736','{\"message\": \"Viewed a patient image:\", \"patient_id\": 3, \"patient_name\": \"James Sarmiento 005\"}',1),(243,'VIEW','2025-06-29 04:08:41.696170','{\"query\": \"1\", \"message\": \"Searched a user:\"}',1),(244,'VIEW','2025-06-29 04:09:04.390594','{\"message\": \"Updated patient details RENZ\", \"patient_id\": 4, \"patient_name\": \"Cong Velasquez\", \"updated_fields\": []}',1),(245,'VIEW','2025-06-29 04:09:04.437604','{\"message\": \"Updated patient details RENZ\", \"patient_id\": 4, \"patient_name\": \"Cong Velasquez\", \"updated_fields\": []}',1),(246,'VIEW','2025-06-29 04:09:06.956750','{\"message\": \"Viewed a clinical note:\"}',1),(247,'VIEW','2025-06-29 04:09:06.990150','{\"message\": \"Viewed a clinical note:\"}',1),(248,'VIEW','2025-06-29 04:09:07.015145','{\"message\": \"Viewed a patient history:\", \"patient_id\": 4, \"patient_name\": \"Cong Velasquez\"}',1),(249,'VIEW','2025-06-29 04:09:07.049151','{\"message\": \"Viewed a patient history:\", \"patient_id\": 4, \"patient_name\": \"Cong Velasquez\"}',1),(250,'VIEW','2025-06-29 04:09:08.671944','{\"message\": \"Viewed a patient image:\", \"patient_id\": 4, \"patient_name\": \"Cong Velasquez\"}',1),(251,'VIEW','2025-06-29 04:09:08.697928','{\"message\": \"Viewed a patient image:\", \"patient_id\": 4, \"patient_name\": \"Cong Velasquez\"}',1),(252,'VIEW','2025-06-29 04:09:13.174242','{\"message\": \"1Viewed patient details\", \"patient_id\": 4, \"patient_name\": \"Cong Velasquez\"}',1),(253,'VIEW','2025-06-29 04:09:13.204388','{\"message\": \"1Viewed patient details\", \"patient_id\": 4, \"patient_name\": \"Cong Velasquez\"}',1),(254,'VIEW','2025-06-29 04:09:13.217388','{\"message\": \"Viewed a patient image:\", \"patient_id\": 4, \"patient_name\": \"Cong Velasquez\"}',1),(255,'VIEW','2025-06-29 04:09:13.248601','{\"message\": \"Viewed a patient image:\", \"patient_id\": 4, \"patient_name\": \"Cong Velasquez\"}',1),(256,'UPDATE','2025-06-29 04:09:19.015208','{\"message\": \"Updated patient details\", \"patient_id\": 4, \"patient_name\": \"Cong Velasquez Jr\", \"updated_fields\": [\"has_philhealth\", \"has_hmo\", \"hmo\", \"name\", \"status\", \"type_of_admission\", \"admission_date\", \"current_condition\", \"date_of_birth\", \"birth_place\", \"gender\", \"age\", \"address\", \"occupation\", \"civil_status\", \"nationality\", \"religion\", \"ward_service\", \"bed_number\", \"attending_physician\", \"visit_type\", \"consultation_datetime\", \"referred_by\", \"next_consultation_date\", \"discharge_date\", \"total_days\", \"phone\", \"emergency_contact_name\", \"emergency_contact_phone\", \"height\", \"weight\", \"blood_pressure\", \"pulse_rate\", \"respiratory_rate\", \"temperature\", \"physical_examination\", \"main_complaint\", \"present_illness\", \"clinical_findings\", \"icd_code\", \"diagnosis\", \"treatment\", \"principal_diagnosis\", \"other_diagnosis\", \"principal_operation\", \"other_operation\", \"disposition\", \"result\", \"membership\", \"father_name\", \"father_address\", \"father_contact\", \"mother_name\", \"mother_address\", \"mother_contact\", \"spouse_name\", \"spouse_address\", \"spouse_contact\"]}',1),(257,'VIEW','2025-06-29 04:09:29.114187','{\"query\": \"Cong\", \"message\": \"Searched a patient:\"}',1),(258,'VIEW','2025-06-29 04:09:29.178459','{\"query\": \"Cong\", \"message\": \"Searched a patient:\"}',1),(259,'VIEW','2025-06-29 04:09:30.218544','{\"message\": \"1Viewed patient details\", \"patient_id\": 4, \"patient_name\": \"Cong Velasquez Jr\"}',1),(260,'VIEW','2025-06-29 04:09:30.242820','{\"message\": \"1Viewed patient details\", \"patient_id\": 4, \"patient_name\": \"Cong Velasquez Jr\"}',1),(261,'VIEW','2025-06-29 04:09:30.254819','{\"message\": \"Viewed a patient image:\", \"patient_id\": 4, \"patient_name\": \"Cong Velasquez Jr\"}',1),(262,'VIEW','2025-06-29 04:09:30.279618','{\"message\": \"Viewed a patient image:\", \"patient_id\": 4, \"patient_name\": \"Cong Velasquez Jr\"}',1),(263,'VIEW','2025-06-29 04:09:49.197272','{\"query\": \"1\", \"message\": \"Searched a user:\"}',1),(264,'VIEW','2025-06-29 04:10:37.975669','{\"message\": \"Updated patient details RENZ\", \"patient_id\": 4, \"patient_name\": \"Cong Velasquez Jr\", \"updated_fields\": []}',1),(265,'VIEW','2025-06-29 04:10:38.038039','{\"message\": \"Updated patient details RENZ\", \"patient_id\": 4, \"patient_name\": \"Cong Velasquez Jr\", \"updated_fields\": []}',1),(266,'VIEW','2025-06-29 04:10:45.645615','{\"message\": \"Viewed a clinical note:\"}',1),(267,'VIEW','2025-06-29 04:10:45.680351','{\"message\": \"Viewed a clinical note:\"}',1),(268,'VIEW','2025-06-29 04:10:45.692686','{\"message\": \"Viewed a patient history:\", \"patient_id\": 4, \"patient_name\": \"Cong Velasquez Jr\"}',1),(269,'VIEW','2025-06-29 04:10:45.728941','{\"message\": \"Viewed a patient history:\", \"patient_id\": 4, \"patient_name\": \"Cong Velasquez Jr\"}',1),(270,'VIEW','2025-06-29 04:10:47.907256','{\"message\": \"Viewed a patient image:\", \"patient_id\": 4, \"patient_name\": \"Cong Velasquez Jr\"}',1),(271,'VIEW','2025-06-29 04:10:47.931258','{\"message\": \"Viewed a patient image:\", \"patient_id\": 4, \"patient_name\": \"Cong Velasquez Jr\"}',1),(272,'VIEW','2025-06-29 04:11:03.273548','{\"message\": \"Updated patient details RENZ\", \"patient_id\": 4, \"patient_name\": \"Cong Velasquez Jr\", \"updated_fields\": []}',1),(273,'VIEW','2025-06-29 04:11:03.339063','{\"message\": \"Updated patient details RENZ\", \"patient_id\": 4, \"patient_name\": \"Cong Velasquez Jr\", \"updated_fields\": []}',1),(274,'VIEW','2025-06-29 04:32:39.770731','{\"query\": \"1\", \"message\": \"Searched a user:\"}',1),(275,'VIEW','2025-06-29 04:34:11.197637','{\"query\": \"1\", \"message\": \"Searched a user:\"}',1),(276,'VIEW','2025-06-29 04:34:13.069907','{\"query\": \"Clarence Cortina\", \"message\": \"Searched a user:\"}',1),(277,'VIEW','2025-06-29 04:34:30.389663','{\"message\": \"Updated patient details RENZ\", \"patient_id\": 5, \"patient_name\": \"Marwan D. Terrorist\", \"updated_fields\": []}',1),(278,'VIEW','2025-06-29 04:34:30.449105','{\"message\": \"Updated patient details RENZ\", \"patient_id\": 5, \"patient_name\": \"Marwan D. Terrorist\", \"updated_fields\": []}',1),(279,'VIEW','2025-06-29 04:34:36.049702','{\"message\": \"Viewed a clinical note:\"}',1),(280,'VIEW','2025-06-29 04:34:36.090192','{\"message\": \"Viewed a clinical note:\"}',1),(281,'VIEW','2025-06-29 04:34:36.105192','{\"message\": \"Viewed a patient history:\", \"patient_id\": 5, \"patient_name\": \"Marwan D. Terrorist\"}',1),(282,'VIEW','2025-06-29 04:34:36.150155','{\"message\": \"Viewed a patient history:\", \"patient_id\": 5, \"patient_name\": \"Marwan D. Terrorist\"}',1),(283,'CREATE','2025-06-29 04:34:44.650762','{\"message\": \"Created a clinical note:\", \"patient_id\": 5, \"patient_name\": \"Marwan D. Terrorist\"}',1),(284,'VIEW','2025-06-29 04:34:47.301022','{\"message\": \"Viewed a patient image:\", \"patient_id\": 5, \"patient_name\": \"Marwan D. Terrorist\"}',1),(285,'VIEW','2025-06-29 04:34:47.330062','{\"message\": \"Viewed a patient image:\", \"patient_id\": 5, \"patient_name\": \"Marwan D. Terrorist\"}',1),(286,'VIEW','2025-06-29 04:36:41.774293','{\"query\": \"marw\", \"message\": \"Searched a patient:\"}',1),(287,'VIEW','2025-06-29 04:36:42.580436','{\"message\": \"Updated patient details RENZ\", \"patient_id\": 5, \"patient_name\": \"Marwan D. Terrorist\", \"updated_fields\": []}',1),(288,'VIEW','2025-06-29 04:36:42.664771','{\"message\": \"Updated patient details RENZ\", \"patient_id\": 5, \"patient_name\": \"Marwan D. Terrorist\", \"updated_fields\": []}',1),(289,'VIEW','2025-06-29 04:36:52.425569','{\"message\": \"1Viewed patient details\", \"patient_id\": 5, \"patient_name\": \"Marwan D. Terrorist\"}',1),(290,'VIEW','2025-06-29 04:36:52.458072','{\"message\": \"1Viewed patient details\", \"patient_id\": 5, \"patient_name\": \"Marwan D. Terrorist\"}',1),(291,'VIEW','2025-06-29 04:36:52.479074','{\"message\": \"Viewed a patient image:\", \"patient_id\": 5, \"patient_name\": \"Marwan D. Terrorist\"}',1),(292,'VIEW','2025-06-29 04:36:52.505623','{\"message\": \"Viewed a patient image:\", \"patient_id\": 5, \"patient_name\": \"Marwan D. Terrorist\"}',1),(293,'VIEW','2025-06-29 04:37:02.572404','{\"message\": \"Updated patient details RENZ\", \"patient_id\": 5, \"patient_name\": \"Marwan D. Terrorist\", \"updated_fields\": []}',1),(294,'VIEW','2025-06-29 04:37:02.631898','{\"message\": \"Updated patient details RENZ\", \"patient_id\": 5, \"patient_name\": \"Marwan D. Terrorist\", \"updated_fields\": []}',1),(295,'VIEW','2025-06-29 04:37:07.498972','{\"query\": \"mar\", \"message\": \"Searched a patient:\"}',1),(296,'VIEW','2025-06-29 04:37:07.540187','{\"query\": \"mar\", \"message\": \"Searched a patient:\"}',1),(297,'VIEW','2025-06-29 04:37:08.436738','{\"message\": \"1Viewed patient details\", \"patient_id\": 5, \"patient_name\": \"Marwan D. Terrorist\"}',1),(298,'VIEW','2025-06-29 04:37:08.467888','{\"message\": \"1Viewed patient details\", \"patient_id\": 5, \"patient_name\": \"Marwan D. Terrorist\"}',1),(299,'VIEW','2025-06-29 04:37:08.479890','{\"message\": \"Viewed a patient image:\", \"patient_id\": 5, \"patient_name\": \"Marwan D. Terrorist\"}',1),(300,'VIEW','2025-06-29 04:37:08.508888','{\"message\": \"Viewed a patient image:\", \"patient_id\": 5, \"patient_name\": \"Marwan D. Terrorist\"}',1),(301,'VIEW','2025-06-29 04:37:15.818674','{\"message\": \"Updated patient details RENZ\", \"patient_id\": 5, \"patient_name\": \"Marwan D. Terrorist\", \"updated_fields\": []}',1),(302,'VIEW','2025-06-29 04:37:15.862185','{\"message\": \"Updated patient details RENZ\", \"patient_id\": 5, \"patient_name\": \"Marwan D. Terrorist\", \"updated_fields\": []}',1),(303,'VIEW','2025-06-29 04:37:45.935836','{\"message\": \"1Viewed patient details\", \"patient_id\": 5, \"patient_name\": \"Marwan D. Terrorist\"}',1),(304,'VIEW','2025-06-29 04:37:45.985299','{\"message\": \"Viewed a patient image:\", \"patient_id\": 5, \"patient_name\": \"Marwan D. Terrorist\"}',1),(305,'VIEW','2025-06-29 04:37:45.987424','{\"message\": \"1Viewed patient details\", \"patient_id\": 5, \"patient_name\": \"Marwan D. Terrorist\"}',1),(306,'VIEW','2025-06-29 04:37:46.026920','{\"message\": \"Viewed a patient image:\", \"patient_id\": 5, \"patient_name\": \"Marwan D. Terrorist\"}',1),(307,'VIEW','2025-06-29 04:38:03.985582','{\"query\": \"jas\", \"message\": \"Searched a user:\"}',1),(308,'VIEW','2025-06-29 04:38:05.943275','{\"query\": \"ja\", \"message\": \"Searched a user:\"}',1),(309,'VIEW','2025-06-29 04:38:07.353855','{\"query\": \"2\", \"message\": \"Searched a user:\"}',1),(310,'VIEW','2025-06-29 04:38:49.762662','{\"query\": \"21\", \"message\": \"Searched a user:\"}',1),(311,'VIEW','2025-06-29 04:38:51.711222','{\"query\": \"Jaspher Cadelina\", \"message\": \"Searched a user:\"}',1),(312,'VIEW','2025-06-29 04:42:37.122427','{\"message\": \"1Viewed patient details\", \"patient_id\": 5, \"patient_name\": \"Marwan D. Terrorist 009\"}',1),(313,'VIEW','2025-06-29 04:42:37.349829','{\"message\": \"1Viewed patient details\", \"patient_id\": 5, \"patient_name\": \"Marwan D. Terrorist 009\"}',1),(314,'VIEW','2025-06-29 04:42:37.352826','{\"message\": \"Viewed a patient image:\", \"patient_id\": 5, \"patient_name\": \"Marwan D. Terrorist 009\"}',1),(315,'VIEW','2025-06-29 04:42:37.489822','{\"message\": \"Viewed a patient image:\", \"patient_id\": 5, \"patient_name\": \"Marwan D. Terrorist 009\"}',1),(316,'VIEW','2025-06-29 04:42:56.885820','{\"message\": \"Updated patient details RENZ\", \"patient_id\": 5, \"patient_name\": \"Marwan D. Terrorist 010\", \"updated_fields\": []}',1),(317,'VIEW','2025-06-29 04:42:56.942819','{\"message\": \"Updated patient details RENZ\", \"patient_id\": 5, \"patient_name\": \"Marwan D. Terrorist 010\", \"updated_fields\": []}',1),(318,'VIEW','2025-06-29 04:45:44.623504','{\"message\": \"Viewed a clinical note:\"}',1),(319,'VIEW','2025-06-29 04:45:44.671488','{\"message\": \"Viewed a clinical note:\"}',1),(320,'VIEW','2025-06-29 04:45:44.703489','{\"message\": \"Viewed a patient history:\", \"patient_id\": 5, \"patient_name\": \"Marwan D. Terrorist 010\"}',1),(321,'VIEW','2025-06-29 04:45:44.774229','{\"message\": \"Viewed a patient history:\", \"patient_id\": 5, \"patient_name\": \"Marwan D. Terrorist 010\"}',1),(322,'CREATE','2025-06-29 04:45:57.545738','{\"message\": \"Created a clinical note:\", \"patient_id\": 5, \"patient_name\": \"Marwan D. Terrorist 010\"}',1),(323,'VIEW','2025-06-29 04:45:58.593730','{\"message\": \"Updated patient details RENZ\", \"patient_id\": 5, \"patient_name\": \"Marwan D. Terrorist 010\", \"updated_fields\": []}',1),(324,'VIEW','2025-06-29 04:45:58.669199','{\"message\": \"Updated patient details RENZ\", \"patient_id\": 5, \"patient_name\": \"Marwan D. Terrorist 010\", \"updated_fields\": []}',1),(325,'VIEW','2025-06-29 04:45:59.918311','{\"message\": \"Viewed a clinical note:\"}',1),(326,'VIEW','2025-06-29 04:45:59.949296','{\"message\": \"Viewed a clinical note:\"}',1),(327,'VIEW','2025-06-29 04:46:00.014689','{\"message\": \"Viewed a patient history:\", \"patient_id\": 5, \"patient_name\": \"Marwan D. Terrorist 010\"}',1),(328,'VIEW','2025-06-29 04:46:00.084378','{\"message\": \"Viewed a patient history:\", \"patient_id\": 5, \"patient_name\": \"Marwan D. Terrorist 010\"}',1),(329,'VIEW','2025-06-29 04:46:00.998324','{\"message\": \"Updated patient details RENZ\", \"patient_id\": 5, \"patient_name\": \"Marwan D. Terrorist 010\", \"updated_fields\": []}',1),(330,'VIEW','2025-06-29 04:46:01.067187','{\"message\": \"Updated patient details RENZ\", \"patient_id\": 5, \"patient_name\": \"Marwan D. Terrorist 010\", \"updated_fields\": []}',1),(331,'VIEW','2025-06-29 04:46:02.091636','{\"message\": \"Viewed a clinical note:\"}',1),(332,'VIEW','2025-06-29 04:46:02.122635','{\"message\": \"Viewed a clinical note:\"}',1),(333,'VIEW','2025-06-29 04:46:02.135639','{\"message\": \"Viewed a patient history:\", \"patient_id\": 5, \"patient_name\": \"Marwan D. Terrorist 010\"}',1),(334,'VIEW','2025-06-29 04:46:02.183281','{\"message\": \"Viewed a patient history:\", \"patient_id\": 5, \"patient_name\": \"Marwan D. Terrorist 010\"}',1),(335,'CREATE','2025-06-29 04:46:08.282968','{\"message\": \"Created a clinical note:\", \"patient_id\": 5, \"patient_name\": \"Marwan D. Terrorist 010\"}',1),(336,'VIEW','2025-06-29 04:46:10.018514','{\"message\": \"Updated patient details RENZ\", \"patient_id\": 5, \"patient_name\": \"Marwan D. Terrorist 010\", \"updated_fields\": []}',1),(337,'VIEW','2025-06-29 04:46:10.075426','{\"message\": \"Updated patient details RENZ\", \"patient_id\": 5, \"patient_name\": \"Marwan D. Terrorist 010\", \"updated_fields\": []}',1),(338,'VIEW','2025-06-29 04:46:12.910828','{\"message\": \"Viewed a clinical note:\"}',1),(339,'VIEW','2025-06-29 04:46:12.943136','{\"message\": \"Viewed a clinical note:\"}',1),(340,'VIEW','2025-06-29 04:46:13.010270','{\"message\": \"Viewed a patient history:\", \"patient_id\": 5, \"patient_name\": \"Marwan D. Terrorist 010\"}',1),(341,'VIEW','2025-06-29 04:46:13.066490','{\"message\": \"Viewed a patient history:\", \"patient_id\": 5, \"patient_name\": \"Marwan D. Terrorist 010\"}',1),(342,'VIEW','2025-06-29 04:46:14.028654','{\"message\": \"Updated patient details RENZ\", \"patient_id\": 5, \"patient_name\": \"Marwan D. Terrorist 010\", \"updated_fields\": []}',1),(343,'VIEW','2025-06-29 04:46:14.086655','{\"message\": \"Updated patient details RENZ\", \"patient_id\": 5, \"patient_name\": \"Marwan D. Terrorist 010\", \"updated_fields\": []}',1),(344,'VIEW','2025-06-29 04:46:15.132133','{\"message\": \"Viewed a clinical note:\"}',1),(345,'VIEW','2025-06-29 04:46:15.161137','{\"message\": \"Viewed a clinical note:\"}',1),(346,'VIEW','2025-06-29 04:46:15.178137','{\"message\": \"Viewed a patient history:\", \"patient_id\": 5, \"patient_name\": \"Marwan D. Terrorist 010\"}',1),(347,'VIEW','2025-06-29 04:46:15.220157','{\"message\": \"Viewed a patient history:\", \"patient_id\": 5, \"patient_name\": \"Marwan D. Terrorist 010\"}',1),(348,'VIEW','2025-06-29 04:46:17.081555','{\"message\": \"Updated patient details RENZ\", \"patient_id\": 5, \"patient_name\": \"Marwan D. Terrorist 010\", \"updated_fields\": []}',1),(349,'VIEW','2025-06-29 04:46:17.144571','{\"message\": \"Updated patient details RENZ\", \"patient_id\": 5, \"patient_name\": \"Marwan D. Terrorist 010\", \"updated_fields\": []}',1),(350,'VIEW','2025-06-29 04:46:24.424971','{\"message\": \"1Viewed patient details\", \"patient_id\": 5, \"patient_name\": \"Marwan D. Terrorist 010\"}',1),(351,'VIEW','2025-06-29 04:46:24.475258','{\"message\": \"1Viewed patient details\", \"patient_id\": 5, \"patient_name\": \"Marwan D. Terrorist 010\"}',1),(352,'VIEW','2025-06-29 04:46:24.499321','{\"message\": \"Viewed a patient image:\", \"patient_id\": 5, \"patient_name\": \"Marwan D. Terrorist 010\"}',1),(353,'VIEW','2025-06-29 04:46:24.551983','{\"message\": \"Viewed a patient image:\", \"patient_id\": 5, \"patient_name\": \"Marwan D. Terrorist 010\"}',1),(354,'VIEW','2025-06-29 04:46:26.541348','{\"message\": \"Updated patient details RENZ\", \"patient_id\": 5, \"patient_name\": \"Marwan D. Terrorist 010\", \"updated_fields\": []}',1),(355,'VIEW','2025-06-29 04:46:26.609356','{\"message\": \"Updated patient details RENZ\", \"patient_id\": 5, \"patient_name\": \"Marwan D. Terrorist 010\", \"updated_fields\": []}',1),(356,'VIEW','2025-06-29 04:46:29.371600','{\"message\": \"Viewed a clinical note:\"}',1),(357,'VIEW','2025-06-29 04:46:29.415903','{\"message\": \"Viewed a clinical note:\"}',1),(358,'VIEW','2025-06-29 04:46:29.434907','{\"message\": \"Viewed a patient history:\", \"patient_id\": 5, \"patient_name\": \"Marwan D. Terrorist 010\"}',1),(359,'VIEW','2025-06-29 04:46:29.486903','{\"message\": \"Viewed a patient history:\", \"patient_id\": 5, \"patient_name\": \"Marwan D. Terrorist 010\"}',1),(360,'VIEW','2025-06-29 04:46:30.970987','{\"message\": \"Viewed a patient image:\", \"patient_id\": 5, \"patient_name\": \"Marwan D. Terrorist 010\"}',1),(361,'VIEW','2025-06-29 04:46:30.997006','{\"message\": \"Viewed a patient image:\", \"patient_id\": 5, \"patient_name\": \"Marwan D. Terrorist 010\"}',1),(362,'VIEW','2025-06-29 04:46:36.043730','{\"message\": \"1Viewed patient details\", \"patient_id\": 5, \"patient_name\": \"Marwan D. Terrorist 010\"}',1),(363,'VIEW','2025-06-29 04:46:36.076729','{\"message\": \"1Viewed patient details\", \"patient_id\": 5, \"patient_name\": \"Marwan D. Terrorist 010\"}',1),(364,'VIEW','2025-06-29 04:46:36.077728','{\"message\": \"Viewed a patient image:\", \"patient_id\": 5, \"patient_name\": \"Marwan D. Terrorist 010\"}',1),(365,'VIEW','2025-06-29 04:46:36.111729','{\"message\": \"Viewed a patient image:\", \"patient_id\": 5, \"patient_name\": \"Marwan D. Terrorist 010\"}',1),(366,'UPDATE','2025-06-29 04:46:41.158852','{\"message\": \"Updated patient details\", \"patient_id\": 5, \"patient_name\": \"Marwan D. Terrorist\", \"updated_fields\": [\"has_philhealth\", \"has_hmo\", \"hmo\", \"name\", \"status\", \"admission_date\", \"current_condition\", \"date_of_birth\", \"address\", \"occupation\", \"civil_status\", \"nationality\", \"religion\", \"attending_physician\", \"visit_type\", \"consultation_datetime\", \"referred_by\", \"next_consultation_date\", \"discharge_date\", \"phone\", \"emergency_contact_name\", \"emergency_contact_phone\", \"is_active\", \"notes\", \"age\", \"gender\", \"diagnosed_by\", \"height\", \"weight\", \"blood_pressure\", \"pulse_rate\", \"respiratory_rate\", \"temperature\", \"physical_examination\", \"main_complaint\", \"present_illness\", \"clinical_findings\", \"icd_code\", \"diagnosis\", \"treatment\"]}',1),(367,'VIEW','2025-06-29 04:46:45.668847','{\"message\": \"Updated patient details RENZ\", \"patient_id\": 5, \"patient_name\": \"Marwan D. Terrorist\", \"updated_fields\": []}',1),(368,'VIEW','2025-06-29 04:46:45.725630','{\"message\": \"Updated patient details RENZ\", \"patient_id\": 5, \"patient_name\": \"Marwan D. Terrorist\", \"updated_fields\": []}',1),(369,'VIEW','2025-06-29 05:03:47.479943','{\"query\": \"1\", \"message\": \"Searched a user:\"}',1),(370,'VIEW','2025-06-29 05:03:49.421923','{\"query\": \"0\", \"message\": \"Searched a user:\"}',1),(371,'VIEW','2025-06-29 05:03:52.008754','{\"query\": \"Lance Doc Gonzales\", \"message\": \"Searched a user:\"}',1),(372,'CREATE','2025-06-29 05:04:12.748230','{\"message\": \"Uploaded a patient image:\"}',1),(373,'VIEW','2025-06-29 05:05:19.549304','{\"message\": \"Updated patient details RENZ\", \"patient_id\": 6, \"patient_name\": \"Mo E. Lester\", \"updated_fields\": []}',3),(374,'VIEW','2025-06-29 05:05:19.606418','{\"message\": \"Updated patient details RENZ\", \"patient_id\": 6, \"patient_name\": \"Mo E. Lester\", \"updated_fields\": []}',3),(375,'VIEW','2025-06-29 05:05:21.374385','{\"message\": \"Viewed a clinical note:\"}',3),(376,'VIEW','2025-06-29 05:05:21.412403','{\"message\": \"Viewed a clinical note:\"}',3),(377,'VIEW','2025-06-29 05:05:21.427402','{\"message\": \"Viewed a patient history:\", \"patient_id\": 6, \"patient_name\": \"Mo E. Lester\"}',3),(378,'VIEW','2025-06-29 05:05:21.552916','{\"message\": \"Viewed a patient history:\", \"patient_id\": 6, \"patient_name\": \"Mo E. Lester\"}',3),(379,'CREATE','2025-06-29 05:05:31.965808','{\"message\": \"Created a clinical note:\", \"patient_id\": 6, \"patient_name\": \"Mo E. Lester\"}',3),(380,'VIEW','2025-06-29 05:05:35.405567','{\"message\": \"Updated patient details RENZ\", \"patient_id\": 6, \"patient_name\": \"Mo E. Lester\", \"updated_fields\": []}',3),(381,'VIEW','2025-06-29 05:05:35.508299','{\"message\": \"Updated patient details RENZ\", \"patient_id\": 6, \"patient_name\": \"Mo E. Lester\", \"updated_fields\": []}',3),(382,'VIEW','2025-06-29 08:37:04.273554','{\"message\": \"Updated patient details RENZ\", \"patient_id\": 6, \"patient_name\": \"Mo E. Lester\", \"updated_fields\": []}',1),(383,'VIEW','2025-06-29 08:37:04.330766','{\"message\": \"Updated patient details RENZ\", \"patient_id\": 6, \"patient_name\": \"Mo E. Lester\", \"updated_fields\": []}',1),(384,'VIEW','2025-06-29 08:37:10.776749','{\"message\": \"Viewed a clinical note:\"}',1),(385,'VIEW','2025-06-29 08:37:10.817343','{\"message\": \"Viewed a clinical note:\"}',1),(386,'VIEW','2025-06-29 08:37:10.833524','{\"message\": \"Viewed a patient history:\", \"patient_id\": 6, \"patient_name\": \"Mo E. Lester\"}',1),(387,'VIEW','2025-06-29 08:37:10.873894','{\"message\": \"Viewed a patient history:\", \"patient_id\": 6, \"patient_name\": \"Mo E. Lester\"}',1),(388,'VIEW','2025-06-29 08:37:14.167199','{\"message\": \"Updated patient details RENZ\", \"patient_id\": 6, \"patient_name\": \"Mo E. Lester\", \"updated_fields\": []}',1),(389,'VIEW','2025-06-29 08:37:14.215212','{\"message\": \"Updated patient details RENZ\", \"patient_id\": 6, \"patient_name\": \"Mo E. Lester\", \"updated_fields\": []}',1),(390,'VIEW','2025-06-29 08:37:17.290409','{\"message\": \"1Viewed patient details\", \"patient_id\": 6, \"patient_name\": \"Mo E. Lester\"}',1),(391,'VIEW','2025-06-29 08:37:17.330430','{\"message\": \"1Viewed patient details\", \"patient_id\": 6, \"patient_name\": \"Mo E. Lester\"}',1),(392,'VIEW','2025-06-29 08:37:17.346412','{\"message\": \"Viewed a patient image:\", \"patient_id\": 6, \"patient_name\": \"Mo E. Lester\"}',1),(393,'VIEW','2025-06-29 08:37:17.369964','{\"message\": \"Viewed a patient image:\", \"patient_id\": 6, \"patient_name\": \"Mo E. Lester\"}',1),(394,'VIEW','2025-06-29 08:37:27.357219','{\"query\": \"0\", \"message\": \"Searched a user:\"}',1),(395,'VIEW','2025-06-29 08:37:28.938080','{\"query\": \"Jaspher Cadelina\", \"message\": \"Searched a user:\"}',1),(396,'VIEW','2025-06-29 08:37:32.124636','{\"query\": \"0\", \"message\": \"Searched a user:\"}',1),(397,'VIEW','2025-06-29 08:37:36.610740','{\"query\": \"Lance Doc Gonzales\", \"message\": \"Searched a user:\"}',1),(398,'VIEW','2025-06-29 08:58:59.973116','{\"message\": \"Updated patient details RENZ\", \"patient_id\": 6, \"patient_name\": \"Mo E. Lester\", \"updated_fields\": []}',3),(399,'VIEW','2025-06-29 08:59:00.141605','{\"message\": \"Updated patient details RENZ\", \"patient_id\": 6, \"patient_name\": \"Mo E. Lester\", \"updated_fields\": []}',3),(400,'VIEW','2025-06-29 08:59:01.462426','{\"message\": \"Viewed a clinical note:\"}',3),(401,'VIEW','2025-06-29 08:59:01.495326','{\"message\": \"Viewed a clinical note:\"}',3),(402,'VIEW','2025-06-29 08:59:01.511471','{\"message\": \"Viewed a patient history:\", \"patient_id\": 6, \"patient_name\": \"Mo E. Lester\"}',3),(403,'VIEW','2025-06-29 08:59:01.543865','{\"message\": \"Viewed a patient history:\", \"patient_id\": 6, \"patient_name\": \"Mo E. Lester\"}',3),(404,'VIEW','2025-06-29 08:59:44.870220','{\"query\": \"ja\", \"message\": \"Searched a patient:\"}',3),(405,'VIEW','2025-06-29 08:59:46.961385','{\"query\": \"James Sarmiento 005\", \"message\": \"Searched a patient:\"}',3),(406,'VIEW','2025-06-29 08:59:58.025215','{\"message\": \"Viewed a laboratory:\"}',3),(407,'VIEW','2025-06-29 08:59:58.066473','{\"message\": \"Viewed a laboratory:\"}',3),(408,'CREATE','2025-06-29 09:00:20.856149','{\"message\": \"Created a laboratory file:\"}',3),(409,'VIEW','2025-06-29 09:00:21.876318','{\"message\": \"Viewed a laboratory:\"}',3),(410,'VIEW','2025-06-29 09:00:36.986682','{\"message\": \"Viewed a laboratory:\"}',3),(411,'VIEW','2025-06-29 09:00:37.052346','{\"message\": \"Viewed a laboratory:\"}',3),(412,'VIEW','2025-06-29 09:04:14.189127','{\"message\": \"Viewed a laboratory:\"}',3),(413,'VIEW','2025-06-29 09:04:14.245130','{\"message\": \"Viewed a laboratory:\"}',3),(414,'VIEW','2025-06-29 09:04:21.108639','{\"message\": \"Viewed a laboratory:\"}',3),(415,'VIEW','2025-06-29 09:04:21.171457','{\"message\": \"Viewed a laboratory:\"}',3),(416,'VIEW','2025-06-29 09:05:33.293066','{\"message\": \"Viewed a laboratory:\"}',3),(417,'VIEW','2025-06-29 09:05:33.400604','{\"message\": \"Viewed a laboratory:\"}',3),(418,'VIEW','2025-06-29 09:12:24.881203','{\"message\": \"Viewed a laboratory:\"}',3),(419,'VIEW','2025-06-29 09:12:24.922189','{\"message\": \"Viewed a laboratory:\"}',3),(420,'VIEW','2025-06-29 09:12:30.286535','{\"message\": \"Viewed a laboratory:\"}',3),(421,'VIEW','2025-06-29 09:12:30.327077','{\"message\": \"Viewed a laboratory:\"}',3),(422,'VIEW','2025-06-29 09:12:48.968631','{\"message\": \"Viewed a laboratory:\"}',3),(423,'VIEW','2025-06-29 09:12:49.056879','{\"message\": \"Viewed a laboratory:\"}',3),(424,'VIEW','2025-06-29 09:13:53.165128','{\"message\": \"Viewed a laboratory:\"}',1),(425,'VIEW','2025-06-29 09:15:37.951701','{\"message\": \"Viewed a laboratory:\"}',1),(426,'VIEW','2025-06-29 09:15:54.141120','{\"message\": \"Viewed a laboratory:\"}',3),(427,'VIEW','2025-06-29 09:15:54.240292','{\"message\": \"Viewed a laboratory:\"}',3),(428,'VIEW','2025-06-29 09:17:32.503345','{\"message\": \"Viewed a laboratory result:\"}',3),(429,'VIEW','2025-06-29 09:17:34.882560','{\"message\": \"Viewed a laboratory result:\"}',3),(430,'VIEW','2025-06-29 09:17:36.540392','{\"message\": \"Viewed a laboratory result:\"}',3),(431,'VIEW','2025-06-29 09:17:38.033405','{\"message\": \"Viewed a laboratory result:\"}',3),(432,'VIEW','2025-06-29 09:17:43.581831','{\"message\": \"Viewed a clinical note:\"}',3),(433,'VIEW','2025-06-29 09:17:43.636843','{\"message\": \"Viewed a clinical note:\"}',3),(434,'VIEW','2025-06-29 09:17:44.464816','{\"message\": \"Viewed a patient history:\", \"patient_id\": 6, \"patient_name\": \"Mo E. Lester\"}',3),(435,'VIEW','2025-06-29 09:17:44.516395','{\"message\": \"Viewed a patient history:\", \"patient_id\": 6, \"patient_name\": \"Mo E. Lester\"}',3),(436,'VIEW','2025-06-29 09:17:46.238747','{\"message\": \"Viewed a clinical note:\"}',3),(437,'VIEW','2025-06-29 09:17:46.296134','{\"message\": \"Viewed a clinical note:\"}',3),(438,'VIEW','2025-06-29 09:17:46.307140','{\"message\": \"Viewed a patient history:\", \"patient_id\": 6, \"patient_name\": \"Mo E. Lester\"}',3),(439,'VIEW','2025-06-29 09:17:46.370852','{\"message\": \"Viewed a patient history:\", \"patient_id\": 6, \"patient_name\": \"Mo E. Lester\"}',3),(440,'VIEW','2025-06-29 09:17:56.130848','{\"message\": \"Viewed a clinical note:\"}',3),(441,'VIEW','2025-06-29 09:17:56.235256','{\"message\": \"Viewed a patient history:\", \"patient_id\": 6, \"patient_name\": \"Mo E. Lester\"}',3),(442,'VIEW','2025-06-29 09:17:56.263382','{\"message\": \"Viewed a clinical note:\"}',3),(443,'VIEW','2025-06-29 09:17:56.311707','{\"message\": \"Viewed a patient history:\", \"patient_id\": 6, \"patient_name\": \"Mo E. Lester\"}',3),(444,'VIEW','2025-06-29 09:19:18.933883','{\"message\": \"Viewed a clinical note:\"}',3),(445,'VIEW','2025-06-29 09:19:18.989175','{\"message\": \"Viewed a clinical note:\"}',3),(446,'VIEW','2025-06-29 09:19:19.004971','{\"message\": \"Viewed a patient history:\", \"patient_id\": 6, \"patient_name\": \"Mo E. Lester\"}',3),(447,'VIEW','2025-06-29 09:19:19.038587','{\"message\": \"Viewed a patient history:\", \"patient_id\": 6, \"patient_name\": \"Mo E. Lester\"}',3),(448,'VIEW','2025-06-29 09:22:29.625986','{\"message\": \"Viewed a clinical note:\"}',3),(449,'VIEW','2025-06-29 09:22:29.692999','{\"message\": \"Viewed a clinical note:\"}',3),(450,'VIEW','2025-06-29 09:22:29.704886','{\"message\": \"Viewed a patient history:\", \"patient_id\": 6, \"patient_name\": \"Mo E. Lester\"}',3),(451,'VIEW','2025-06-29 09:22:29.774700','{\"message\": \"Viewed a patient history:\", \"patient_id\": 6, \"patient_name\": \"Mo E. Lester\"}',3),(452,'VIEW','2025-06-29 09:22:32.974097','{\"message\": \"Viewed a laboratory result:\"}',3),(453,'VIEW','2025-06-29 09:23:12.693872','{\"message\": \"Updated patient details RENZ\", \"patient_id\": 6, \"patient_name\": \"Mo E. Lester\", \"updated_fields\": []}',3),(454,'VIEW','2025-06-29 09:23:12.744905','{\"message\": \"Updated patient details RENZ\", \"patient_id\": 6, \"patient_name\": \"Mo E. Lester\", \"updated_fields\": []}',3),(455,'VIEW','2025-06-29 09:23:39.755024','{\"message\": \"Updated patient details RENZ\", \"patient_id\": 3, \"patient_name\": \"James Sarmiento 005\", \"updated_fields\": []}',1),(456,'VIEW','2025-06-29 09:23:39.816953','{\"message\": \"Updated patient details RENZ\", \"patient_id\": 3, \"patient_name\": \"James Sarmiento 005\", \"updated_fields\": []}',1),(457,'VIEW','2025-06-29 09:23:43.043166','{\"message\": \"Viewed bed assignment list:\"}',1),(458,'VIEW','2025-06-29 09:23:43.157961','{\"message\": \"Viewed bed assignment list:\"}',1),(459,'VIEW','2025-06-29 09:23:50.188986','{\"message\": \"Updated patient details RENZ\", \"patient_id\": 3, \"patient_name\": \"James Sarmiento 005\", \"updated_fields\": []}',1),(460,'VIEW','2025-06-29 09:23:50.275065','{\"message\": \"Updated patient details RENZ\", \"patient_id\": 3, \"patient_name\": \"James Sarmiento 005\", \"updated_fields\": []}',1),(461,'VIEW','2025-06-29 09:23:52.963798','{\"message\": \"Viewed a clinical note:\"}',1),(462,'VIEW','2025-06-29 09:23:52.991270','{\"message\": \"Viewed a clinical note:\"}',1),(463,'VIEW','2025-06-29 09:23:53.003855','{\"message\": \"Viewed a patient history:\", \"patient_id\": 3, \"patient_name\": \"James Sarmiento 005\"}',1),(464,'VIEW','2025-06-29 09:23:53.031991','{\"message\": \"Viewed a patient history:\", \"patient_id\": 3, \"patient_name\": \"James Sarmiento 005\"}',1),(465,'VIEW','2025-06-29 09:23:56.006497','{\"message\": \"Viewed a laboratory result:\"}',1),(466,'VIEW','2025-06-29 09:23:56.087821','{\"message\": \"Viewed a laboratory:\"}',1),(467,'VIEW','2025-06-29 09:23:56.127279','{\"message\": \"Viewed a laboratory:\"}',1),(468,'VIEW','2025-06-29 09:24:36.776020','{\"query\": \"ja\", \"message\": \"Searched a patient:\"}',3),(469,'VIEW','2025-06-29 09:27:04.290018','{\"message\": \"Viewed a laboratory:\"}',1),(470,'VIEW','2025-06-29 09:27:06.279476','{\"query\": \"asdfssd\", \"message\": \"Searched a patient:\"}',3),(471,'VIEW','2025-06-29 09:27:58.830837','{\"message\": \"Updated patient details RENZ\", \"patient_id\": 6, \"patient_name\": \"Mo E. Lester\", \"updated_fields\": []}',3),(472,'VIEW','2025-06-29 09:27:58.875155','{\"message\": \"Updated patient details RENZ\", \"patient_id\": 6, \"patient_name\": \"Mo E. Lester\", \"updated_fields\": []}',3),(473,'VIEW','2025-06-29 09:28:00.504556','{\"message\": \"Viewed a clinical note:\"}',3),(474,'VIEW','2025-06-29 09:28:00.535695','{\"message\": \"Viewed a clinical note:\"}',3),(475,'VIEW','2025-06-29 09:28:00.546064','{\"message\": \"Viewed a patient history:\", \"patient_id\": 6, \"patient_name\": \"Mo E. Lester\"}',3),(476,'VIEW','2025-06-29 09:28:00.573902','{\"message\": \"Viewed a patient history:\", \"patient_id\": 6, \"patient_name\": \"Mo E. Lester\"}',3),(477,'VIEW','2025-06-29 09:28:14.345794','{\"message\": \"Viewed a laboratory result:\"}',3),(478,'VIEW','2025-06-29 09:28:18.136605','{\"message\": \"Viewed a laboratory result:\"}',3),(479,'VIEW','2025-06-29 09:28:27.856241','{\"message\": \"Updated patient details RENZ\", \"patient_id\": 6, \"patient_name\": \"Mo E. Lester\", \"updated_fields\": []}',3),(480,'VIEW','2025-06-29 09:28:27.906808','{\"message\": \"Updated patient details RENZ\", \"patient_id\": 6, \"patient_name\": \"Mo E. Lester\", \"updated_fields\": []}',3),(481,'VIEW','2025-06-29 09:28:28.998706','{\"message\": \"Viewed a clinical note:\"}',3),(482,'VIEW','2025-06-29 09:28:29.021248','{\"message\": \"Viewed a clinical note:\"}',3),(483,'VIEW','2025-06-29 09:28:29.029471','{\"message\": \"Viewed a patient history:\", \"patient_id\": 6, \"patient_name\": \"Mo E. Lester\"}',3),(484,'VIEW','2025-06-29 09:28:29.060959','{\"message\": \"Viewed a patient history:\", \"patient_id\": 6, \"patient_name\": \"Mo E. Lester\"}',3),(485,'VIEW','2025-06-29 09:29:02.498530','{\"message\": \"Viewed a clinical note:\"}',3),(486,'VIEW','2025-06-29 09:29:02.557920','{\"message\": \"Viewed a clinical note:\"}',3),(487,'VIEW','2025-06-29 09:29:02.566915','{\"message\": \"Viewed a patient history:\", \"patient_id\": 6, \"patient_name\": \"Mo E. Lester\"}',3),(488,'VIEW','2025-06-29 09:29:02.639326','{\"message\": \"Viewed a patient history:\", \"patient_id\": 6, \"patient_name\": \"Mo E. Lester\"}',3),(489,'VIEW','2025-06-29 09:30:51.733104','{\"message\": \"Viewed a laboratory result:\"}',3),(490,'VIEW','2025-06-29 09:30:55.479296','{\"query\": \"Y4JRQ\", \"message\": \"Searched a patient:\"}',3),(491,'VIEW','2025-06-29 09:30:59.893003','{\"message\": \"Viewed a clinical note:\"}',3),(492,'VIEW','2025-06-29 09:30:59.976299','{\"message\": \"Viewed a clinical note:\"}',3),(493,'VIEW','2025-06-29 09:30:59.991298','{\"message\": \"Viewed a patient history:\", \"patient_id\": 6, \"patient_name\": \"Mo E. Lester\"}',3),(494,'VIEW','2025-06-29 09:31:00.038872','{\"message\": \"Viewed a patient history:\", \"patient_id\": 6, \"patient_name\": \"Mo E. Lester\"}',3),(495,'VIEW','2025-06-29 09:31:05.072291','{\"message\": \"Viewed a laboratory result:\"}',3),(496,'VIEW','2025-06-29 09:31:06.976909','{\"query\": \"Y4JRQ\", \"message\": \"Searched a patient:\"}',3),(497,'VIEW','2025-06-29 09:31:09.863099','{\"query\": \"Mo E. Lester\", \"message\": \"Searched a patient:\"}',3),(498,'VIEW','2025-06-29 09:31:51.247822','{\"message\": \"Viewed a laboratory:\"}',3),(499,'VIEW','2025-06-29 09:31:51.294043','{\"message\": \"Viewed a laboratory:\"}',3),(500,'CREATE','2025-06-29 09:32:38.526695','{\"message\": \"Created a laboratory file:\"}',3),(501,'VIEW','2025-06-29 09:32:39.429448','{\"message\": \"Viewed a laboratory:\"}',3),(502,'VIEW','2025-06-29 09:32:49.625716','{\"query\": \"mo\", \"message\": \"Searched a patient:\"}',3),(503,'VIEW','2025-06-29 09:32:52.830300','{\"query\": \"Mo E. Lester\", \"message\": \"Searched a patient:\"}',3),(504,'VIEW','2025-06-29 09:33:21.488402','{\"message\": \"Viewed a laboratory:\"}',3),(505,'VIEW','2025-06-29 09:33:21.580520','{\"message\": \"Viewed a laboratory:\"}',3),(506,'VIEW','2025-06-29 09:33:23.939608','{\"message\": \"Viewed a laboratory:\"}',3),(507,'VIEW','2025-06-29 09:33:24.011127','{\"message\": \"Viewed a laboratory:\"}',3),(508,'VIEW','2025-06-29 09:39:12.499817','{\"message\": \"Viewed a laboratory:\"}',3),(509,'VIEW','2025-06-29 09:39:12.588951','{\"message\": \"Viewed a laboratory:\"}',3),(510,'CREATE','2025-06-29 09:41:15.819571','{\"message\": \"Created a laboratory file:\"}',3),(511,'VIEW','2025-06-29 09:41:17.089235','{\"message\": \"Viewed a laboratory:\"}',3),(512,'VIEW','2025-06-29 09:41:22.359431','{\"message\": \"Viewed a laboratory:\"}',3),(513,'VIEW','2025-06-29 09:41:22.446784','{\"message\": \"Viewed a laboratory:\"}',3),(514,'VIEW','2025-06-29 09:49:29.048049','{\"message\": \"Viewed a laboratory:\"}',1),(515,'VIEW','2025-06-29 09:49:31.041032','{\"message\": \"Viewed a laboratory:\"}',3),(516,'VIEW','2025-06-29 09:51:42.430930','{\"message\": \"Viewed a laboratory:\"}',3),(517,'VIEW','2025-06-29 09:51:42.553467','{\"message\": \"Viewed a laboratory:\"}',3),(518,'VIEW','2025-06-29 09:59:17.138254','{\"message\": \"Viewed a laboratory:\"}',3),(519,'VIEW','2025-06-29 09:59:17.258472','{\"message\": \"Viewed a laboratory:\"}',3),(520,'VIEW','2025-06-29 10:04:19.188605','{\"message\": \"Viewed a laboratory:\"}',3),(521,'VIEW','2025-06-29 10:04:19.283803','{\"message\": \"Viewed a laboratory:\"}',3),(522,'VIEW','2025-06-29 10:04:46.022880','{\"message\": \"Viewed a laboratory:\"}',3),(523,'VIEW','2025-06-29 10:04:46.099488','{\"message\": \"Viewed a laboratory:\"}',3),(524,'VIEW','2025-06-29 10:04:53.240567','{\"message\": \"Viewed a laboratory:\"}',3),(525,'VIEW','2025-06-29 10:04:53.375705','{\"message\": \"Viewed a laboratory:\"}',3),(526,'VIEW','2025-06-29 10:05:02.088542','{\"query\": \"Y4JRQ\", \"message\": \"Searched a patient:\"}',3),(527,'VIEW','2025-06-29 10:05:04.742216','{\"query\": \"Mo E. Lester\", \"message\": \"Searched a patient:\"}',3),(528,'VIEW','2025-06-29 10:05:50.651344','{\"query\": \"jas\", \"message\": \"Searched a patient:\"}',3),(529,'VIEW','2025-06-29 10:05:52.758157','{\"query\": \"f\", \"message\": \"Searched a patient:\"}',3),(530,'VIEW','2025-06-29 10:05:57.069857','{\"query\": \"ja\", \"message\": \"Searched a patient:\"}',3),(531,'VIEW','2025-06-29 10:05:59.411211','{\"query\": \"co\", \"message\": \"Searched a patient:\"}',3),(532,'VIEW','2025-06-29 10:06:00.882698','{\"query\": \"Cong Velasquez Jr\", \"message\": \"Searched a patient:\"}',3),(533,'VIEW','2025-06-29 10:07:11.685397','{\"message\": \"Viewed a laboratory:\"}',3),(534,'VIEW','2025-06-29 10:07:11.736248','{\"message\": \"Viewed a laboratory:\"}',3),(535,'CREATE','2025-06-29 10:07:11.765882','{\"message\": \"Created a laboratory file:\"}',3),(536,'CREATE','2025-06-29 10:07:11.850890','{\"message\": \"Created a laboratory file:\"}',3),(537,'VIEW','2025-06-29 10:07:49.278109','{\"message\": \"Viewed a laboratory:\"}',1),(538,'VIEW','2025-06-29 10:07:49.311855','{\"message\": \"Viewed a laboratory:\"}',3),(539,'VIEW','2025-06-29 10:08:01.921499','{\"message\": \"Viewed a laboratory:\"}',3),(540,'VIEW','2025-06-29 10:08:02.006507','{\"message\": \"Viewed a laboratory:\"}',3),(541,'CREATE','2025-06-29 10:08:23.664968','{\"message\": \"Created a laboratory file:\"}',3),(542,'VIEW','2025-06-29 10:08:24.676431','{\"message\": \"Viewed a laboratory:\"}',3),(543,'VIEW','2025-06-29 10:09:24.961337','{\"message\": \"Viewed a laboratory result:\"}',3),(544,'VIEW','2025-06-29 10:09:25.679602','{\"message\": \"Viewed a laboratory:\"}',3),(545,'VIEW','2025-06-29 10:09:26.621071','{\"message\": \"Viewed a laboratory result:\"}',3),(546,'VIEW','2025-06-29 10:09:35.738910','{\"query\": \"james\", \"message\": \"Searched a patient:\"}',3),(547,'VIEW','2025-06-29 10:09:37.593933','{\"query\": \"James Sarmiento 005\", \"message\": \"Searched a patient:\"}',3),(548,'VIEW','2025-06-29 10:09:41.500447','{\"query\": \"cong\", \"message\": \"Searched a patient:\"}',3),(549,'VIEW','2025-06-29 10:09:43.340352','{\"query\": \"Cong Velasquez Jr\", \"message\": \"Searched a patient:\"}',3),(550,'VIEW','2025-06-29 10:09:57.925067','{\"message\": \"Viewed a laboratory:\"}',3),(551,'CREATE','2025-06-29 10:09:57.958145','{\"message\": \"Created a laboratory file:\"}',3),(552,'VIEW','2025-06-29 10:09:58.014824','{\"message\": \"Viewed a laboratory:\"}',3),(553,'VIEW','2025-06-29 10:10:03.953928','{\"message\": \"Viewed a laboratory:\"}',3),(554,'VIEW','2025-06-29 10:10:04.048493','{\"message\": \"Viewed a laboratory:\"}',3),(555,'VIEW','2025-06-29 10:13:38.033548','{\"query\": \"a\", \"message\": \"Searched a patient:\"}',3),(556,'VIEW','2025-06-29 10:13:39.548802','{\"query\": \"Filmor Sarmiento\", \"message\": \"Searched a patient:\"}',3),(557,'VIEW','2025-06-29 10:15:57.318474','{\"query\": \"Filmor Sarmiento\", \"message\": \"Searched a patient:\"}',3),(558,'VIEW','2025-06-29 10:15:57.353220','{\"query\": \"Filmor Sarmiento\", \"message\": \"Searched a patient:\"}',3),(559,'VIEW','2025-06-29 10:21:08.049645','{\"message\": \"Viewed a laboratory result:\"}',3),(560,'VIEW','2025-06-29 10:21:08.865157','{\"message\": \"Viewed a laboratory:\"}',3),(561,'VIEW','2025-06-29 10:21:08.906674','{\"message\": \"Viewed a laboratory:\"}',3),(562,'VIEW','2025-06-29 10:21:09.844271','{\"message\": \"Viewed a laboratory result:\"}',3),(563,'VIEW','2025-06-29 10:21:52.685048','{\"message\": \"Viewed a laboratory result:\"}',3),(564,'VIEW','2025-06-29 10:21:52.761643','{\"message\": \"Viewed a laboratory result:\"}',3),(565,'VIEW','2025-06-29 10:22:20.257123','{\"message\": \"Viewed a laboratory result:\"}',3),(566,'VIEW','2025-06-29 10:22:20.817285','{\"message\": \"Viewed a laboratory:\"}',3),(567,'VIEW','2025-06-29 10:22:20.872812','{\"message\": \"Viewed a laboratory:\"}',3),(568,'VIEW','2025-06-29 10:22:21.796979','{\"message\": \"Viewed a laboratory result:\"}',3),(569,'VIEW','2025-06-29 10:23:38.692594','{\"message\": \"Updated patient details RENZ\", \"patient_id\": 6, \"patient_name\": \"Mo E. Lester\", \"updated_fields\": []}',3),(570,'VIEW','2025-06-29 10:23:38.782093','{\"message\": \"Updated patient details RENZ\", \"patient_id\": 6, \"patient_name\": \"Mo E. Lester\", \"updated_fields\": []}',3),(571,'VIEW','2025-06-29 10:23:41.083384','{\"message\": \"Viewed a clinical note:\"}',3),(572,'VIEW','2025-06-29 10:23:41.117528','{\"message\": \"Viewed a clinical note:\"}',3),(573,'VIEW','2025-06-29 10:23:41.122769','{\"message\": \"Viewed a patient history:\", \"patient_id\": 6, \"patient_name\": \"Mo E. Lester\"}',3),(574,'VIEW','2025-06-29 10:23:41.159825','{\"message\": \"Viewed a patient history:\", \"patient_id\": 6, \"patient_name\": \"Mo E. Lester\"}',3),(575,'VIEW','2025-06-29 10:23:46.163495','{\"message\": \"Viewed a laboratory result:\"}',3),(576,'VIEW','2025-06-29 10:23:46.262720','{\"message\": \"Viewed a laboratory:\"}',3),(577,'VIEW','2025-06-29 10:23:46.328176','{\"message\": \"Viewed a laboratory:\"}',3),(578,'VIEW','2025-06-29 10:23:48.445041','{\"message\": \"Viewed a clinical note:\"}',3),(579,'VIEW','2025-06-29 10:23:48.509686','{\"message\": \"Viewed a patient history:\", \"patient_id\": 6, \"patient_name\": \"Mo E. Lester\"}',3),(580,'VIEW','2025-06-29 10:23:48.522372','{\"message\": \"Viewed a clinical note:\"}',3),(581,'VIEW','2025-06-29 10:23:48.586451','{\"message\": \"Viewed a patient history:\", \"patient_id\": 6, \"patient_name\": \"Mo E. Lester\"}',3),(582,'VIEW','2025-06-29 10:23:50.730376','{\"message\": \"Viewed a patient image:\", \"patient_id\": 6, \"patient_name\": \"Mo E. Lester\"}',3),(583,'VIEW','2025-06-29 10:23:50.756872','{\"message\": \"Viewed a patient image:\", \"patient_id\": 6, \"patient_name\": \"Mo E. Lester\"}',3),(584,'VIEW','2025-06-29 10:23:54.266114','{\"message\": \"Viewed a clinical note:\"}',3),(585,'VIEW','2025-06-29 10:23:54.328662','{\"message\": \"Viewed a clinical note:\"}',3),(586,'VIEW','2025-06-29 10:23:54.366317','{\"message\": \"Viewed a patient history:\", \"patient_id\": 6, \"patient_name\": \"Mo E. Lester\"}',3),(587,'VIEW','2025-06-29 10:23:54.418021','{\"message\": \"Viewed a patient history:\", \"patient_id\": 6, \"patient_name\": \"Mo E. Lester\"}',3),(588,'VIEW','2025-06-29 10:23:56.507575','{\"message\": \"Viewed a patient image:\", \"patient_id\": 6, \"patient_name\": \"Mo E. Lester\"}',3),(589,'VIEW','2025-06-29 10:23:56.530665','{\"message\": \"Viewed a patient image:\", \"patient_id\": 6, \"patient_name\": \"Mo E. Lester\"}',3),(590,'VIEW','2025-06-29 10:24:12.005100','{\"message\": \"1Viewed patient details\", \"patient_id\": 6, \"patient_name\": \"Mo E. Lester\"}',3),(591,'VIEW','2025-06-29 10:24:12.047620','{\"message\": \"Viewed a patient image:\", \"patient_id\": 6, \"patient_name\": \"Mo E. Lester\"}',3),(592,'VIEW','2025-06-29 10:24:12.048603','{\"message\": \"1Viewed patient details\", \"patient_id\": 6, \"patient_name\": \"Mo E. Lester\"}',3),(593,'VIEW','2025-06-29 10:24:12.089613','{\"message\": \"Viewed a patient image:\", \"patient_id\": 6, \"patient_name\": \"Mo E. Lester\"}',3),(594,'VIEW','2025-06-29 10:53:36.129981','{\"message\": \"1Viewed patient details\", \"patient_id\": 6, \"patient_name\": \"Mo E. Lester\"}',3),(595,'VIEW','2025-06-29 10:53:36.201375','{\"message\": \"Viewed a patient image:\", \"patient_id\": 6, \"patient_name\": \"Mo E. Lester\"}',3),(596,'VIEW','2025-06-29 10:53:36.228635','{\"message\": \"1Viewed patient details\", \"patient_id\": 6, \"patient_name\": \"Mo E. Lester\"}',3),(597,'VIEW','2025-06-29 10:53:36.325330','{\"message\": \"Viewed a patient image:\", \"patient_id\": 6, \"patient_name\": \"Mo E. Lester\"}',3),(598,'VIEW','2025-06-29 10:53:36.954414','{\"message\": \"Viewed a clinical note:\"}',3),(599,'VIEW','2025-06-29 10:53:36.996127','{\"message\": \"Viewed a clinical note:\"}',3),(600,'VIEW','2025-06-29 10:53:37.015128','{\"message\": \"Viewed a patient history:\", \"patient_id\": 6, \"patient_name\": \"Mo E. Lester\"}',3),(601,'VIEW','2025-06-29 10:53:37.058919','{\"message\": \"Viewed a patient history:\", \"patient_id\": 6, \"patient_name\": \"Mo E. Lester\"}',3),(602,'VIEW','2025-06-29 10:53:40.422285','{\"message\": \"Viewed a patient image:\", \"patient_id\": 6, \"patient_name\": \"Mo E. Lester\"}',3),(603,'VIEW','2025-06-29 10:53:40.439718','{\"message\": \"Viewed a patient image:\", \"patient_id\": 6, \"patient_name\": \"Mo E. Lester\"}',3),(604,'VIEW','2025-06-29 10:56:31.991234','{\"message\": \"Viewed a clinical note:\"}',3),(605,'VIEW','2025-06-29 10:56:32.203064','{\"message\": \"Viewed a clinical note:\"}',3),(606,'VIEW','2025-06-29 10:56:32.243828','{\"message\": \"Viewed a patient history:\", \"patient_id\": 6, \"patient_name\": \"Mo E. Lester\"}',3),(607,'VIEW','2025-06-29 10:56:32.296294','{\"message\": \"Viewed a patient history:\", \"patient_id\": 6, \"patient_name\": \"Mo E. Lester\"}',3),(608,'VIEW','2025-06-29 10:56:35.121324','{\"message\": \"Viewed a patient image:\", \"patient_id\": 6, \"patient_name\": \"Mo E. Lester\"}',3),(609,'VIEW','2025-06-29 10:56:35.142380','{\"message\": \"Viewed a patient image:\", \"patient_id\": 6, \"patient_name\": \"Mo E. Lester\"}',3),(610,'VIEW','2025-06-29 11:43:43.852433','{\"message\": \"Viewed bed assignment list:\"}',2),(611,'VIEW','2025-06-29 11:43:43.892433','{\"message\": \"Viewed bed assignment list:\"}',2),(612,'VIEW','2025-06-29 11:44:09.530962','{\"message\": \"Viewed bills:\"}',2),(613,'VIEW','2025-06-29 11:44:09.582580','{\"message\": \"Viewed bills:\"}',2),(614,'VIEW','2025-06-29 11:50:07.882028','{\"query\": \"h\", \"message\": \"Searched a billing:\"}',2),(615,'VIEW','2025-06-29 11:50:07.950034','{\"query\": \"h\", \"message\": \"Searched a billing:\"}',2),(616,'VIEW','2025-06-29 11:50:08.001652','{\"query\": \"h\", \"message\": \"Searched a billing:\"}',2),(617,'VIEW','2025-06-29 11:50:08.058781','{\"query\": \"h\", \"message\": \"Searched a billing:\"}',2),(618,'VIEW','2025-06-29 11:50:08.773322','{\"message\": \"Viewed bills:\"}',2),(619,'VIEW','2025-06-29 11:50:08.862761','{\"query\": \"h\", \"message\": \"Searched a billing:\"}',2),(620,'VIEW','2025-06-29 11:50:08.910509','{\"query\": \"h\", \"message\": \"Searched a billing:\"}',2),(621,'VIEW','2025-06-29 11:50:09.691881','{\"message\": \"Viewed bills:\"}',2),(622,'VIEW','2025-06-29 11:50:09.733571','{\"query\": \"h\", \"message\": \"Searched a billing:\"}',2),(623,'VIEW','2025-06-29 11:50:09.796118','{\"query\": \"h\", \"message\": \"Searched a billing:\"}',2),(624,'VIEW','2025-06-29 11:50:09.846412','{\"query\": \"h\", \"message\": \"Searched a billing:\"}',2),(625,'VIEW','2025-06-29 11:50:09.889637','{\"query\": \"h\", \"message\": \"Searched a billing:\"}',2),(626,'VIEW','2025-06-29 11:50:10.477081','{\"message\": \"Viewed bills:\"}',2),(627,'VIEW','2025-06-29 11:50:10.503013','{\"query\": \"h\", \"message\": \"Searched a billing:\"}',2),(628,'VIEW','2025-06-29 11:50:10.558047','{\"query\": \"h\", \"message\": \"Searched a billing:\"}',2),(629,'VIEW','2025-06-29 11:50:10.603433','{\"query\": \"h\", \"message\": \"Searched a billing:\"}',2),(630,'VIEW','2025-06-29 11:50:10.646391','{\"query\": \"h\", \"message\": \"Searched a billing:\"}',2),(631,'VIEW','2025-06-29 11:50:11.102471','{\"message\": \"Viewed bills:\"}',2),(632,'VIEW','2025-06-29 11:50:11.133836','{\"query\": \"h\", \"message\": \"Searched a billing:\"}',2),(633,'VIEW','2025-06-29 11:50:11.191384','{\"query\": \"h\", \"message\": \"Searched a billing:\"}',2),(634,'VIEW','2025-06-29 11:50:11.237603','{\"query\": \"h\", \"message\": \"Searched a billing:\"}',2),(635,'VIEW','2025-06-29 11:50:11.282764','{\"query\": \"h\", \"message\": \"Searched a billing:\"}',2),(636,'VIEW','2025-06-29 11:50:11.546658','{\"message\": \"Viewed bills:\"}',2),(637,'VIEW','2025-06-29 11:50:11.591707','{\"query\": \"h\", \"message\": \"Searched a billing:\"}',2),(638,'VIEW','2025-06-29 11:50:11.654733','{\"query\": \"h\", \"message\": \"Searched a billing:\"}',2),(639,'VIEW','2025-06-29 11:50:11.713783','{\"query\": \"h\", \"message\": \"Searched a billing:\"}',2),(640,'VIEW','2025-06-29 11:50:11.761788','{\"query\": \"h\", \"message\": \"Searched a billing:\"}',2),(641,'VIEW','2025-06-29 11:50:11.901205','{\"message\": \"Viewed bills:\"}',2),(642,'VIEW','2025-06-29 11:50:11.959682','{\"query\": \"h\", \"message\": \"Searched a billing:\"}',2),(643,'VIEW','2025-06-29 11:50:12.036023','{\"query\": \"h\", \"message\": \"Searched a billing:\"}',2),(644,'VIEW','2025-06-29 11:50:12.084305','{\"query\": \"h\", \"message\": \"Searched a billing:\"}',2),(645,'VIEW','2025-06-29 11:50:12.140787','{\"query\": \"h\", \"message\": \"Searched a billing:\"}',2),(646,'VIEW','2025-06-29 11:50:12.632671','{\"message\": \"Viewed bills:\"}',2),(647,'VIEW','2025-06-29 11:50:12.673917','{\"query\": \"h\", \"message\": \"Searched a billing:\"}',2),(648,'VIEW','2025-06-29 11:50:12.722380','{\"query\": \"h\", \"message\": \"Searched a billing:\"}',2),(649,'VIEW','2025-06-29 11:50:12.776287','{\"query\": \"h\", \"message\": \"Searched a billing:\"}',2),(650,'VIEW','2025-06-29 11:50:12.818008','{\"query\": \"h\", \"message\": \"Searched a billing:\"}',2),(651,'VIEW','2025-06-29 11:50:12.938326','{\"message\": \"Viewed bills:\"}',2),(652,'VIEW','2025-06-29 11:50:12.981803','{\"query\": \"h\", \"message\": \"Searched a billing:\"}',2),(653,'VIEW','2025-06-29 11:50:13.035298','{\"query\": \"h\", \"message\": \"Searched a billing:\"}',2),(654,'VIEW','2025-06-29 11:50:13.091082','{\"query\": \"h\", \"message\": \"Searched a billing:\"}',2),(655,'VIEW','2025-06-29 11:50:13.140782','{\"query\": \"h\", \"message\": \"Searched a billing:\"}',2),(656,'VIEW','2025-06-29 11:50:19.299852','{\"query\": \"h\", \"message\": \"Searched a billing:\"}',2),(657,'VIEW','2025-06-29 11:50:19.343987','{\"query\": \"h\", \"message\": \"Searched a billing:\"}',2),(658,'VIEW','2025-06-29 11:50:20.275568','{\"query\": \"h\", \"message\": \"Searched a billing:\"}',2),(659,'VIEW','2025-06-29 11:50:20.334463','{\"query\": \"h\", \"message\": \"Searched a billing:\"}',2),(660,'VIEW','2025-06-29 11:50:22.444368','{\"query\": \"h\", \"message\": \"Searched a billing:\"}',2),(661,'VIEW','2025-06-29 11:50:22.529307','{\"query\": \"h\", \"message\": \"Searched a billing:\"}',2),(662,'VIEW','2025-06-29 12:07:38.366207','{\"query\": \"j\", \"message\": \"Searched a billing:\"}',2),(663,'VIEW','2025-06-29 12:07:38.495341','{\"query\": \"j\", \"message\": \"Searched a billing:\"}',2),(664,'VIEW','2025-06-29 12:07:38.571541','{\"query\": \"j\", \"message\": \"Searched a billing:\"}',2),(665,'VIEW','2025-06-29 12:07:38.632057','{\"query\": \"j\", \"message\": \"Searched a billing:\"}',2),(666,'VIEW','2025-06-29 12:07:39.317525','{\"message\": \"Viewed bills:\"}',2),(667,'VIEW','2025-06-29 12:07:39.433991','{\"query\": \"j\", \"message\": \"Searched a billing:\"}',2),(668,'VIEW','2025-06-29 12:07:39.491547','{\"query\": \"j\", \"message\": \"Searched a billing:\"}',2),(669,'VIEW','2025-06-29 12:07:41.232129','{\"message\": \"Viewed bills:\"}',2),(670,'VIEW','2025-06-29 12:07:41.306798','{\"query\": \"j\", \"message\": \"Searched a billing:\"}',2),(671,'VIEW','2025-06-29 12:07:41.464380','{\"query\": \"j\", \"message\": \"Searched a billing:\"}',2),(672,'VIEW','2025-06-29 12:07:41.544650','{\"query\": \"j\", \"message\": \"Searched a billing:\"}',2),(673,'VIEW','2025-06-29 12:07:41.607098','{\"query\": \"j\", \"message\": \"Searched a billing:\"}',2),(674,'VIEW','2025-06-29 12:07:43.857285','{\"message\": \"Viewed bills:\"}',2),(675,'VIEW','2025-06-29 12:07:44.034418','{\"message\": \"Viewed bills:\"}',2),(676,'VIEW','2025-06-29 12:07:45.552267','{\"query\": \"j\", \"message\": \"Searched a billing:\"}',2),(677,'VIEW','2025-06-29 12:07:45.635537','{\"query\": \"j\", \"message\": \"Searched a billing:\"}',2),(678,'VIEW','2025-06-29 12:07:53.404995','{\"query\": \"jas\", \"message\": \"Searched a patient:\"}',2),(679,'VIEW','2025-06-29 12:08:01.943186','{\"query\": \"mo\", \"message\": \"Searched a patient:\"}',2),(680,'CREATE','2025-06-29 12:08:07.722391','{\"message\": \"Created a new billing: 2\"}',2),(681,'VIEW','2025-06-29 12:08:10.005016','{\"query\": \"m\", \"message\": \"Searched a billing:\"}',2),(682,'VIEW','2025-06-29 12:08:10.092536','{\"query\": \"m\", \"message\": \"Searched a billing:\"}',2),(683,'VIEW','2025-06-29 12:08:10.185170','{\"query\": \"m\", \"message\": \"Searched a billing:\"}',2),(684,'VIEW','2025-06-29 12:08:10.236300','{\"query\": \"m\", \"message\": \"Searched a billing:\"}',2),(685,'VIEW','2025-06-29 12:08:11.037795','{\"query\": \"mo\", \"message\": \"Searched a billing:\"}',2),(686,'VIEW','2025-06-29 12:08:11.081795','{\"query\": \"mo\", \"message\": \"Searched a billing:\"}',2),(687,'VIEW','2025-06-29 12:08:11.627265','{\"query\": \"moe\", \"message\": \"Searched a billing:\"}',2),(688,'VIEW','2025-06-29 12:08:11.647261','{\"query\": \"moe\", \"message\": \"Searched a billing:\"}',2),(689,'VIEW','2025-06-29 12:08:13.164064','{\"query\": \"mo\", \"message\": \"Searched a billing:\"}',2),(690,'VIEW','2025-06-29 12:08:13.211073','{\"query\": \"mo\", \"message\": \"Searched a billing:\"}',2),(691,'VIEW','2025-06-29 12:08:14.231875','{\"message\": \"Viewed bills:\"}',2),(692,'VIEW','2025-06-29 12:08:14.248875','{\"query\": \"mo\", \"message\": \"Searched a billing:\"}',2),(693,'VIEW','2025-06-29 12:08:14.325275','{\"query\": \"mo\", \"message\": \"Searched a billing:\"}',2),(694,'VIEW','2025-06-29 12:08:14.360797','{\"query\": \"mo\", \"message\": \"Searched a billing:\"}',2),(695,'VIEW','2025-06-29 12:08:14.392024','{\"query\": \"mo\", \"message\": \"Searched a billing:\"}',2),(696,'VIEW','2025-06-29 12:08:16.871149','{\"message\": \"Viewed bills:\"}',2),(697,'VIEW','2025-06-29 12:08:16.924814','{\"message\": \"Viewed bills:\"}',2),(698,'VIEW','2025-06-29 12:08:20.094496','{\"query\": \"mo\", \"message\": \"Searched a billing:\"}',2),(699,'VIEW','2025-06-29 12:08:20.169154','{\"query\": \"mo\", \"message\": \"Searched a billing:\"}',2),(700,'VIEW','2025-06-29 12:08:23.604988','{\"query\": \"mo\", \"message\": \"Searched a billing:\"}',2),(701,'VIEW','2025-06-29 12:08:23.771560','{\"query\": \"mo\", \"message\": \"Searched a billing:\"}',2),(702,'VIEW','2025-06-29 12:08:25.082590','{\"query\": \"mo\", \"message\": \"Searched a billing:\"}',2),(703,'VIEW','2025-06-29 12:08:25.132797','{\"query\": \"mo\", \"message\": \"Searched a billing:\"}',2),(704,'VIEW','2025-06-29 12:11:08.765622','{\"query\": \"j\", \"message\": \"Searched a billing:\"}',2),(705,'VIEW','2025-06-29 12:11:08.857899','{\"query\": \"j\", \"message\": \"Searched a billing:\"}',2),(706,'VIEW','2025-06-29 12:11:09.028618','{\"query\": \"j\", \"message\": \"Searched a billing:\"}',2),(707,'VIEW','2025-06-29 12:11:09.097524','{\"query\": \"j\", \"message\": \"Searched a billing:\"}',2),(708,'VIEW','2025-06-29 12:11:12.893085','{\"message\": \"Viewed bills:\"}',2),(709,'VIEW','2025-06-29 12:11:13.012668','{\"query\": \"j\", \"message\": \"Searched a billing:\"}',2),(710,'VIEW','2025-06-29 12:11:13.081238','{\"query\": \"j\", \"message\": \"Searched a billing:\"}',2),(711,'VIEW','2025-06-29 12:11:13.907618','{\"query\": \"j\", \"message\": \"Searched a billing:\"}',2),(712,'VIEW','2025-06-29 12:11:14.062095','{\"query\": \"j\", \"message\": \"Searched a billing:\"}',2),(713,'VIEW','2025-06-29 12:11:16.006606','{\"query\": \"j\", \"message\": \"Searched a patient:\"}',2),(714,'VIEW','2025-06-29 12:11:23.327972','{\"query\": \"j\", \"message\": \"Searched a billing:\"}',2),(715,'VIEW','2025-06-29 12:11:23.413047','{\"query\": \"j\", \"message\": \"Searched a billing:\"}',2),(716,'VIEW','2025-06-29 12:11:24.064187','{\"query\": \"j\", \"message\": \"Searched a billing:\"}',2),(717,'VIEW','2025-06-29 12:11:24.183980','{\"query\": \"j\", \"message\": \"Searched a billing:\"}',2),(718,'VIEW','2025-06-29 12:11:25.910911','{\"query\": \"k\", \"message\": \"Searched a patient:\"}',2),(719,'VIEW','2025-06-29 12:12:14.934340','{\"query\": \"a\", \"message\": \"Searched a patient:\"}',2),(720,'VIEW','2025-06-29 12:12:16.467974','{\"query\": \"Filmor Sarmiento\", \"message\": \"Searched a patient:\"}',2),(721,'VIEW','2025-06-29 12:12:57.462895','{\"query\": \"a\", \"message\": \"Searched a patient:\"}',2),(722,'VIEW','2025-06-29 12:13:46.215527','{\"query\": \"a\", \"message\": \"Searched a patient:\"}',2),(723,'VIEW','2025-06-29 12:14:43.494160','{\"query\": \"a\", \"message\": \"Searched a patient:\"}',2),(724,'VIEW','2025-06-29 12:15:14.037232','{\"query\": \"a\", \"message\": \"Searched a patient:\"}',2),(725,'VIEW','2025-06-29 12:15:51.568251','{\"query\": \"aa\", \"message\": \"Searched a patient:\"}',2),(726,'VIEW','2025-06-29 12:15:53.551163','{\"query\": \"a\", \"message\": \"Searched a patient:\"}',2),(727,'VIEW','2025-06-29 12:16:32.745340','{\"query\": \"a\", \"message\": \"Searched a patient:\"}',2),(728,'VIEW','2025-06-29 12:17:04.794265','{\"query\": \"z\", \"message\": \"Searched a billing:\"}',2),(729,'VIEW','2025-06-29 12:17:04.829019','{\"query\": \"z\", \"message\": \"Searched a billing:\"}',2),(730,'VIEW','2025-06-29 12:17:04.883530','{\"query\": \"z\", \"message\": \"Searched a billing:\"}',2),(731,'VIEW','2025-06-29 12:17:04.910525','{\"query\": \"z\", \"message\": \"Searched a billing:\"}',2),(732,'VIEW','2025-06-29 12:17:07.380083','{\"query\": \"z\", \"message\": \"Searched a billing:\"}',2),(733,'VIEW','2025-06-29 12:17:07.407196','{\"query\": \"z\", \"message\": \"Searched a billing:\"}',2),(734,'VIEW','2025-06-29 12:17:07.446320','{\"query\": \"z\", \"message\": \"Searched a billing:\"}',2),(735,'VIEW','2025-06-29 12:17:07.475838','{\"query\": \"z\", \"message\": \"Searched a billing:\"}',2),(736,'VIEW','2025-06-29 12:17:09.863584','{\"query\": \"a\", \"message\": \"Searched a billing:\"}',2),(737,'VIEW','2025-06-29 12:17:09.939413','{\"query\": \"a\", \"message\": \"Searched a billing:\"}',2),(738,'VIEW','2025-06-29 12:17:10.010553','{\"query\": \"a\", \"message\": \"Searched a billing:\"}',2),(739,'VIEW','2025-06-29 12:17:10.078877','{\"query\": \"a\", \"message\": \"Searched a billing:\"}',2),(740,'VIEW','2025-06-29 12:17:14.740183','{\"message\": \"Viewed bills:\"}',2),(741,'VIEW','2025-06-29 12:17:14.935046','{\"query\": \"a\", \"message\": \"Searched a billing:\"}',2),(742,'VIEW','2025-06-29 12:17:15.004890','{\"query\": \"a\", \"message\": \"Searched a billing:\"}',2),(743,'VIEW','2025-06-29 12:17:16.512534','{\"message\": \"Viewed bills:\"}',2),(744,'VIEW','2025-06-29 12:17:16.593378','{\"query\": \"a\", \"message\": \"Searched a billing:\"}',2),(745,'VIEW','2025-06-29 12:17:16.687959','{\"query\": \"a\", \"message\": \"Searched a billing:\"}',2),(746,'VIEW','2025-06-29 12:17:16.747099','{\"query\": \"a\", \"message\": \"Searched a billing:\"}',2),(747,'VIEW','2025-06-29 12:17:16.812231','{\"query\": \"a\", \"message\": \"Searched a billing:\"}',2),(748,'VIEW','2025-06-29 12:17:26.333161','{\"query\": \"a\", \"message\": \"Searched a billing:\"}',2),(749,'VIEW','2025-06-29 12:17:26.444447','{\"query\": \"a\", \"message\": \"Searched a billing:\"}',2),(750,'VIEW','2025-06-29 12:17:58.710226','{\"query\": \"a\", \"message\": \"Searched a billing:\"}',2),(751,'VIEW','2025-06-29 12:17:58.895263','{\"query\": \"a\", \"message\": \"Searched a billing:\"}',2),(752,'VIEW','2025-06-29 12:17:59.017264','{\"query\": \"a\", \"message\": \"Searched a billing:\"}',2),(753,'VIEW','2025-06-29 12:17:59.176879','{\"query\": \"a\", \"message\": \"Searched a billing:\"}',2),(754,'VIEW','2025-06-29 12:17:59.571383','{\"message\": \"Viewed bills:\"}',2),(755,'VIEW','2025-06-29 12:17:59.657661','{\"query\": \"a\", \"message\": \"Searched a billing:\"}',2),(756,'VIEW','2025-06-29 12:17:59.749432','{\"query\": \"a\", \"message\": \"Searched a billing:\"}',2),(757,'VIEW','2025-06-29 12:17:59.827150','{\"query\": \"a\", \"message\": \"Searched a billing:\"}',2),(758,'VIEW','2025-06-29 12:17:59.885999','{\"query\": \"a\", \"message\": \"Searched a billing:\"}',2),(759,'VIEW','2025-06-29 12:17:59.943127','{\"query\": \"a\", \"message\": \"Searched a billing:\"}',2),(760,'VIEW','2025-06-29 12:18:00.037454','{\"query\": \"a\", \"message\": \"Searched a billing:\"}',2),(761,'VIEW','2025-06-29 12:18:00.633732','{\"message\": \"Viewed bills:\"}',2),(762,'VIEW','2025-06-29 12:18:00.710753','{\"query\": \"a\", \"message\": \"Searched a billing:\"}',2),(763,'VIEW','2025-06-29 12:18:00.807020','{\"query\": \"a\", \"message\": \"Searched a billing:\"}',2),(764,'VIEW','2025-06-29 12:18:00.869204','{\"query\": \"a\", \"message\": \"Searched a billing:\"}',2),(765,'VIEW','2025-06-29 12:18:00.929741','{\"query\": \"a\", \"message\": \"Searched a billing:\"}',2),(766,'VIEW','2025-06-29 12:18:00.986166','{\"query\": \"a\", \"message\": \"Searched a billing:\"}',2),(767,'VIEW','2025-06-29 12:18:01.057130','{\"query\": \"a\", \"message\": \"Searched a billing:\"}',2),(768,'VIEW','2025-06-29 12:18:01.840962','{\"message\": \"Viewed bills:\"}',2),(769,'VIEW','2025-06-29 12:18:01.988308','{\"query\": \"a\", \"message\": \"Searched a billing:\"}',2),(770,'VIEW','2025-06-29 12:18:02.093624','{\"query\": \"a\", \"message\": \"Searched a billing:\"}',2),(771,'VIEW','2025-06-29 12:18:02.187915','{\"query\": \"a\", \"message\": \"Searched a billing:\"}',2),(772,'VIEW','2025-06-29 12:18:02.250870','{\"query\": \"a\", \"message\": \"Searched a billing:\"}',2),(773,'VIEW','2025-06-29 12:18:02.322616','{\"query\": \"a\", \"message\": \"Searched a billing:\"}',2),(774,'VIEW','2025-06-29 12:18:02.398331','{\"query\": \"a\", \"message\": \"Searched a billing:\"}',2),(775,'VIEW','2025-06-29 12:18:03.638684','{\"message\": \"Viewed bills:\"}',2),(776,'VIEW','2025-06-29 12:18:03.925610','{\"query\": \"a\", \"message\": \"Searched a billing:\"}',2),(777,'VIEW','2025-06-29 12:18:04.026809','{\"query\": \"a\", \"message\": \"Searched a billing:\"}',2),(778,'VIEW','2025-06-29 12:18:04.090495','{\"query\": \"a\", \"message\": \"Searched a billing:\"}',2),(779,'VIEW','2025-06-29 12:18:04.148560','{\"query\": \"a\", \"message\": \"Searched a billing:\"}',2),(780,'VIEW','2025-06-29 12:18:04.201711','{\"query\": \"a\", \"message\": \"Searched a billing:\"}',2),(781,'VIEW','2025-06-29 12:18:04.261433','{\"query\": \"a\", \"message\": \"Searched a billing:\"}',2),(782,'VIEW','2025-06-29 12:18:04.720842','{\"message\": \"Viewed bills:\"}',2),(783,'VIEW','2025-06-29 12:18:04.810379','{\"query\": \"a\", \"message\": \"Searched a billing:\"}',2),(784,'VIEW','2025-06-29 12:18:04.918264','{\"query\": \"a\", \"message\": \"Searched a billing:\"}',2),(785,'VIEW','2025-06-29 12:18:04.990130','{\"query\": \"a\", \"message\": \"Searched a billing:\"}',2),(786,'VIEW','2025-06-29 12:18:05.048353','{\"query\": \"a\", \"message\": \"Searched a billing:\"}',2),(787,'VIEW','2025-06-29 12:18:05.099324','{\"query\": \"a\", \"message\": \"Searched a billing:\"}',2),(788,'VIEW','2025-06-29 12:18:05.161955','{\"query\": \"a\", \"message\": \"Searched a billing:\"}',2),(789,'VIEW','2025-06-29 12:18:13.053987','{\"query\": \"a\", \"message\": \"Searched a billing:\"}',2),(790,'VIEW','2025-06-29 12:18:13.143684','{\"query\": \"a\", \"message\": \"Searched a billing:\"}',2),(791,'VIEW','2025-06-29 12:18:13.778030','{\"message\": \"Viewed bills:\"}',2),(792,'VIEW','2025-06-29 12:18:13.854032','{\"query\": \"RDS4AHTF\", \"message\": \"Searched a billing:\"}',2),(793,'VIEW','2025-06-29 12:18:13.948020','{\"query\": \"RDS4AHTF\", \"message\": \"Searched a billing:\"}',2),(794,'VIEW','2025-06-29 12:18:14.023642','{\"query\": \"RDS4AHTF\", \"message\": \"Searched a billing:\"}',2),(795,'VIEW','2025-06-29 12:18:14.072151','{\"query\": \"RDS4AHTF\", \"message\": \"Searched a billing:\"}',2),(796,'VIEW','2025-06-29 12:18:14.120777','{\"query\": \"RDS4AHTF\", \"message\": \"Searched a billing:\"}',2),(797,'VIEW','2025-06-29 12:18:14.160749','{\"query\": \"RDS4AHTF\", \"message\": \"Searched a billing:\"}',2),(798,'VIEW','2025-06-29 12:18:14.924052','{\"message\": \"Viewed bills:\"}',2),(799,'VIEW','2025-06-29 12:18:14.974008','{\"query\": \"RDS4AHTF\", \"message\": \"Searched a billing:\"}',2),(800,'VIEW','2025-06-29 12:18:15.032651','{\"query\": \"RDS4AHTF\", \"message\": \"Searched a billing:\"}',2),(801,'VIEW','2025-06-29 12:18:15.297106','{\"query\": \"RDS4AHTF\", \"message\": \"Searched a billing:\"}',2),(802,'VIEW','2025-06-29 12:18:15.408796','{\"query\": \"RDS4AHTF\", \"message\": \"Searched a billing:\"}',2),(803,'VIEW','2025-06-29 12:18:15.476128','{\"query\": \"RDS4AHTF\", \"message\": \"Searched a billing:\"}',2),(804,'VIEW','2025-06-29 12:18:15.541986','{\"query\": \"RDS4AHTF\", \"message\": \"Searched a billing:\"}',2),(805,'VIEW','2025-06-29 12:18:17.025065','{\"query\": \"RDS4AHT\", \"message\": \"Searched a billing:\"}',2),(806,'VIEW','2025-06-29 12:18:17.080663','{\"query\": \"RDS4AHT\", \"message\": \"Searched a billing:\"}',2),(807,'VIEW','2025-06-29 12:18:20.201549','{\"query\": \"RDS4AHT\", \"message\": \"Searched a billing:\"}',2),(808,'VIEW','2025-06-29 12:18:20.276862','{\"query\": \"RDS4AHT\", \"message\": \"Searched a billing:\"}',2),(809,'VIEW','2025-06-29 12:18:21.081332','{\"message\": \"Viewed bills:\"}',2),(810,'VIEW','2025-06-29 12:18:21.172340','{\"query\": \"RDS4AHT\", \"message\": \"Searched a billing:\"}',2),(811,'VIEW','2025-06-29 12:18:21.293854','{\"query\": \"RDS4AHT\", \"message\": \"Searched a billing:\"}',2),(812,'VIEW','2025-06-29 12:18:21.411540','{\"query\": \"RDS4AHT\", \"message\": \"Searched a billing:\"}',2),(813,'VIEW','2025-06-29 12:18:21.468020','{\"query\": \"RDS4AHT\", \"message\": \"Searched a billing:\"}',2),(814,'VIEW','2025-06-29 12:18:21.532899','{\"query\": \"RDS4AHT\", \"message\": \"Searched a billing:\"}',2),(815,'VIEW','2025-06-29 12:18:21.602190','{\"query\": \"RDS4AHT\", \"message\": \"Searched a billing:\"}',2),(816,'VIEW','2025-06-29 13:02:30.840483','{\"message\": \"Viewed bed assignment list:\"}',2),(817,'VIEW','2025-06-29 13:02:30.883555','{\"message\": \"Viewed bed assignment list:\"}',2),(818,'VIEW','2025-06-29 13:04:52.393601','{\"message\": \"Viewed bills:\"}',2),(819,'VIEW','2025-06-29 13:04:52.441649','{\"message\": \"Viewed bills:\"}',2),(820,'VIEW','2025-06-29 13:04:58.565302','{\"message\": \"Viewed bills:\"}',2),(821,'VIEW','2025-06-29 13:05:14.876685','{\"message\": \"Viewed bills:\"}',2),(822,'VIEW','2025-06-29 13:05:24.787946','{\"query\": \"M\", \"message\": \"Searched a billing:\"}',2),(823,'VIEW','2025-06-29 13:05:24.871633','{\"query\": \"M\", \"message\": \"Searched a billing:\"}',2),(824,'VIEW','2025-06-29 13:05:24.967827','{\"query\": \"M\", \"message\": \"Searched a billing:\"}',2),(825,'VIEW','2025-06-29 13:05:25.062202','{\"query\": \"M\", \"message\": \"Searched a billing:\"}',2),(826,'VIEW','2025-06-29 13:05:26.208055','{\"query\": \"Mo\", \"message\": \"Searched a billing:\"}',2),(827,'VIEW','2025-06-29 13:05:26.296677','{\"query\": \"Mo\", \"message\": \"Searched a billing:\"}',2),(828,'VIEW','2025-06-29 13:05:27.882473','{\"message\": \"Viewed bills:\"}',2),(829,'VIEW','2025-06-29 13:05:27.976038','{\"query\": \"Mo\", \"message\": \"Searched a billing:\"}',2),(830,'VIEW','2025-06-29 13:05:28.064048','{\"query\": \"Mo\", \"message\": \"Searched a billing:\"}',2),(831,'VIEW','2025-06-29 13:05:28.127575','{\"query\": \"Mo\", \"message\": \"Searched a billing:\"}',2),(832,'VIEW','2025-06-29 13:05:28.175691','{\"query\": \"Mo\", \"message\": \"Searched a billing:\"}',2),(833,'VIEW','2025-06-29 13:05:28.224583','{\"query\": \"Mo\", \"message\": \"Searched a billing:\"}',2),(834,'VIEW','2025-06-29 13:05:28.283745','{\"query\": \"Mo\", \"message\": \"Searched a billing:\"}',2),(835,'VIEW','2025-06-29 13:06:09.321712','{\"query\": \"y\", \"message\": \"Searched a billing:\"}',2),(836,'VIEW','2025-06-29 13:06:09.451640','{\"query\": \"y\", \"message\": \"Searched a billing:\"}',2),(837,'VIEW','2025-06-29 13:06:09.570506','{\"query\": \"y\", \"message\": \"Searched a billing:\"}',2),(838,'VIEW','2025-06-29 13:06:09.655046','{\"query\": \"y\", \"message\": \"Searched a billing:\"}',2),(839,'VIEW','2025-06-29 13:06:10.451189','{\"message\": \"Viewed bills:\"}',2),(840,'VIEW','2025-06-29 13:06:10.580731','{\"query\": \"y\", \"message\": \"Searched a billing:\"}',2),(841,'VIEW','2025-06-29 13:06:10.656279','{\"query\": \"y\", \"message\": \"Searched a billing:\"}',2),(842,'VIEW','2025-06-29 13:06:10.727433','{\"query\": \"y\", \"message\": \"Searched a billing:\"}',2),(843,'VIEW','2025-06-29 13:06:10.879588','{\"query\": \"y\", \"message\": \"Searched a billing:\"}',2),(844,'VIEW','2025-06-29 13:06:10.924584','{\"query\": \"y\", \"message\": \"Searched a billing:\"}',2),(845,'VIEW','2025-06-29 13:06:10.973927','{\"query\": \"y\", \"message\": \"Searched a billing:\"}',2),(846,'VIEW','2025-06-29 13:06:45.937198','{\"query\": \"y\", \"message\": \"Searched a billing:\"}',2),(847,'VIEW','2025-06-29 13:06:46.049033','{\"query\": \"y\", \"message\": \"Searched a billing:\"}',2),(848,'VIEW','2025-06-29 13:06:49.141142','{\"message\": \"Viewed bills:\"}',2),(849,'VIEW','2025-06-29 13:06:49.195114','{\"query\": \"y\", \"message\": \"Searched a billing:\"}',2),(850,'VIEW','2025-06-29 13:06:49.288853','{\"query\": \"y\", \"message\": \"Searched a billing:\"}',2),(851,'VIEW','2025-06-29 13:06:49.351817','{\"query\": \"y\", \"message\": \"Searched a billing:\"}',2),(852,'VIEW','2025-06-29 13:06:49.408130','{\"query\": \"y\", \"message\": \"Searched a billing:\"}',2),(853,'VIEW','2025-06-29 13:06:49.445481','{\"query\": \"y\", \"message\": \"Searched a billing:\"}',2),(854,'VIEW','2025-06-29 13:06:49.494447','{\"query\": \"y\", \"message\": \"Searched a billing:\"}',2),(855,'VIEW','2025-06-29 13:07:06.402798','{\"query\": \"m\", \"message\": \"Searched a billing:\"}',2),(856,'VIEW','2025-06-29 13:07:06.472561','{\"query\": \"m\", \"message\": \"Searched a billing:\"}',2),(857,'VIEW','2025-06-29 13:07:06.543230','{\"query\": \"m\", \"message\": \"Searched a billing:\"}',2),(858,'VIEW','2025-06-29 13:07:06.626372','{\"query\": \"m\", \"message\": \"Searched a billing:\"}',2),(859,'VIEW','2025-06-29 13:07:07.152552','{\"query\": \"mo\", \"message\": \"Searched a billing:\"}',2),(860,'VIEW','2025-06-29 13:07:07.218617','{\"query\": \"mo\", \"message\": \"Searched a billing:\"}',2),(861,'VIEW','2025-06-29 13:07:08.174376','{\"message\": \"Viewed bills:\"}',2),(862,'VIEW','2025-06-29 13:07:08.259760','{\"query\": \"mo\", \"message\": \"Searched a billing:\"}',2),(863,'VIEW','2025-06-29 13:07:08.322763','{\"query\": \"mo\", \"message\": \"Searched a billing:\"}',2),(864,'VIEW','2025-06-29 13:07:08.398337','{\"query\": \"mo\", \"message\": \"Searched a billing:\"}',2),(865,'VIEW','2025-06-29 13:07:08.460291','{\"query\": \"mo\", \"message\": \"Searched a billing:\"}',2),(866,'VIEW','2025-06-29 13:07:08.509477','{\"query\": \"mo\", \"message\": \"Searched a billing:\"}',2),(867,'VIEW','2025-06-29 13:07:08.561816','{\"query\": \"mo\", \"message\": \"Searched a billing:\"}',2),(868,'VIEW','2025-06-29 13:07:41.192766','{\"query\": \"mo\", \"message\": \"Searched a billing:\"}',2),(869,'VIEW','2025-06-29 13:07:41.267839','{\"query\": \"mo\", \"message\": \"Searched a billing:\"}',2),(870,'VIEW','2025-06-29 13:07:51.374053','{\"query\": \"mo\", \"message\": \"Searched a billing:\"}',2),(871,'VIEW','2025-06-29 13:07:51.449268','{\"query\": \"mo\", \"message\": \"Searched a billing:\"}',2),(872,'VIEW','2025-06-29 13:07:59.351749','{\"message\": \"Viewed bills:\"}',2),(873,'VIEW','2025-06-29 13:07:59.399782','{\"query\": \"mo\", \"message\": \"Searched a billing:\"}',2),(874,'VIEW','2025-06-29 13:07:59.486791','{\"query\": \"mo\", \"message\": \"Searched a billing:\"}',2),(875,'VIEW','2025-06-29 13:07:59.556321','{\"query\": \"mo\", \"message\": \"Searched a billing:\"}',2),(876,'VIEW','2025-06-29 13:07:59.610335','{\"query\": \"mo\", \"message\": \"Searched a billing:\"}',2),(877,'VIEW','2025-06-29 13:07:59.657854','{\"query\": \"mo\", \"message\": \"Searched a billing:\"}',2),(878,'VIEW','2025-06-29 13:07:59.705862','{\"query\": \"mo\", \"message\": \"Searched a billing:\"}',2),(879,'VIEW','2025-06-29 13:08:01.638155','{\"query\": \"m\", \"message\": \"Searched a billing:\"}',2),(880,'VIEW','2025-06-29 13:08:01.719523','{\"query\": \"m\", \"message\": \"Searched a billing:\"}',2),(881,'VIEW','2025-06-29 13:08:02.589213','{\"message\": \"Viewed bills:\"}',2),(882,'VIEW','2025-06-29 13:08:02.709981','{\"query\": \"m\", \"message\": \"Searched a billing:\"}',2),(883,'VIEW','2025-06-29 13:08:02.865095','{\"query\": \"m\", \"message\": \"Searched a billing:\"}',2),(884,'VIEW','2025-06-29 13:08:02.949777','{\"query\": \"m\", \"message\": \"Searched a billing:\"}',2),(885,'VIEW','2025-06-29 13:08:02.999643','{\"query\": \"m\", \"message\": \"Searched a billing:\"}',2),(886,'VIEW','2025-06-29 13:08:03.052892','{\"query\": \"m\", \"message\": \"Searched a billing:\"}',2),(887,'VIEW','2025-06-29 13:08:03.121618','{\"query\": \"m\", \"message\": \"Searched a billing:\"}',2),(888,'VIEW','2025-06-29 13:08:04.428305','{\"message\": \"Viewed bills:\"}',2),(889,'VIEW','2025-06-29 13:08:04.517602','{\"query\": \"m\", \"message\": \"Searched a billing:\"}',2),(890,'VIEW','2025-06-29 13:08:04.629644','{\"query\": \"m\", \"message\": \"Searched a billing:\"}',2),(891,'VIEW','2025-06-29 13:08:04.705888','{\"query\": \"m\", \"message\": \"Searched a billing:\"}',2),(892,'VIEW','2025-06-29 13:08:04.772603','{\"query\": \"m\", \"message\": \"Searched a billing:\"}',2),(893,'VIEW','2025-06-29 13:08:04.827134','{\"query\": \"m\", \"message\": \"Searched a billing:\"}',2),(894,'VIEW','2025-06-29 13:08:04.882135','{\"query\": \"m\", \"message\": \"Searched a billing:\"}',2),(895,'VIEW','2025-06-29 13:08:17.366483','{\"query\": \"m\", \"message\": \"Searched a billing:\"}',2),(896,'VIEW','2025-06-29 13:08:17.577711','{\"query\": \"m\", \"message\": \"Searched a billing:\"}',2),(897,'VIEW','2025-06-29 13:08:35.300992','{\"query\": \"m\", \"message\": \"Searched a billing:\"}',2),(898,'VIEW','2025-06-29 13:08:35.361269','{\"query\": \"m\", \"message\": \"Searched a billing:\"}',2),(899,'VIEW','2025-06-29 13:08:39.332239','{\"query\": \"m\", \"message\": \"Searched a billing:\"}',2),(900,'VIEW','2025-06-29 13:08:39.447853','{\"query\": \"m\", \"message\": \"Searched a billing:\"}',2),(901,'VIEW','2025-06-29 13:08:44.692789','{\"query\": \"m\", \"message\": \"Searched a billing:\"}',2),(902,'VIEW','2025-06-29 13:08:44.776504','{\"query\": \"m\", \"message\": \"Searched a billing:\"}',2),(903,'VIEW','2025-06-29 13:08:48.313500','{\"query\": \"m\", \"message\": \"Searched a billing:\"}',2),(904,'VIEW','2025-06-29 13:08:48.388099','{\"query\": \"m\", \"message\": \"Searched a billing:\"}',2),(905,'VIEW','2025-06-29 13:08:50.058489','{\"query\": \"m\", \"message\": \"Searched a billing:\"}',2),(906,'VIEW','2025-06-29 13:08:50.149618','{\"query\": \"m\", \"message\": \"Searched a billing:\"}',2),(907,'VIEW','2025-06-29 13:08:52.864148','{\"query\": \"m\", \"message\": \"Searched a billing:\"}',2),(908,'VIEW','2025-06-29 13:08:52.944867','{\"query\": \"m\", \"message\": \"Searched a billing:\"}',2),(909,'VIEW','2025-06-29 13:08:55.199144','{\"query\": \"m\", \"message\": \"Searched a billing:\"}',2),(910,'VIEW','2025-06-29 13:08:55.284151','{\"query\": \"m\", \"message\": \"Searched a billing:\"}',2),(911,'VIEW','2025-06-29 13:09:02.347444','{\"query\": \"m\", \"message\": \"Searched a billing:\"}',2),(912,'VIEW','2025-06-29 13:09:02.425159','{\"query\": \"m\", \"message\": \"Searched a billing:\"}',2),(913,'VIEW','2025-06-29 13:09:08.079101','{\"query\": \"m\", \"message\": \"Searched a billing:\"}',2),(914,'VIEW','2025-06-29 13:09:08.177959','{\"query\": \"m\", \"message\": \"Searched a billing:\"}',2),(915,'VIEW','2025-06-29 13:09:27.881848','{\"message\": \"Viewed bills:\"}',2),(916,'VIEW','2025-06-29 13:09:27.962678','{\"message\": \"Viewed bills:\"}',2),(917,'VIEW','2025-06-29 13:09:34.289254','{\"query\": \"m\", \"message\": \"Searched a billing:\"}',2),(918,'VIEW','2025-06-29 13:09:34.387890','{\"query\": \"m\", \"message\": \"Searched a billing:\"}',2),(919,'VIEW','2025-06-29 13:10:15.035837','{\"query\": \"m\", \"message\": \"Searched a billing:\"}',2),(920,'VIEW','2025-06-29 13:10:15.139449','{\"query\": \"m\", \"message\": \"Searched a billing:\"}',2),(921,'VIEW','2025-06-29 13:10:30.204569','{\"message\": \"Viewed bills:\"}',2),(922,'VIEW','2025-06-29 13:10:30.276750','{\"message\": \"Viewed bills:\"}',2),(923,'VIEW','2025-06-29 13:13:05.615039','{\"message\": \"Viewed bed assignment list:\"}',2),(924,'VIEW','2025-06-29 13:13:05.667517','{\"message\": \"Viewed bed assignment list:\"}',2),(925,'VIEW','2025-06-29 13:13:09.800423','{\"query\": \"a\", \"message\": \"Searched a billing:\"}',2),(926,'VIEW','2025-06-29 13:14:19.564619','{\"message\": \"Viewed room bed list:\"}',2),(927,'VIEW','2025-06-29 13:14:19.650042','{\"message\": \"Viewed room bed list:\"}',2),(928,'VIEW','2025-06-29 13:16:55.752312','{\"message\": \"Viewed room bed list:\"}',2),(929,'VIEW','2025-06-29 13:16:55.806841','{\"message\": \"Viewed room bed list:\"}',2),(930,'VIEW','2025-06-29 13:17:26.046255','{\"message\": \"Viewed room bed list:\"}',2),(931,'VIEW','2025-06-29 13:17:26.076900','{\"message\": \"Viewed room bed list:\"}',2),(932,'VIEW','2025-06-29 13:24:00.591199','{\"query\": \"a\", \"message\": \"Searched a billing:\"}',2),(933,'VIEW','2025-06-29 13:24:02.471194','{\"query\": \"RDS4AHTF\", \"message\": \"Searched a billing:\"}',2),(934,'VIEW','2025-06-29 13:24:03.183168','{\"message\": \"Viewed room bed list:\"}',2),(935,'VIEW','2025-06-29 13:24:03.210175','{\"message\": \"Viewed room bed list:\"}',2),(936,'VIEW','2025-06-29 13:28:48.041650','{\"message\": \"Viewed bills:\"}',2),(937,'VIEW','2025-06-29 13:34:05.311020','{\"message\": \"Viewed bed assignment list:\"}',2),(938,'VIEW','2025-06-29 13:34:05.376592','{\"message\": \"Viewed bed assignment list:\"}',2),(939,'VIEW','2025-06-29 13:34:06.581367','{\"message\": \"Viewed bed assignment list:\"}',2),(940,'VIEW','2025-06-29 13:34:07.065118','{\"message\": \"Viewed bed assignment list:\"}',2),(941,'VIEW','2025-06-29 13:34:10.367075','{\"query\": \"a\", \"message\": \"Searched a billing:\"}',2),(942,'VIEW','2025-06-29 13:34:12.858079','{\"query\": \"RDS4AHTF\", \"message\": \"Searched a billing:\"}',2),(943,'VIEW','2025-06-29 13:34:17.099893','{\"query\": \"m\", \"message\": \"Searched a billing:\"}',2),(944,'VIEW','2025-06-29 13:34:19.655053','{\"query\": \"VAQQH232\", \"message\": \"Searched a billing:\"}',2),(945,'VIEW','2025-06-29 13:34:21.598104','{\"message\": \"Viewed room bed list:\"}',2),(946,'VIEW','2025-06-29 13:34:21.623103','{\"message\": \"Viewed room bed list:\"}',2),(947,'VIEW','2025-06-29 13:34:26.247248','{\"message\": \"Viewed bills:\"}',2),(948,'CREATE','2025-06-29 13:34:34.506342','{\"message\": \"Assigned a bed:\", \"patient_id\": 6, \"patient_name\": \"Mo E. Lester\"}',2),(949,'VIEW','2025-06-29 13:34:34.567872','{\"message\": \"Viewed bed assignment list:\"}',2),(950,'VIEW','2025-06-29 13:34:34.586174','{\"message\": \"Viewed bed assignment list:\"}',2),(951,'VIEW','2025-06-29 13:35:01.211480','{\"message\": \"Viewed bed assignment list:\"}',2),(952,'VIEW','2025-06-29 13:35:01.256009','{\"message\": \"Viewed bed assignment list:\"}',2),(953,'VIEW','2025-06-29 13:35:25.975700','{\"message\": \"Viewed bed assignment list:\"}',2),(954,'VIEW','2025-06-29 13:35:26.039185','{\"message\": \"Viewed bed assignment list:\"}',2),(955,'VIEW','2025-06-29 13:35:28.570036','{\"message\": \"Viewed bed assignment list:\"}',2),(956,'VIEW','2025-06-29 13:35:28.597576','{\"message\": \"Viewed bed assignment list:\"}',2),(957,'VIEW','2025-06-29 13:35:59.066618','{\"message\": \"Viewed bed assignment list:\"}',2),(958,'VIEW','2025-06-29 13:35:59.120611','{\"message\": \"Viewed bed assignment list:\"}',2),(959,'UPDATE','2025-06-29 13:36:26.655602','{\"message\": \"Discharged a patient:\", \"patient_id\": 6, \"patient_name\": \"Mo E. Lester\"}',2),(960,'VIEW','2025-06-29 13:36:26.694018','{\"message\": \"Viewed bed assignment list:\"}',2),(961,'VIEW','2025-06-29 13:36:28.425522','{\"message\": \"Viewed bed assignment list:\"}',2),(962,'VIEW','2025-06-29 13:36:37.853487','{\"message\": \"Viewed bed assignment list:\"}',2),(963,'VIEW','2025-06-29 13:36:38.220628','{\"message\": \"Viewed bed assignment list:\"}',2),(964,'VIEW','2025-06-29 13:36:39.456174','{\"message\": \"Viewed bed assignment list:\"}',2),(965,'VIEW','2025-06-29 13:36:40.844321','{\"message\": \"Viewed bed assignment list:\"}',2),(966,'VIEW','2025-06-29 13:36:48.496849','{\"message\": \"Viewed bills:\"}',2),(967,'VIEW','2025-06-29 13:36:48.557321','{\"message\": \"Viewed bills:\"}',2),(968,'VIEW','2025-06-29 13:36:56.058514','{\"message\": \"Viewed a billing item:\", \"billingId\": \"3\"}',2),(969,'VIEW','2025-06-29 13:37:06.969474','{\"message\": \"Viewed a billing item:\", \"billingId\": \"1\"}',2),(970,'UPDATE','2025-06-29 13:37:10.176077','{\"message\": \"Edited a billing item:\", \"billing_item\": 1}',2),(971,'VIEW','2025-06-29 13:37:10.235076','{\"message\": \"Viewed bills:\"}',2),(972,'VIEW','2025-06-29 13:37:39.265657','{\"message\": \"Viewed bills:\"}',2),(973,'VIEW','2025-06-29 13:37:49.236512','{\"message\": \"Viewed bills:\"}',2),(974,'VIEW','2025-06-29 13:37:49.275622','{\"message\": \"Viewed bills:\"}',2),(975,'VIEW','2025-06-29 13:37:56.997698','{\"message\": \"Viewed bills:\"}',2),(976,'VIEW','2025-06-29 13:37:57.059473','{\"message\": \"Viewed bills:\"}',2),(977,'VIEW','2025-06-29 14:07:25.788654','{\"message\": \"Viewed bills:\"}',2),(978,'VIEW','2025-06-29 14:07:25.905090','{\"message\": \"Viewed bills:\"}',2),(979,'VIEW','2025-06-29 14:07:30.683108','{\"message\": \"Viewed bills:\"}',2),(980,'VIEW','2025-06-29 14:07:30.798622','{\"message\": \"Viewed bills:\"}',2),(981,'VIEW','2025-06-29 14:07:45.976730','{\"query\": \"Z\", \"message\": \"Searched a billing:\"}',2),(982,'VIEW','2025-06-29 14:13:52.266869','{\"query\": \"a\", \"message\": \"Searched a billing:\"}',2),(983,'VIEW','2025-06-29 14:13:52.856207','{\"message\": \"Viewed bills:\"}',2),(984,'VIEW','2025-06-29 14:13:52.895756','{\"message\": \"Viewed bills:\"}',2),(985,'VIEW','2025-06-29 14:13:59.843054','{\"message\": \"Viewed bed assignment list:\"}',2),(986,'VIEW','2025-06-29 14:13:59.872070','{\"message\": \"Viewed bed assignment list:\"}',2),(987,'VIEW','2025-06-29 14:14:01.097898','{\"message\": \"Viewed bed assignment list:\"}',2),(988,'VIEW','2025-06-29 14:15:34.350010','{\"message\": \"Viewed bed assignment list:\"}',2),(989,'VIEW','2025-06-29 14:21:23.199533','{\"message\": \"Viewed bed assignment list:\"}',2),(990,'VIEW','2025-06-29 14:21:23.260004','{\"message\": \"Viewed bed assignment list:\"}',2),(991,'VIEW','2025-06-29 14:21:26.366966','{\"message\": \"Viewed bed assignment list:\"}',2),(992,'VIEW','2025-06-29 14:21:29.560585','{\"message\": \"Viewed bed assignment list:\"}',2),(993,'VIEW','2025-06-29 14:21:29.770515','{\"message\": \"Viewed bed assignment list:\"}',2),(994,'VIEW','2025-06-29 14:21:34.065017','{\"query\": \"a\", \"message\": \"Searched a billing:\"}',2),(995,'VIEW','2025-06-29 14:21:36.470363','{\"query\": \"RDS4AHTF\", \"message\": \"Searched a billing:\"}',2),(996,'VIEW','2025-06-29 14:21:38.387152','{\"message\": \"Viewed room bed list:\"}',2),(997,'VIEW','2025-06-29 14:21:38.422313','{\"message\": \"Viewed room bed list:\"}',2),(998,'VIEW','2025-06-29 14:21:40.863013','{\"message\": \"Viewed bills:\"}',2),(999,'CREATE','2025-06-29 14:21:42.401154','{\"message\": \"Assigned a bed:\", \"patient_id\": 3, \"patient_name\": \"James Sarmiento 005\"}',2),(1000,'VIEW','2025-06-29 14:21:42.486262','{\"message\": \"Viewed bed assignment list:\"}',2),(1001,'VIEW','2025-06-29 14:21:42.521209','{\"message\": \"Viewed bed assignment list:\"}',2),(1002,'VIEW','2025-06-29 14:21:46.225130','{\"message\": \"Viewed bed assignment list:\"}',2),(1003,'VIEW','2025-06-29 14:21:47.592428','{\"message\": \"Viewed bed assignment list:\"}',2),(1004,'UPDATE','2025-06-29 14:21:50.735607','{\"message\": \"Discharged a patient:\", \"patient_id\": 3, \"patient_name\": \"James Sarmiento 005\"}',2),(1005,'VIEW','2025-06-29 14:21:50.773314','{\"message\": \"Viewed bed assignment list:\"}',2),(1006,'VIEW','2025-06-29 14:21:51.821305','{\"message\": \"Viewed bed assignment list:\"}',2),(1007,'VIEW','2025-06-29 14:21:57.242651','{\"message\": \"Viewed bed assignment list:\"}',2),(1008,'VIEW','2025-06-29 14:21:58.523632','{\"message\": \"Viewed bed assignment list:\"}',2),(1009,'VIEW','2025-06-29 14:31:33.970014','{\"message\": \"Viewed bed assignment list:\"}',2),(1010,'VIEW','2025-06-29 14:31:34.004134','{\"message\": \"Viewed bed assignment list:\"}',2),(1011,'VIEW','2025-06-29 14:31:37.130647','{\"message\": \"Viewed bed assignment list:\"}',2),(1012,'VIEW','2025-06-29 14:31:37.155876','{\"message\": \"Viewed bed assignment list:\"}',2),(1013,'VIEW','2025-06-29 14:42:38.287323','{\"message\": \"Viewed bed assignment list:\"}',2),(1014,'VIEW','2025-06-29 14:42:38.388453','{\"message\": \"Viewed bed assignment list:\"}',2),(1015,'VIEW','2025-06-29 14:42:50.028030','{\"message\": \"Viewed bed assignment list:\"}',2),(1016,'VIEW','2025-06-29 14:42:50.059831','{\"message\": \"Viewed bed assignment list:\"}',2),(1017,'VIEW','2025-06-29 14:42:54.355776','{\"query\": \"s\", \"message\": \"Searched a billing:\"}',2),(1018,'VIEW','2025-06-29 14:42:57.359758','{\"message\": \"Viewed bills:\"}',2),(1019,'VIEW','2025-06-29 14:42:57.454763','{\"message\": \"Viewed bills:\"}',2),(1020,'VIEW','2025-06-29 23:58:11.956158','{\"query\": \"a\", \"message\": \"Searched a patient:\"}',1),(1021,'VIEW','2025-06-29 23:59:22.946853','{\"message\": \"Updated patient details RENZ\", \"patient_id\": 6, \"patient_name\": \"Mo E. Lester\", \"updated_fields\": []}',1),(1022,'VIEW','2025-06-29 23:59:23.019036','{\"message\": \"Updated patient details RENZ\", \"patient_id\": 6, \"patient_name\": \"Mo E. Lester\", \"updated_fields\": []}',1),(1023,'VIEW','2025-06-30 00:02:52.061972','{\"message\": \"Updated patient details RENZ\", \"patient_id\": 6, \"patient_name\": \"Mo E. Lester\", \"updated_fields\": []}',1),(1024,'VIEW','2025-06-30 00:02:52.224066','{\"message\": \"Updated patient details RENZ\", \"patient_id\": 6, \"patient_name\": \"Mo E. Lester\", \"updated_fields\": []}',1),(1025,'VIEW','2025-06-30 00:03:35.779701','{\"message\": \"Viewed bed assignment list:\"}',1),(1026,'VIEW','2025-06-30 00:03:35.807319','{\"message\": \"Viewed bed assignment list:\"}',1),(1027,'VIEW','2025-06-30 01:11:30.304282','{\"query\": \"a\", \"message\": \"Searched a patient:\"}',1),(1028,'VIEW','2025-06-30 01:11:36.910695','{\"query\": \"7f\", \"message\": \"Searched a patient:\"}',1),(1029,'VIEW','2025-06-30 01:14:53.077619','{\"message\": \"Updated patient details RENZ\", \"patient_id\": 6, \"patient_name\": \"Mo E. Lester\", \"updated_fields\": []}',1),(1030,'VIEW','2025-06-30 01:14:53.137348','{\"message\": \"Updated patient details RENZ\", \"patient_id\": 6, \"patient_name\": \"Mo E. Lester\", \"updated_fields\": []}',1),(1031,'VIEW','2025-06-30 02:59:01.814343','{\"message\": \"Updated patient details RENZ\", \"patient_id\": 6, \"patient_name\": \"Mo E. Lester\", \"updated_fields\": []}',1),(1032,'VIEW','2025-06-30 02:59:01.987231','{\"message\": \"Updated patient details RENZ\", \"patient_id\": 6, \"patient_name\": \"Mo E. Lester\", \"updated_fields\": []}',1),(1033,'VIEW','2025-06-30 02:59:05.363150','{\"message\": \"Viewed a clinical note:\"}',1),(1034,'VIEW','2025-06-30 02:59:05.394399','{\"message\": \"Viewed a clinical note:\"}',1),(1035,'VIEW','2025-06-30 02:59:05.410031','{\"message\": \"Viewed a patient history:\", \"patient_id\": 6, \"patient_name\": \"Mo E. Lester\"}',1),(1036,'VIEW','2025-06-30 02:59:05.457504','{\"message\": \"Viewed a patient history:\", \"patient_id\": 6, \"patient_name\": \"Mo E. Lester\"}',1),(1037,'CREATE','2025-06-30 02:59:10.960384','{\"message\": \"Created a clinical note:\", \"patient_id\": 6, \"patient_name\": \"Mo E. Lester\"}',1),(1038,'VIEW','2025-06-30 02:59:43.747770','{\"message\": \"Viewed a clinical note:\"}',1),(1039,'VIEW','2025-06-30 02:59:43.824065','{\"message\": \"Viewed a clinical note:\"}',1),(1040,'VIEW','2025-06-30 02:59:43.829084','{\"message\": \"Viewed a patient history:\", \"patient_id\": 6, \"patient_name\": \"Mo E. Lester\"}',1),(1041,'VIEW','2025-06-30 02:59:43.911002','{\"message\": \"Viewed a patient history:\", \"patient_id\": 6, \"patient_name\": \"Mo E. Lester\"}',1),(1042,'VIEW','2025-06-30 03:04:59.726573','{\"message\": \"Viewed clinical notes by case number:\", \"case_number\": \"CN-20250629-013\", \"notes_count\": 1}',1),(1043,'VIEW','2025-06-30 03:04:59.789561','{\"message\": \"Viewed clinical notes by case number:\", \"case_number\": \"CN-20250629-013\", \"notes_count\": 1}',1),(1044,'VIEW','2025-06-30 03:04:59.802574','{\"message\": \"Viewed a patient history:\", \"patient_id\": 6, \"patient_name\": \"Mo E. Lester\"}',1),(1045,'VIEW','2025-06-30 03:04:59.845193','{\"message\": \"Viewed a patient history:\", \"patient_id\": 6, \"patient_name\": \"Mo E. Lester\"}',1),(1046,'CREATE','2025-06-30 03:07:19.818129','{\"message\": \"Created a clinical note:\", \"patient_id\": 6, \"patient_name\": \"Mo E. Lester\"}',1),(1047,'VIEW','2025-06-30 03:12:14.686199','{\"message\": \"Viewed clinical notes by case number:\", \"case_number\": \"CN-20250629-013\", \"notes_count\": 2}',1),(1048,'VIEW','2025-06-30 03:12:14.776364','{\"message\": \"Viewed a patient history:\", \"patient_id\": 6, \"patient_name\": \"Mo E. Lester\"}',1),(1049,'VIEW','2025-06-30 03:12:14.776364','{\"message\": \"Viewed clinical notes by case number:\", \"case_number\": \"CN-20250629-013\", \"notes_count\": 2}',1),(1050,'VIEW','2025-06-30 03:12:14.845150','{\"message\": \"Viewed a patient history:\", \"patient_id\": 6, \"patient_name\": \"Mo E. Lester\"}',1),(1051,'VIEW','2025-06-30 03:22:01.306351','{\"query\": \"la\", \"message\": \"Searched a user:\"}',1),(1052,'VIEW','2025-06-30 03:22:04.314531','{\"query\": \"2\", \"message\": \"Searched a user:\"}',1),(1053,'VIEW','2025-06-30 03:22:16.256256','{\"query\": \"0\", \"message\": \"Searched a user:\"}',1),(1054,'VIEW','2025-06-30 03:22:25.046175','{\"query\": \"Lance Doc Gonzales\", \"message\": \"Searched a user:\"}',1),(1055,'VIEW','2025-06-30 03:22:39.240007','{\"query\": \"0\", \"message\": \"Searched a user:\"}',1),(1056,'VIEW','2025-06-30 03:24:47.579630','{\"query\": \"Lance Doc Gonzales\", \"message\": \"Searched a user:\"}',1),(1057,'VIEW','2025-06-30 03:34:51.188916','{\"message\": \"Updated patient details RENZ\", \"patient_id\": 6, \"patient_name\": \"Mo E. Lester\", \"updated_fields\": []}',1),(1058,'VIEW','2025-06-30 03:34:51.309537','{\"message\": \"Updated patient details RENZ\", \"patient_id\": 6, \"patient_name\": \"Mo E. Lester\", \"updated_fields\": []}',1),(1059,'VIEW','2025-06-30 03:35:05.139157','{\"message\": \"Viewed clinical notes by case number:\", \"case_number\": \"CN-20250629-011\", \"notes_count\": 1}',1),(1060,'VIEW','2025-06-30 03:35:05.181133','{\"message\": \"Viewed clinical notes by case number:\", \"case_number\": \"CN-20250629-011\", \"notes_count\": 1}',1),(1061,'VIEW','2025-06-30 03:35:05.195417','{\"message\": \"Viewed a patient history:\", \"patient_id\": 6, \"patient_name\": \"Mo E. Lester\"}',1),(1062,'VIEW','2025-06-30 03:35:05.232863','{\"message\": \"Viewed a patient history:\", \"patient_id\": 6, \"patient_name\": \"Mo E. Lester\"}',1),(1063,'VIEW','2025-06-30 03:35:08.696029','{\"message\": \"Updated patient details RENZ\", \"patient_id\": 6, \"patient_name\": \"Mo E. Lester\", \"updated_fields\": []}',1),(1064,'VIEW','2025-06-30 03:35:08.760806','{\"message\": \"Updated patient details RENZ\", \"patient_id\": 6, \"patient_name\": \"Mo E. Lester\", \"updated_fields\": []}',1),(1065,'VIEW','2025-06-30 03:35:12.493384','{\"message\": \"Viewed clinical notes by case number:\", \"case_number\": \"CN-20250629-011\", \"notes_count\": 1}',1),(1066,'VIEW','2025-06-30 03:35:12.542334','{\"message\": \"Viewed clinical notes by case number:\", \"case_number\": \"CN-20250629-011\", \"notes_count\": 1}',1),(1067,'VIEW','2025-06-30 03:35:12.547987','{\"message\": \"Viewed a patient history:\", \"patient_id\": 6, \"patient_name\": \"Mo E. Lester\"}',1),(1068,'VIEW','2025-06-30 03:35:12.589583','{\"message\": \"Viewed a patient history:\", \"patient_id\": 6, \"patient_name\": \"Mo E. Lester\"}',1),(1069,'VIEW','2025-06-30 03:35:16.270242','{\"message\": \"Updated patient details RENZ\", \"patient_id\": 6, \"patient_name\": \"Mo E. Lester\", \"updated_fields\": []}',1),(1070,'VIEW','2025-06-30 03:35:16.350260','{\"message\": \"Updated patient details RENZ\", \"patient_id\": 6, \"patient_name\": \"Mo E. Lester\", \"updated_fields\": []}',1),(1071,'VIEW','2025-06-30 03:35:39.547437','{\"message\": \"Viewed clinical notes by case number:\", \"case_number\": \"CN-20250629-011\", \"notes_count\": 1}',1),(1072,'VIEW','2025-06-30 03:35:39.583946','{\"message\": \"Viewed clinical notes by case number:\", \"case_number\": \"CN-20250629-011\", \"notes_count\": 1}',1),(1073,'VIEW','2025-06-30 03:35:39.603335','{\"message\": \"Viewed a patient history:\", \"patient_id\": 6, \"patient_name\": \"Mo E. Lester\"}',1),(1074,'VIEW','2025-06-30 03:35:39.652049','{\"message\": \"Viewed a patient history:\", \"patient_id\": 6, \"patient_name\": \"Mo E. Lester\"}',1),(1075,'CREATE','2025-06-30 03:36:08.805315','{\"message\": \"Created a clinical note:\", \"patient_id\": 6, \"patient_name\": \"Mo E. Lester\"}',1),(1076,'VIEW','2025-06-30 03:36:16.392887','{\"message\": \"Viewed a patient image:\", \"patient_id\": 6, \"patient_name\": \"Mo E. Lester\"}',1),(1077,'VIEW','2025-06-30 03:36:16.427102','{\"message\": \"Viewed a patient image:\", \"patient_id\": 6, \"patient_name\": \"Mo E. Lester\"}',1),(1078,'VIEW','2025-06-30 03:36:54.909114','{\"message\": \"Viewed a patient image:\", \"patient_id\": 6, \"patient_name\": \"Mo E. Lester\"}',1),(1079,'VIEW','2025-06-30 03:36:54.945859','{\"message\": \"Viewed a patient image:\", \"patient_id\": 6, \"patient_name\": \"Mo E. Lester\"}',1),(1080,'VIEW','2025-06-30 03:37:04.131922','{\"message\": \"Updated patient details RENZ\", \"patient_id\": 6, \"patient_name\": \"Mo E. Lester\", \"updated_fields\": []}',1),(1081,'VIEW','2025-06-30 03:37:04.202994','{\"message\": \"Updated patient details RENZ\", \"patient_id\": 6, \"patient_name\": \"Mo E. Lester\", \"updated_fields\": []}',1),(1082,'VIEW','2025-06-30 03:37:06.302619','{\"message\": \"Viewed clinical notes by case number:\", \"case_number\": \"CN-20250629-013\", \"notes_count\": 2}',1),(1083,'VIEW','2025-06-30 03:37:06.340036','{\"message\": \"Viewed clinical notes by case number:\", \"case_number\": \"CN-20250629-013\", \"notes_count\": 2}',1),(1084,'VIEW','2025-06-30 03:37:06.360487','{\"message\": \"Viewed a patient history:\", \"patient_id\": 6, \"patient_name\": \"Mo E. Lester\"}',1),(1085,'VIEW','2025-06-30 03:37:06.451117','{\"message\": \"Viewed a patient history:\", \"patient_id\": 6, \"patient_name\": \"Mo E. Lester\"}',1),(1086,'VIEW','2025-06-30 03:37:20.041710','{\"message\": \"Updated patient details RENZ\", \"patient_id\": 6, \"patient_name\": \"Mo E. Lester\", \"updated_fields\": []}',1),(1087,'VIEW','2025-06-30 03:37:20.110306','{\"message\": \"Updated patient details RENZ\", \"patient_id\": 6, \"patient_name\": \"Mo E. Lester\", \"updated_fields\": []}',1),(1088,'VIEW','2025-06-30 03:38:07.977573','{\"message\": \"Updated patient details RENZ\", \"patient_id\": 6, \"patient_name\": \"Mo E. Lester\", \"updated_fields\": []}',3),(1089,'VIEW','2025-06-30 03:38:08.039414','{\"message\": \"Updated patient details RENZ\", \"patient_id\": 6, \"patient_name\": \"Mo E. Lester\", \"updated_fields\": []}',3),(1090,'VIEW','2025-06-30 03:38:10.813725','{\"message\": \"Viewed clinical notes by case number:\", \"case_number\": \"CN-20250629-013\", \"notes_count\": 2}',3),(1091,'VIEW','2025-06-30 03:38:10.837550','{\"message\": \"Viewed clinical notes by case number:\", \"case_number\": \"CN-20250629-013\", \"notes_count\": 2}',3),(1092,'VIEW','2025-06-30 03:38:10.853177','{\"message\": \"Viewed a patient history:\", \"patient_id\": 6, \"patient_name\": \"Mo E. Lester\"}',3),(1093,'VIEW','2025-06-30 03:38:10.876819','{\"message\": \"Viewed a patient history:\", \"patient_id\": 6, \"patient_name\": \"Mo E. Lester\"}',3),(1094,'VIEW','2025-06-30 03:38:47.320751','{\"message\": \"Updated patient details RENZ\", \"patient_id\": 6, \"patient_name\": \"Mo E. Lester\", \"updated_fields\": []}',1),(1095,'VIEW','2025-06-30 03:38:47.387952','{\"message\": \"Updated patient details RENZ\", \"patient_id\": 6, \"patient_name\": \"Mo E. Lester\", \"updated_fields\": []}',1),(1096,'VIEW','2025-06-30 03:38:49.075277','{\"message\": \"Viewed clinical notes by case number:\", \"case_number\": \"CN-20250629-013\", \"notes_count\": 2}',1),(1097,'VIEW','2025-06-30 03:38:49.107858','{\"message\": \"Viewed clinical notes by case number:\", \"case_number\": \"CN-20250629-013\", \"notes_count\": 2}',1),(1098,'VIEW','2025-06-30 03:38:49.123918','{\"message\": \"Viewed a patient history:\", \"patient_id\": 6, \"patient_name\": \"Mo E. Lester\"}',1),(1099,'VIEW','2025-06-30 03:38:49.167519','{\"message\": \"Viewed a patient history:\", \"patient_id\": 6, \"patient_name\": \"Mo E. Lester\"}',1),(1100,'VIEW','2025-06-30 03:38:53.638238','{\"message\": \"Viewed a laboratory result:\"}',1),(1101,'VIEW','2025-06-30 03:38:53.798732','{\"message\": \"Viewed a laboratory:\"}',1),(1102,'VIEW','2025-06-30 03:38:53.891390','{\"message\": \"Viewed a laboratory:\"}',1),(1103,'CREATE','2025-06-30 03:39:58.129394','{\"message\": \"Created a laboratory file:\"}',1),(1104,'CREATE','2025-06-30 03:39:58.226792','{\"message\": \"Created a laboratory file:\"}',1),(1105,'VIEW','2025-06-30 03:39:59.855557','{\"message\": \"Viewed a laboratory:\"}',1),(1106,'VIEW','2025-06-30 03:40:03.371093','{\"message\": \"Viewed a laboratory:\"}',1),(1107,'VIEW','2025-06-30 03:40:03.501671','{\"message\": \"Viewed a laboratory:\"}',1),(1108,'VIEW','2025-06-30 03:41:47.500014','{\"message\": \"Viewed bills:\"}',1),(1109,'VIEW','2025-06-30 03:41:47.570915','{\"message\": \"Viewed bills:\"}',1),(1110,'VIEW','2025-06-30 03:42:05.116584','{\"message\": \"Viewed bills:\"}',1),(1111,'VIEW','2025-06-30 03:42:05.222036','{\"message\": \"Viewed bills:\"}',1),(1112,'VIEW','2025-06-30 03:44:20.251235','{\"message\": \"Viewed clinical notes by case number:\", \"case_number\": \"CN-20250629-013\", \"notes_count\": 2}',3),(1113,'VIEW','2025-06-30 03:44:20.300507','{\"message\": \"Viewed clinical notes by case number:\", \"case_number\": \"CN-20250629-013\", \"notes_count\": 2}',3),(1114,'VIEW','2025-06-30 03:44:20.319758','{\"message\": \"Viewed a patient history:\", \"patient_id\": 6, \"patient_name\": \"Mo E. Lester\"}',3),(1115,'VIEW','2025-06-30 03:44:20.356169','{\"message\": \"Viewed a patient history:\", \"patient_id\": 6, \"patient_name\": \"Mo E. Lester\"}',3),(1116,'VIEW','2025-06-30 03:44:58.863744','{\"message\": \"Viewed clinical notes by case number:\", \"case_number\": \"CN-20250629-013\", \"notes_count\": 2}',3),(1117,'VIEW','2025-06-30 03:44:58.919245','{\"message\": \"Viewed clinical notes by case number:\", \"case_number\": \"CN-20250629-013\", \"notes_count\": 2}',3),(1118,'VIEW','2025-06-30 03:44:58.919245','{\"message\": \"Viewed a patient history:\", \"patient_id\": 6, \"patient_name\": \"Mo E. Lester\"}',3),(1119,'VIEW','2025-06-30 03:44:58.989251','{\"message\": \"Viewed a patient history:\", \"patient_id\": 6, \"patient_name\": \"Mo E. Lester\"}',3),(1120,'VIEW','2025-06-30 03:46:32.134477','{\"message\": \"Updated patient details RENZ\", \"patient_id\": 4, \"patient_name\": \"Cong Velasquez Jr\", \"updated_fields\": []}',1),(1121,'VIEW','2025-06-30 03:46:32.204215','{\"message\": \"Updated patient details RENZ\", \"patient_id\": 4, \"patient_name\": \"Cong Velasquez Jr\", \"updated_fields\": []}',1),(1122,'VIEW','2025-06-30 03:46:48.822990','{\"message\": \"1Viewed patient details\", \"patient_id\": 4, \"patient_name\": \"Cong Velasquez Jr\"}',1),(1123,'VIEW','2025-06-30 03:46:48.856019','{\"message\": \"1Viewed patient details\", \"patient_id\": 4, \"patient_name\": \"Cong Velasquez Jr\"}',1),(1124,'VIEW','2025-06-30 03:46:48.873976','{\"message\": \"Viewed a patient image:\", \"patient_id\": 4, \"patient_name\": \"Cong Velasquez Jr\"}',1),(1125,'VIEW','2025-06-30 03:46:48.899002','{\"message\": \"Viewed a patient image:\", \"patient_id\": 4, \"patient_name\": \"Cong Velasquez Jr\"}',1),(1126,'VIEW','2025-06-30 03:47:11.073849','{\"query\": \"0\", \"message\": \"Searched a user:\"}',1),(1127,'VIEW','2025-06-30 03:47:12.662408','{\"query\": \"Jaspher Cadelina\", \"message\": \"Searched a user:\"}',1),(1128,'VIEW','2025-06-30 03:47:24.619115','{\"message\": \"Updated patient details RENZ\", \"patient_id\": 4, \"patient_name\": \"Cong Velasquez Jr\", \"updated_fields\": []}',1),(1129,'VIEW','2025-06-30 03:47:24.694092','{\"message\": \"Updated patient details RENZ\", \"patient_id\": 4, \"patient_name\": \"Cong Velasquez Jr\", \"updated_fields\": []}',1),(1130,'VIEW','2025-06-30 03:47:52.978475','{\"message\": \"Viewed clinical notes by case number:\", \"case_number\": \"CN-20250630-002\", \"notes_count\": 0}',1),(1131,'VIEW','2025-06-30 03:47:53.018747','{\"message\": \"Viewed clinical notes by case number:\", \"case_number\": \"CN-20250630-002\", \"notes_count\": 0}',1),(1132,'VIEW','2025-06-30 03:47:53.036564','{\"message\": \"Viewed a patient history:\", \"patient_id\": 4, \"patient_name\": \"Cong Velasquez Jr\"}',1),(1133,'VIEW','2025-06-30 03:47:53.073803','{\"message\": \"Viewed a patient history:\", \"patient_id\": 4, \"patient_name\": \"Cong Velasquez Jr\"}',1),(1134,'VIEW','2025-06-30 03:47:55.510192','{\"message\": \"Viewed a patient image:\", \"patient_id\": 4, \"patient_name\": \"Cong Velasquez Jr\"}',1),(1135,'VIEW','2025-06-30 03:47:55.545317','{\"message\": \"Viewed a patient image:\", \"patient_id\": 4, \"patient_name\": \"Cong Velasquez Jr\"}',1),(1136,'VIEW','2025-06-30 03:47:57.420045','{\"message\": \"1Viewed patient details\", \"patient_id\": 4, \"patient_name\": \"Cong Velasquez Jr\"}',1),(1137,'VIEW','2025-06-30 03:47:57.455598','{\"message\": \"1Viewed patient details\", \"patient_id\": 4, \"patient_name\": \"Cong Velasquez Jr\"}',1),(1138,'VIEW','2025-06-30 03:47:57.469468','{\"message\": \"Viewed a patient image:\", \"patient_id\": 4, \"patient_name\": \"Cong Velasquez Jr\"}',1),(1139,'VIEW','2025-06-30 03:47:57.497556','{\"message\": \"Viewed a patient image:\", \"patient_id\": 4, \"patient_name\": \"Cong Velasquez Jr\"}',1),(1140,'UPDATE','2025-06-30 03:48:06.880526','{\"message\": \"Updated patient details\", \"patient_id\": 4, \"patient_name\": \"Cong Velasquez Jrs\", \"updated_fields\": [\"has_philhealth\", \"has_hmo\", \"hmo\", \"name\", \"status\", \"type_of_admission\", \"admission_date\", \"current_condition\", \"date_of_birth\", \"birth_place\", \"gender\", \"age\", \"address\", \"occupation\", \"civil_status\", \"nationality\", \"religion\", \"ward_service\", \"bed_number\", \"attending_physician\", \"visit_type\", \"consultation_datetime\", \"referred_by\", \"next_consultation_date\", \"discharge_date\", \"total_days\", \"phone\", \"emergency_contact_name\", \"emergency_contact_phone\", \"height\", \"weight\", \"blood_pressure\", \"pulse_rate\", \"respiratory_rate\", \"temperature\", \"physical_examination\", \"main_complaint\", \"present_illness\", \"clinical_findings\", \"icd_code\", \"diagnosis\", \"treatment\", \"principal_diagnosis\", \"other_diagnosis\", \"principal_operation\", \"other_operation\", \"disposition\", \"result\", \"membership\", \"father_name\", \"father_address\", \"father_contact\", \"mother_name\", \"mother_address\", \"mother_contact\", \"spouse_name\", \"spouse_address\", \"spouse_contact\"]}',1),(1141,'VIEW','2025-06-30 03:48:11.128971','{\"message\": \"Updated patient details RENZ\", \"patient_id\": 4, \"patient_name\": \"Cong Velasquez Jrs\", \"updated_fields\": []}',1),(1142,'VIEW','2025-06-30 03:48:11.371931','{\"message\": \"Updated patient details RENZ\", \"patient_id\": 4, \"patient_name\": \"Cong Velasquez Jrs\", \"updated_fields\": []}',1),(1143,'VIEW','2025-06-30 03:48:43.623159','{\"message\": \"Viewed bed assignment list:\"}',1),(1144,'VIEW','2025-06-30 03:48:43.651315','{\"message\": \"Viewed bed assignment list:\"}',1),(1145,'VIEW','2025-06-30 03:48:49.968593','{\"query\": \"c\", \"message\": \"Searched a billing:\"}',1),(1146,'VIEW','2025-06-30 03:48:50.008788','{\"query\": \"c\", \"message\": \"Searched a billing:\"}',1),(1147,'VIEW','2025-06-30 03:48:50.053936','{\"query\": \"c\", \"message\": \"Searched a billing:\"}',1),(1148,'VIEW','2025-06-30 03:48:50.088687','{\"query\": \"c\", \"message\": \"Searched a billing:\"}',1),(1149,'VIEW','2025-06-30 03:48:51.140036','{\"query\": \"co\", \"message\": \"Searched a billing:\"}',1),(1150,'VIEW','2025-06-30 03:48:51.172509','{\"query\": \"co\", \"message\": \"Searched a billing:\"}',1),(1151,'VIEW','2025-06-30 03:48:53.475300','{\"query\": \"co\", \"message\": \"Searched a billing:\"}',1),(1152,'VIEW','2025-06-30 03:48:53.517245','{\"query\": \"co\", \"message\": \"Searched a billing:\"}',1),(1153,'VIEW','2025-06-30 03:48:55.864861','{\"query\": \"c\", \"message\": \"Searched a patient:\"}',1),(1154,'VIEW','2025-06-30 03:49:00.932591','{\"query\": \"Cong Velasquez Jrs\", \"message\": \"Searched a patient:\"}',1),(1155,'CREATE','2025-06-30 03:49:03.808348','{\"message\": \"Created a new billing: 3\"}',1),(1156,'VIEW','2025-06-30 03:49:03.908506','{\"query\": \"co\", \"message\": \"Searched a billing:\"}',1),(1157,'VIEW','2025-06-30 03:49:03.960291','{\"query\": \"co\", \"message\": \"Searched a billing:\"}',1),(1158,'VIEW','2025-06-30 03:49:08.204192','{\"message\": \"Viewed bills:\"}',1),(1159,'VIEW','2025-06-30 03:49:08.273683','{\"query\": \"co\", \"message\": \"Searched a billing:\"}',1),(1160,'VIEW','2025-06-30 03:49:08.320021','{\"query\": \"co\", \"message\": \"Searched a billing:\"}',1),(1161,'VIEW','2025-06-30 03:49:08.395940','{\"query\": \"co\", \"message\": \"Searched a billing:\"}',1),(1162,'VIEW','2025-06-30 03:49:08.430695','{\"query\": \"co\", \"message\": \"Searched a billing:\"}',1),(1163,'VIEW','2025-06-30 03:49:08.473340','{\"query\": \"co\", \"message\": \"Searched a billing:\"}',1),(1164,'VIEW','2025-06-30 03:49:08.517697','{\"query\": \"co\", \"message\": \"Searched a billing:\"}',1),(1165,'VIEW','2025-06-30 03:49:14.028391','{\"message\": \"Viewed bills:\"}',1),(1166,'VIEW','2025-06-30 03:49:14.089338','{\"message\": \"Viewed bills:\"}',1),(1167,'VIEW','2025-06-30 03:49:40.838893','{\"message\": \"Viewed bills:\"}',1),(1168,'VIEW','2025-06-30 03:51:59.981727','{\"message\": \"Viewed bills:\"}',1),(1169,'VIEW','2025-06-30 03:52:10.121906','{\"message\": \"Viewed bed assignment list:\"}',1),(1170,'VIEW','2025-06-30 03:52:10.151791','{\"message\": \"Viewed bed assignment list:\"}',1),(1171,'VIEW','2025-06-30 03:52:16.075257','{\"message\": \"Viewed bed assignment list:\"}',1),(1172,'VIEW','2025-06-30 03:52:16.099287','{\"message\": \"Viewed bed assignment list:\"}',1),(1173,'VIEW','2025-06-30 03:52:55.715662','{\"query\": \"a\", \"message\": \"Searched a billing:\"}',1),(1174,'VIEW','2025-06-30 03:52:59.020787','{\"query\": \"6UVHUHKC\", \"message\": \"Searched a billing:\"}',1),(1175,'VIEW','2025-06-30 03:53:08.532256','{\"message\": \"Viewed room bed list:\"}',1),(1176,'VIEW','2025-06-30 03:53:08.569681','{\"message\": \"Viewed room bed list:\"}',1),(1177,'VIEW','2025-06-30 03:53:42.440216','{\"message\": \"Viewed bills:\"}',1),(1178,'CREATE','2025-06-30 03:56:15.996060','{\"message\": \"Assigned a bed:\", \"patient_id\": 4, \"patient_name\": \"Cong Velasquez Jrs\"}',1),(1179,'VIEW','2025-06-30 03:56:16.084439','{\"message\": \"Viewed bed assignment list:\"}',1),(1180,'VIEW','2025-06-30 03:56:16.150926','{\"message\": \"Viewed bed assignment list:\"}',1),(1181,'VIEW','2025-06-30 03:56:38.130891','{\"message\": \"Viewed bed assignment list:\"}',1),(1182,'VIEW','2025-06-30 03:56:38.187711','{\"message\": \"Viewed bed assignment list:\"}',1),(1183,'VIEW','2025-06-30 03:57:02.540019','{\"message\": \"Viewed bed assignment list:\"}',1),(1184,'VIEW','2025-06-30 03:57:02.597145','{\"message\": \"Viewed bed assignment list:\"}',1),(1185,'VIEW','2025-06-30 03:57:11.053761','{\"message\": \"Viewed bed assignment list:\"}',1),(1186,'VIEW','2025-06-30 03:57:11.086682','{\"message\": \"Viewed bed assignment list:\"}',1),(1187,'VIEW','2025-06-30 03:57:12.259751','{\"message\": \"Viewed bed assignment list:\"}',1),(1188,'VIEW','2025-06-30 03:57:12.304128','{\"message\": \"Viewed bed assignment list:\"}',1),(1189,'VIEW','2025-06-30 03:57:13.839412','{\"message\": \"Viewed bed assignment list:\"}',1),(1190,'VIEW','2025-06-30 03:57:13.886533','{\"message\": \"Viewed bed assignment list:\"}',1),(1191,'VIEW','2025-06-30 03:57:17.755810','{\"message\": \"Viewed bed assignment list:\"}',1),(1192,'VIEW','2025-06-30 03:57:17.790058','{\"message\": \"Viewed bed assignment list:\"}',1),(1193,'VIEW','2025-06-30 03:57:18.953357','{\"message\": \"Viewed bed assignment list:\"}',1),(1194,'VIEW','2025-06-30 03:57:18.984311','{\"message\": \"Viewed bed assignment list:\"}',1),(1195,'VIEW','2025-06-30 03:57:22.655642','{\"message\": \"Viewed bed assignment list:\"}',1),(1196,'VIEW','2025-06-30 03:57:22.687820','{\"message\": \"Viewed bed assignment list:\"}',1),(1197,'VIEW','2025-06-30 03:57:24.039727','{\"message\": \"Viewed bed assignment list:\"}',1),(1198,'VIEW','2025-06-30 03:57:24.090078','{\"message\": \"Viewed bed assignment list:\"}',1),(1199,'VIEW','2025-06-30 03:57:25.630482','{\"message\": \"Viewed bed assignment list:\"}',1),(1200,'VIEW','2025-06-30 03:57:25.673959','{\"message\": \"Viewed bed assignment list:\"}',1),(1201,'VIEW','2025-06-30 03:57:26.931893','{\"message\": \"Viewed bed assignment list:\"}',1),(1202,'VIEW','2025-06-30 03:57:26.979078','{\"message\": \"Viewed bed assignment list:\"}',1),(1203,'VIEW','2025-06-30 03:57:30.558816','{\"message\": \"Viewed bed assignment list:\"}',1),(1204,'VIEW','2025-06-30 03:57:30.621203','{\"message\": \"Viewed bed assignment list:\"}',1),(1205,'UPDATE','2025-06-30 03:57:44.053463','{\"message\": \"Discharged a patient:\", \"patient_id\": 4, \"patient_name\": \"Cong Velasquez Jrs\"}',1),(1206,'VIEW','2025-06-30 03:57:44.080221','{\"message\": \"Viewed bed assignment list:\"}',1),(1207,'VIEW','2025-06-30 03:57:46.303942','{\"message\": \"Viewed bed assignment list:\"}',1),(1208,'VIEW','2025-06-30 03:57:54.581557','{\"message\": \"Viewed bills:\"}',1),(1209,'VIEW','2025-06-30 03:57:54.648707','{\"message\": \"Viewed bills:\"}',1),(1210,'VIEW','2025-06-30 03:59:49.765221','{\"message\": \"Viewed bills:\"}',1),(1211,'VIEW','2025-06-30 04:00:04.667653','{\"message\": \"Viewed bills:\"}',1),(1212,'VIEW','2025-06-30 04:00:04.718148','{\"message\": \"Viewed bills:\"}',1),(1213,'VIEW','2025-06-30 04:00:28.516782','{\"message\": \"Viewed bills:\"}',1),(1214,'VIEW','2025-06-30 04:00:28.596193','{\"message\": \"Viewed bills:\"}',1),(1215,'VIEW','2025-06-30 04:00:36.796432','{\"message\": \"Viewed bills:\"}',1),(1216,'VIEW','2025-06-30 04:00:36.860524','{\"message\": \"Viewed bills:\"}',1),(1217,'VIEW','2025-06-30 04:01:06.944160','{\"message\": \"Updated patient details RENZ\", \"patient_id\": 6, \"patient_name\": \"Mo E. Lester\", \"updated_fields\": []}',1),(1218,'VIEW','2025-06-30 04:01:06.997838','{\"message\": \"Updated patient details RENZ\", \"patient_id\": 6, \"patient_name\": \"Mo E. Lester\", \"updated_fields\": []}',1),(1219,'VIEW','2025-06-30 04:21:44.447249','{\"message\": \"Viewed clinical notes by case number:\", \"case_number\": \"CN-20250629-013\", \"notes_count\": 2}',3),(1220,'VIEW','2025-06-30 04:21:44.525377','{\"message\": \"Viewed clinical notes by case number:\", \"case_number\": \"CN-20250629-013\", \"notes_count\": 2}',3),(1221,'VIEW','2025-06-30 04:21:44.556626','{\"message\": \"Viewed a patient history:\", \"patient_id\": 6, \"patient_name\": \"Mo E. Lester\"}',3),(1222,'VIEW','2025-06-30 04:21:44.596001','{\"message\": \"Viewed a patient history:\", \"patient_id\": 6, \"patient_name\": \"Mo E. Lester\"}',3),(1223,'VIEW','2025-06-30 04:22:08.178673','{\"message\": \"Viewed clinical notes by case number:\", \"case_number\": \"CN-20250629-013\", \"notes_count\": 2}',3),(1224,'VIEW','2025-06-30 04:22:08.219891','{\"message\": \"Viewed clinical notes by case number:\", \"case_number\": \"CN-20250629-013\", \"notes_count\": 2}',3),(1225,'VIEW','2025-06-30 04:22:08.236258','{\"message\": \"Viewed a patient history:\", \"patient_id\": 6, \"patient_name\": \"Mo E. Lester\"}',3),(1226,'VIEW','2025-06-30 04:22:08.277653','{\"message\": \"Viewed a patient history:\", \"patient_id\": 6, \"patient_name\": \"Mo E. Lester\"}',3),(1227,'VIEW','2025-06-30 04:22:15.227272','{\"message\": \"Viewed clinical notes by case number:\", \"case_number\": \"CN-20250629-013\", \"notes_count\": 2}',3),(1228,'VIEW','2025-06-30 04:22:15.276637','{\"message\": \"Viewed clinical notes by case number:\", \"case_number\": \"CN-20250629-013\", \"notes_count\": 2}',3),(1229,'VIEW','2025-06-30 04:22:15.301439','{\"message\": \"Viewed a patient history:\", \"patient_id\": 6, \"patient_name\": \"Mo E. Lester\"}',3),(1230,'VIEW','2025-06-30 04:22:15.326010','{\"message\": \"Viewed a patient history:\", \"patient_id\": 6, \"patient_name\": \"Mo E. Lester\"}',3),(1231,'VIEW','2025-06-30 04:22:49.470338','{\"message\": \"Viewed clinical notes by case number:\", \"case_number\": \"CN-20250629-013\", \"notes_count\": 2}',3),(1232,'VIEW','2025-06-30 04:22:49.511466','{\"message\": \"Viewed a patient history:\", \"patient_id\": 6, \"patient_name\": \"Mo E. Lester\"}',3),(1233,'VIEW','2025-06-30 04:22:49.528080','{\"message\": \"Viewed clinical notes by case number:\", \"case_number\": \"CN-20250629-013\", \"notes_count\": 2}',3),(1234,'VIEW','2025-06-30 04:22:49.561001','{\"message\": \"Viewed a patient history:\", \"patient_id\": 6, \"patient_name\": \"Mo E. Lester\"}',3),(1235,'VIEW','2025-06-30 04:23:10.112747','{\"message\": \"Viewed clinical notes by case number:\", \"case_number\": \"CN-20250629-013\", \"notes_count\": 2}',3),(1236,'VIEW','2025-06-30 04:23:10.162522','{\"message\": \"Viewed clinical notes by case number:\", \"case_number\": \"CN-20250629-013\", \"notes_count\": 2}',3),(1237,'VIEW','2025-06-30 04:23:10.170525','{\"message\": \"Viewed a patient history:\", \"patient_id\": 6, \"patient_name\": \"Mo E. Lester\"}',3),(1238,'VIEW','2025-06-30 04:23:10.202603','{\"message\": \"Viewed a patient history:\", \"patient_id\": 6, \"patient_name\": \"Mo E. Lester\"}',3),(1239,'VIEW','2025-06-30 04:23:20.227276','{\"message\": \"Viewed clinical notes by case number:\", \"case_number\": \"CN-20250629-013\", \"notes_count\": 2}',3),(1240,'VIEW','2025-06-30 04:23:20.302047','{\"message\": \"Viewed clinical notes by case number:\", \"case_number\": \"CN-20250629-013\", \"notes_count\": 2}',3),(1241,'VIEW','2025-06-30 04:23:20.302047','{\"message\": \"Viewed a patient history:\", \"patient_id\": 6, \"patient_name\": \"Mo E. Lester\"}',3),(1242,'VIEW','2025-06-30 04:23:20.343211','{\"message\": \"Viewed a patient history:\", \"patient_id\": 6, \"patient_name\": \"Mo E. Lester\"}',3),(1243,'VIEW','2025-06-30 04:24:55.704190','{\"message\": \"Viewed clinical notes by case number:\", \"case_number\": \"CN-20250629-013\", \"notes_count\": 2}',3),(1244,'VIEW','2025-06-30 04:24:55.745199','{\"message\": \"Viewed clinical notes by case number:\", \"case_number\": \"CN-20250629-013\", \"notes_count\": 2}',3),(1245,'VIEW','2025-06-30 04:24:55.777759','{\"message\": \"Viewed a patient history:\", \"patient_id\": 6, \"patient_name\": \"Mo E. Lester\"}',3),(1246,'VIEW','2025-06-30 04:24:55.802326','{\"message\": \"Viewed a patient history:\", \"patient_id\": 6, \"patient_name\": \"Mo E. Lester\"}',3),(1247,'VIEW','2025-06-30 05:10:14.017080','{\"message\": \"Updated patient details RENZ\", \"patient_id\": 6, \"patient_name\": \"Mo E. Lester\", \"updated_fields\": []}',1),(1248,'VIEW','2025-06-30 05:10:14.103862','{\"message\": \"Updated patient details RENZ\", \"patient_id\": 6, \"patient_name\": \"Mo E. Lester\", \"updated_fields\": []}',1),(1249,'VIEW','2025-06-30 05:10:39.320618','{\"message\": \"Updated patient details RENZ\", \"patient_id\": 4, \"patient_name\": \"Cong Velasquez Jrs\", \"updated_fields\": []}',1),(1250,'VIEW','2025-06-30 05:10:39.430915','{\"message\": \"Updated patient details RENZ\", \"patient_id\": 4, \"patient_name\": \"Cong Velasquez Jrs\", \"updated_fields\": []}',1),(1251,'VIEW','2025-06-30 05:10:42.483544','{\"message\": \"Viewed clinical notes by case number:\", \"case_number\": \"CN-20250629-006\", \"notes_count\": 0}',1),(1252,'VIEW','2025-06-30 05:10:42.514795','{\"message\": \"Viewed clinical notes by case number:\", \"case_number\": \"CN-20250629-006\", \"notes_count\": 0}',1),(1253,'VIEW','2025-06-30 05:10:42.530435','{\"message\": \"Viewed a patient history:\", \"patient_id\": 4, \"patient_name\": \"Cong Velasquez Jrs\"}',1),(1254,'VIEW','2025-06-30 05:10:42.570878','{\"message\": \"Viewed a patient history:\", \"patient_id\": 4, \"patient_name\": \"Cong Velasquez Jrs\"}',1),(1255,'CREATE','2025-06-30 05:10:57.416455','{\"message\": \"Created a clinical note:\", \"patient_id\": 4, \"patient_name\": \"Cong Velasquez Jrs\"}',1),(1256,'VIEW','2025-06-30 05:11:00.105431','{\"message\": \"Updated patient details RENZ\", \"patient_id\": 4, \"patient_name\": \"Cong Velasquez Jrs\", \"updated_fields\": []}',1),(1257,'VIEW','2025-06-30 05:11:00.198595','{\"message\": \"Updated patient details RENZ\", \"patient_id\": 4, \"patient_name\": \"Cong Velasquez Jrs\", \"updated_fields\": []}',1),(1258,'VIEW','2025-06-30 05:11:04.440907','{\"message\": \"Viewed clinical notes by case number:\", \"case_number\": \"CN-20250629-006\", \"notes_count\": 1}',1),(1259,'VIEW','2025-06-30 05:11:04.472174','{\"message\": \"Viewed clinical notes by case number:\", \"case_number\": \"CN-20250629-006\", \"notes_count\": 1}',1),(1260,'VIEW','2025-06-30 05:11:04.487795','{\"message\": \"Viewed a patient history:\", \"patient_id\": 4, \"patient_name\": \"Cong Velasquez Jrs\"}',1),(1261,'VIEW','2025-06-30 05:11:04.514856','{\"message\": \"Viewed a patient history:\", \"patient_id\": 4, \"patient_name\": \"Cong Velasquez Jrs\"}',1),(1262,'VIEW','2025-06-30 05:11:06.366466','{\"message\": \"Updated patient details RENZ\", \"patient_id\": 4, \"patient_name\": \"Cong Velasquez Jrs\", \"updated_fields\": []}',1),(1263,'VIEW','2025-06-30 05:11:06.442722','{\"message\": \"Updated patient details RENZ\", \"patient_id\": 4, \"patient_name\": \"Cong Velasquez Jrs\", \"updated_fields\": []}',1),(1264,'VIEW','2025-06-30 05:11:10.358357','{\"message\": \"Viewed clinical notes by case number:\", \"case_number\": \"CN-20250630-002\", \"notes_count\": 0}',1),(1265,'VIEW','2025-06-30 05:11:10.389609','{\"message\": \"Viewed clinical notes by case number:\", \"case_number\": \"CN-20250630-002\", \"notes_count\": 0}',1),(1266,'VIEW','2025-06-30 05:11:10.405238','{\"message\": \"Viewed a patient history:\", \"patient_id\": 4, \"patient_name\": \"Cong Velasquez Jrs\"}',1),(1267,'VIEW','2025-06-30 05:11:10.444569','{\"message\": \"Viewed a patient history:\", \"patient_id\": 4, \"patient_name\": \"Cong Velasquez Jrs\"}',1),(1268,'CREATE','2025-06-30 05:11:16.610950','{\"message\": \"Created a clinical note:\", \"patient_id\": 4, \"patient_name\": \"Cong Velasquez Jrs\"}',1),(1269,'VIEW','2025-06-30 05:11:18.346309','{\"message\": \"Updated patient details RENZ\", \"patient_id\": 4, \"patient_name\": \"Cong Velasquez Jrs\", \"updated_fields\": []}',1),(1270,'VIEW','2025-06-30 05:11:18.436758','{\"message\": \"Updated patient details RENZ\", \"patient_id\": 4, \"patient_name\": \"Cong Velasquez Jrs\", \"updated_fields\": []}',1),(1271,'VIEW','2025-06-30 05:11:20.160561','{\"message\": \"Viewed clinical notes by case number:\", \"case_number\": \"CN-20250629-006\", \"notes_count\": 1}',1),(1272,'VIEW','2025-06-30 05:11:20.176192','{\"message\": \"Viewed clinical notes by case number:\", \"case_number\": \"CN-20250629-006\", \"notes_count\": 1}',1),(1273,'VIEW','2025-06-30 05:11:20.191863','{\"message\": \"Viewed a patient history:\", \"patient_id\": 4, \"patient_name\": \"Cong Velasquez Jrs\"}',1),(1274,'VIEW','2025-06-30 05:11:20.226219','{\"message\": \"Viewed a patient history:\", \"patient_id\": 4, \"patient_name\": \"Cong Velasquez Jrs\"}',1),(1275,'VIEW','2025-06-30 05:11:23.268589','{\"message\": \"Viewed a patient image:\", \"patient_id\": 4, \"patient_name\": \"Cong Velasquez Jrs\"}',1),(1276,'VIEW','2025-06-30 05:11:23.306451','{\"message\": \"Viewed a patient image:\", \"patient_id\": 4, \"patient_name\": \"Cong Velasquez Jrs\"}',1),(1277,'VIEW','2025-06-30 05:11:28.298263','{\"message\": \"Viewed a laboratory result:\"}',1),(1278,'VIEW','2025-06-30 05:11:28.456692','{\"message\": \"Viewed a laboratory:\"}',1),(1279,'VIEW','2025-06-30 05:11:28.517691','{\"message\": \"Viewed a laboratory:\"}',1),(1280,'VIEW','2025-06-30 05:11:37.699293','{\"message\": \"Viewed a laboratory result:\"}',1),(1281,'VIEW','2025-06-30 05:11:39.706792','{\"message\": \"Viewed a laboratory result:\"}',1),(1282,'VIEW','2025-06-30 05:11:41.047940','{\"message\": \"Viewed a laboratory result:\"}',1),(1283,'VIEW','2025-06-30 05:11:42.281571','{\"message\": \"Viewed a laboratory:\"}',1),(1284,'VIEW','2025-06-30 05:11:43.255326','{\"message\": \"Viewed a laboratory result:\"}',1),(1285,'VIEW','2025-06-30 05:11:48.557689','{\"message\": \"Viewed a laboratory result:\"}',1),(1286,'VIEW','2025-06-30 05:11:52.505310','{\"message\": \"Viewed a laboratory result:\"}',1),(1287,'VIEW','2025-06-30 05:11:53.944177','{\"message\": \"Viewed a laboratory:\"}',1),(1288,'VIEW','2025-06-30 05:11:54.927188','{\"message\": \"Viewed a laboratory result:\"}',1),(1289,'VIEW','2025-06-30 05:12:16.813153','{\"message\": \"Viewed bed assignment list:\"}',1),(1290,'VIEW','2025-06-30 05:12:16.849937','{\"message\": \"Viewed bed assignment list:\"}',1),(1291,'VIEW','2025-06-30 05:12:20.879801','{\"query\": \"a\", \"message\": \"Searched a billing:\"}',1),(1292,'VIEW','2025-06-30 05:12:23.009567','{\"query\": \"q\", \"message\": \"Searched a billing:\"}',1),(1293,'VIEW','2025-06-30 05:12:24.625600','{\"query\": \"v\", \"message\": \"Searched a billing:\"}',1),(1294,'VIEW','2025-06-30 05:12:29.344542','{\"query\": \"a\", \"message\": \"Searched a billing:\"}',1),(1295,'VIEW','2025-06-30 05:12:29.363440','{\"query\": \"a\", \"message\": \"Searched a billing:\"}',1),(1296,'VIEW','2025-06-30 05:12:29.397475','{\"query\": \"a\", \"message\": \"Searched a billing:\"}',1),(1297,'VIEW','2025-06-30 05:12:29.413251','{\"query\": \"a\", \"message\": \"Searched a billing:\"}',1),(1298,'VIEW','2025-06-30 05:12:32.457471','{\"query\": \"a\", \"message\": \"Searched a billing:\"}',1),(1299,'VIEW','2025-06-30 05:12:32.502664','{\"query\": \"a\", \"message\": \"Searched a billing:\"}',1),(1300,'VIEW','2025-06-30 05:12:36.616068','{\"query\": \"mar\", \"message\": \"Searched a patient:\"}',1),(1301,'VIEW','2025-06-30 05:12:38.308778','{\"query\": \"Marwan D. Terrorist\", \"message\": \"Searched a patient:\"}',1),(1302,'CREATE','2025-06-30 05:12:39.056235','{\"message\": \"Created a new billing: 4\"}',1),(1303,'VIEW','2025-06-30 05:12:39.154944','{\"query\": \"a\", \"message\": \"Searched a billing:\"}',1),(1304,'VIEW','2025-06-30 05:12:39.209622','{\"query\": \"a\", \"message\": \"Searched a billing:\"}',1),(1305,'VIEW','2025-06-30 05:12:41.212643','{\"message\": \"Viewed bills:\"}',1),(1306,'VIEW','2025-06-30 05:12:41.289455','{\"query\": \"a\", \"message\": \"Searched a billing:\"}',1),(1307,'VIEW','2025-06-30 05:12:41.345096','{\"query\": \"a\", \"message\": \"Searched a billing:\"}',1),(1308,'VIEW','2025-06-30 05:12:41.374658','{\"query\": \"a\", \"message\": \"Searched a billing:\"}',1),(1309,'VIEW','2025-06-30 05:12:41.421536','{\"query\": \"a\", \"message\": \"Searched a billing:\"}',1),(1310,'VIEW','2025-06-30 05:12:41.452790','{\"query\": \"a\", \"message\": \"Searched a billing:\"}',1),(1311,'VIEW','2025-06-30 05:12:41.491469','{\"query\": \"a\", \"message\": \"Searched a billing:\"}',1),(1312,'VIEW','2025-06-30 05:12:43.257919','{\"message\": \"Viewed bills:\"}',1),(1313,'VIEW','2025-06-30 05:12:43.307715','{\"message\": \"Viewed bills:\"}',1),(1314,'VIEW','2025-06-30 05:13:02.908839','{\"message\": \"Updated patient details RENZ\", \"patient_id\": 6, \"patient_name\": \"Mo E. Lester\", \"updated_fields\": []}',1),(1315,'VIEW','2025-06-30 05:13:02.952957','{\"message\": \"Updated patient details RENZ\", \"patient_id\": 6, \"patient_name\": \"Mo E. Lester\", \"updated_fields\": []}',1),(1316,'VIEW','2025-06-30 05:13:06.328915','{\"message\": \"Viewed clinical notes by case number:\", \"case_number\": \"CN-20250629-011\", \"notes_count\": 2}',1),(1317,'VIEW','2025-06-30 05:13:06.375804','{\"message\": \"Viewed a patient history:\", \"patient_id\": 6, \"patient_name\": \"Mo E. Lester\"}',1),(1318,'VIEW','2025-06-30 05:13:06.391499','{\"message\": \"Viewed clinical notes by case number:\", \"case_number\": \"CN-20250629-011\", \"notes_count\": 2}',1),(1319,'VIEW','2025-06-30 05:13:06.423817','{\"message\": \"Viewed a patient history:\", \"patient_id\": 6, \"patient_name\": \"Mo E. Lester\"}',1),(1320,'VIEW','2025-06-30 05:13:08.005190','{\"message\": \"Updated patient details RENZ\", \"patient_id\": 6, \"patient_name\": \"Mo E. Lester\", \"updated_fields\": []}',1),(1321,'VIEW','2025-06-30 05:13:08.110613','{\"message\": \"Updated patient details RENZ\", \"patient_id\": 6, \"patient_name\": \"Mo E. Lester\", \"updated_fields\": []}',1),(1322,'VIEW','2025-06-30 05:13:08.162758','{\"message\": \"Updated patient details RENZ\", \"patient_id\": 6, \"patient_name\": \"Mo E. Lester\", \"updated_fields\": []}',1),(1323,'VIEW','2025-06-30 05:13:08.225611','{\"message\": \"Updated patient details RENZ\", \"patient_id\": 6, \"patient_name\": \"Mo E. Lester\", \"updated_fields\": []}',1),(1324,'VIEW','2025-06-30 05:13:20.658140','{\"message\": \"Viewed bills:\"}',1),(1325,'VIEW','2025-06-30 05:13:25.616766','{\"message\": \"Viewed bed assignment list:\"}',1),(1326,'VIEW','2025-06-30 05:13:25.638688','{\"message\": \"Viewed bed assignment list:\"}',1),(1327,'VIEW','2025-06-30 05:13:29.627172','{\"query\": \"mar\", \"message\": \"Searched a billing:\"}',1),(1328,'VIEW','2025-06-30 05:13:32.377609','{\"query\": \"GSFN4YEU\", \"message\": \"Searched a billing:\"}',1),(1329,'VIEW','2025-06-30 05:13:35.913737','{\"message\": \"Viewed room bed list:\"}',1),(1330,'VIEW','2025-06-30 05:13:35.937933','{\"message\": \"Viewed room bed list:\"}',1),(1331,'VIEW','2025-06-30 05:14:02.051414','{\"message\": \"Viewed room bed list:\"}',1),(1332,'VIEW','2025-06-30 05:14:02.091889','{\"message\": \"Viewed room bed list:\"}',1),(1333,'VIEW','2025-06-30 05:14:02.747816','{\"message\": \"Updated patient details RENZ\", \"patient_id\": 6, \"patient_name\": \"Mo E. Lester\", \"updated_fields\": []}',1),(1334,'VIEW','2025-06-30 05:14:02.842075','{\"message\": \"Updated patient details RENZ\", \"patient_id\": 6, \"patient_name\": \"Mo E. Lester\", \"updated_fields\": []}',1),(1335,'VIEW','2025-06-30 05:14:02.950963','{\"message\": \"Updated patient details RENZ\", \"patient_id\": 6, \"patient_name\": \"Mo E. Lester\", \"updated_fields\": []}',1),(1336,'VIEW','2025-06-30 05:14:03.024060','{\"message\": \"Updated patient details RENZ\", \"patient_id\": 6, \"patient_name\": \"Mo E. Lester\", \"updated_fields\": []}',1),(1337,'VIEW','2025-06-30 05:14:04.719657','{\"message\": \"Viewed bills:\"}',1),(1338,'VIEW','2025-06-30 05:14:26.700249','{\"message\": \"Viewed bed assignment list:\"}',1),(1339,'VIEW','2025-06-30 05:14:26.722217','{\"message\": \"Viewed bed assignment list:\"}',1),(1340,'VIEW','2025-06-30 05:14:30.884714','{\"message\": \"Viewed bed assignment list:\"}',1),(1341,'VIEW','2025-06-30 05:14:38.611984','{\"message\": \"Viewed bed assignment list:\"}',1),(1342,'VIEW','2025-06-30 05:14:38.660570','{\"message\": \"Viewed bed assignment list:\"}',1),(1343,'VIEW','2025-06-30 05:14:40.858505','{\"message\": \"Viewed bed assignment list:\"}',1),(1344,'VIEW','2025-06-30 05:14:41.555426','{\"message\": \"Updated patient details RENZ\", \"patient_id\": 6, \"patient_name\": \"Mo E. Lester\", \"updated_fields\": []}',1),(1345,'VIEW','2025-06-30 05:14:41.721521','{\"message\": \"Updated patient details RENZ\", \"patient_id\": 6, \"patient_name\": \"Mo E. Lester\", \"updated_fields\": []}',1),(1346,'VIEW','2025-06-30 05:14:41.878596','{\"message\": \"Updated patient details RENZ\", \"patient_id\": 6, \"patient_name\": \"Mo E. Lester\", \"updated_fields\": []}',1),(1347,'VIEW','2025-06-30 05:14:41.920165','{\"message\": \"Updated patient details RENZ\", \"patient_id\": 6, \"patient_name\": \"Mo E. Lester\", \"updated_fields\": []}',1),(1348,'VIEW','2025-06-30 05:17:23.476724','{\"message\": \"Viewed bed assignment list:\"}',1),(1349,'VIEW','2025-06-30 05:17:23.524725','{\"message\": \"Viewed bed assignment list:\"}',1),(1350,'VIEW','2025-06-30 05:17:26.805320','{\"message\": \"Viewed bills:\"}',1),(1351,'VIEW','2025-06-30 05:17:27.046942','{\"message\": \"Viewed bills:\"}',1),(1352,'VIEW','2025-06-30 05:18:00.099709','{\"query\": \"mar\", \"message\": \"Searched a patient:\"}',1),(1353,'VIEW','2025-06-30 05:18:00.131968','{\"query\": \"mar\", \"message\": \"Searched a patient:\"}',1),(1354,'VIEW','2025-06-30 05:18:01.208232','{\"message\": \"1Viewed patient details\", \"patient_id\": 5, \"patient_name\": \"Marwan D. Terrorist\"}',1),(1355,'VIEW','2025-06-30 05:18:01.243162','{\"message\": \"1Viewed patient details\", \"patient_id\": 5, \"patient_name\": \"Marwan D. Terrorist\"}',1),(1356,'VIEW','2025-06-30 05:18:01.261322','{\"message\": \"Viewed a patient image:\", \"patient_id\": 5, \"patient_name\": \"Marwan D. Terrorist\"}',1),(1357,'VIEW','2025-06-30 05:18:01.289098','{\"message\": \"Viewed a patient image:\", \"patient_id\": 5, \"patient_name\": \"Marwan D. Terrorist\"}',1),(1358,'VIEW','2025-06-30 05:19:05.284967','{\"query\": \"A\", \"message\": \"Searched a user:\"}',1),(1359,'VIEW','2025-06-30 05:19:21.109074','{\"message\": \"Updated patient details RENZ\", \"patient_id\": 6, \"patient_name\": \"Mo E. Lester\", \"updated_fields\": []}',1),(1360,'VIEW','2025-06-30 05:19:21.220171','{\"message\": \"Updated patient details RENZ\", \"patient_id\": 6, \"patient_name\": \"Mo E. Lester\", \"updated_fields\": []}',1),(1361,'VIEW','2025-06-30 05:19:21.322487','{\"message\": \"Updated patient details RENZ\", \"patient_id\": 6, \"patient_name\": \"Mo E. Lester\", \"updated_fields\": []}',1),(1362,'VIEW','2025-06-30 05:19:21.386523','{\"message\": \"Updated patient details RENZ\", \"patient_id\": 6, \"patient_name\": \"Mo E. Lester\", \"updated_fields\": []}',1),(1363,'VIEW','2025-06-30 05:19:30.415858','{\"message\": \"Updated patient details RENZ\", \"patient_id\": 8, \"patient_name\": \"James Bustos\", \"updated_fields\": []}',1),(1364,'VIEW','2025-06-30 05:19:30.456267','{\"message\": \"Updated patient details RENZ\", \"patient_id\": 8, \"patient_name\": \"James Bustos\", \"updated_fields\": []}',1),(1365,'VIEW','2025-06-30 05:19:42.332835','{\"message\": \"Updated patient details RENZ\", \"patient_id\": 6, \"patient_name\": \"Mo E. Lester\", \"updated_fields\": []}',1),(1366,'VIEW','2025-06-30 05:19:42.414545','{\"message\": \"Updated patient details RENZ\", \"patient_id\": 6, \"patient_name\": \"Mo E. Lester\", \"updated_fields\": []}',1),(1367,'VIEW','2025-06-30 05:20:00.422345','{\"message\": \"Updated patient details RENZ\", \"patient_id\": 6, \"patient_name\": \"Mo E. Lester\", \"updated_fields\": []}',1),(1368,'VIEW','2025-06-30 05:20:00.531722','{\"message\": \"Updated patient details RENZ\", \"patient_id\": 6, \"patient_name\": \"Mo E. Lester\", \"updated_fields\": []}',1),(1369,'VIEW','2025-06-30 05:20:00.597188','{\"message\": \"Updated patient details RENZ\", \"patient_id\": 6, \"patient_name\": \"Mo E. Lester\", \"updated_fields\": []}',1),(1370,'VIEW','2025-06-30 05:20:00.637546','{\"message\": \"Updated patient details RENZ\", \"patient_id\": 6, \"patient_name\": \"Mo E. Lester\", \"updated_fields\": []}',1),(1371,'VIEW','2025-06-30 05:20:00.674669','{\"message\": \"Updated patient details RENZ\", \"patient_id\": 6, \"patient_name\": \"Mo E. Lester\", \"updated_fields\": []}',1),(1372,'VIEW','2025-06-30 05:20:00.722215','{\"message\": \"Updated patient details RENZ\", \"patient_id\": 6, \"patient_name\": \"Mo E. Lester\", \"updated_fields\": []}',1),(1373,'VIEW','2025-06-30 05:24:40.331263','{\"message\": \"Updated patient details RENZ\", \"patient_id\": 6, \"patient_name\": \"Mo E. Lester\", \"updated_fields\": []}',1),(1374,'VIEW','2025-06-30 05:24:40.423802','{\"message\": \"Updated patient details RENZ\", \"patient_id\": 6, \"patient_name\": \"Mo E. Lester\", \"updated_fields\": []}',1),(1375,'VIEW','2025-06-30 05:24:40.548596','{\"message\": \"Updated patient details RENZ\", \"patient_id\": 6, \"patient_name\": \"Mo E. Lester\", \"updated_fields\": []}',1),(1376,'VIEW','2025-06-30 05:24:40.608189','{\"message\": \"Updated patient details RENZ\", \"patient_id\": 6, \"patient_name\": \"Mo E. Lester\", \"updated_fields\": []}',1),(1377,'VIEW','2025-06-30 05:24:40.924899','{\"message\": \"Updated patient details RENZ\", \"patient_id\": 6, \"patient_name\": \"Mo E. Lester\", \"updated_fields\": []}',1),(1378,'VIEW','2025-06-30 05:24:41.011562','{\"message\": \"Updated patient details RENZ\", \"patient_id\": 6, \"patient_name\": \"Mo E. Lester\", \"updated_fields\": []}',1),(1379,'VIEW','2025-06-30 05:24:52.050756','{\"message\": \"Updated patient details RENZ\", \"patient_id\": 6, \"patient_name\": \"Mo E. Lester\", \"updated_fields\": []}',1),(1380,'VIEW','2025-06-30 05:24:52.151599','{\"message\": \"Updated patient details RENZ\", \"patient_id\": 6, \"patient_name\": \"Mo E. Lester\", \"updated_fields\": []}',1),(1381,'VIEW','2025-06-30 05:24:52.319432','{\"message\": \"Updated patient details RENZ\", \"patient_id\": 6, \"patient_name\": \"Mo E. Lester\", \"updated_fields\": []}',1),(1382,'VIEW','2025-06-30 05:24:52.383939','{\"message\": \"Updated patient details RENZ\", \"patient_id\": 6, \"patient_name\": \"Mo E. Lester\", \"updated_fields\": []}',1),(1383,'VIEW','2025-06-30 05:24:58.919030','{\"message\": \"Viewed bed assignment list:\"}',1),(1384,'VIEW','2025-06-30 05:24:58.949325','{\"message\": \"Viewed bed assignment list:\"}',1),(1385,'VIEW','2025-06-30 05:31:02.360024','{\"message\": \"Updated patient details RENZ\", \"patient_id\": 6, \"patient_name\": \"Mo E. Lester\", \"updated_fields\": []}',1),(1386,'VIEW','2025-06-30 05:31:02.457858','{\"message\": \"Updated patient details RENZ\", \"patient_id\": 6, \"patient_name\": \"Mo E. Lester\", \"updated_fields\": []}',1),(1387,'VIEW','2025-06-30 05:31:02.536137','{\"message\": \"Updated patient details RENZ\", \"patient_id\": 6, \"patient_name\": \"Mo E. Lester\", \"updated_fields\": []}',1),(1388,'VIEW','2025-06-30 05:31:02.598036','{\"message\": \"Updated patient details RENZ\", \"patient_id\": 6, \"patient_name\": \"Mo E. Lester\", \"updated_fields\": []}',1),(1389,'VIEW','2025-06-30 09:53:58.291157','{\"message\": \"Updated patient details RENZ\", \"patient_id\": 8, \"patient_name\": \"James Bustos\", \"updated_fields\": []}',1),(1390,'VIEW','2025-06-30 09:53:58.363277','{\"message\": \"Updated patient details RENZ\", \"patient_id\": 8, \"patient_name\": \"James Bustos\", \"updated_fields\": []}',1),(1391,'VIEW','2025-06-30 09:53:59.804184','{\"message\": \"Viewed clinical notes by case number:\", \"case_number\": \"CN-20250630-001\", \"notes_count\": 0}',1),(1392,'VIEW','2025-06-30 09:53:59.864883','{\"message\": \"Viewed a patient history:\", \"patient_id\": 8, \"patient_name\": \"James Bustos\"}',1),(1393,'VIEW','2025-06-30 09:53:59.864883','{\"message\": \"Viewed clinical notes by case number:\", \"case_number\": \"CN-20250630-001\", \"notes_count\": 0}',1),(1394,'VIEW','2025-06-30 09:53:59.922402','{\"message\": \"Viewed a patient history:\", \"patient_id\": 8, \"patient_name\": \"James Bustos\"}',1),(1395,'VIEW','2025-06-30 09:54:01.112591','{\"message\": \"Updated patient details RENZ\", \"patient_id\": 8, \"patient_name\": \"James Bustos\", \"updated_fields\": []}',1),(1396,'VIEW','2025-06-30 09:54:01.161743','{\"message\": \"Updated patient details RENZ\", \"patient_id\": 8, \"patient_name\": \"James Bustos\", \"updated_fields\": []}',1),(1397,'VIEW','2025-06-30 10:08:56.082924','{\"message\": \"Updated patient details RENZ\", \"patient_id\": 8, \"patient_name\": \"James Bustos\", \"updated_fields\": []}',1),(1398,'VIEW','2025-06-30 10:08:56.149060','{\"message\": \"Updated patient details RENZ\", \"patient_id\": 8, \"patient_name\": \"James Bustos\", \"updated_fields\": []}',1),(1399,'VIEW','2025-06-30 10:10:42.006453','{\"message\": \"Updated patient details RENZ\", \"patient_id\": 5, \"patient_name\": \"Marwan D. Terrorist\", \"updated_fields\": []}',1),(1400,'VIEW','2025-06-30 10:10:42.083901','{\"message\": \"Updated patient details RENZ\", \"patient_id\": 5, \"patient_name\": \"Marwan D. Terrorist\", \"updated_fields\": []}',1),(1401,'VIEW','2025-06-30 10:10:43.393066','{\"message\": \"Viewed clinical notes by case number:\", \"case_number\": \"CN-20250629-010\", \"notes_count\": 1}',1),(1402,'VIEW','2025-06-30 10:10:43.433813','{\"message\": \"Viewed clinical notes by case number:\", \"case_number\": \"CN-20250629-010\", \"notes_count\": 1}',1),(1403,'VIEW','2025-06-30 10:10:43.449663','{\"message\": \"Viewed a patient history:\", \"patient_id\": 5, \"patient_name\": \"Marwan D. Terrorist\"}',1),(1404,'VIEW','2025-06-30 10:10:43.498085','{\"message\": \"Viewed a patient history:\", \"patient_id\": 5, \"patient_name\": \"Marwan D. Terrorist\"}',1),(1405,'VIEW','2025-06-30 10:10:47.003239','{\"message\": \"Updated patient details RENZ\", \"patient_id\": 5, \"patient_name\": \"Marwan D. Terrorist\", \"updated_fields\": []}',1),(1406,'VIEW','2025-06-30 10:10:47.080056','{\"message\": \"Updated patient details RENZ\", \"patient_id\": 5, \"patient_name\": \"Marwan D. Terrorist\", \"updated_fields\": []}',1),(1407,'VIEW','2025-06-30 10:12:11.178873','{\"message\": \"Updated patient details RENZ\", \"patient_id\": 5, \"patient_name\": \"Marwan D. Terrorist\", \"updated_fields\": []}',1),(1408,'VIEW','2025-06-30 10:12:11.325867','{\"message\": \"Updated patient details RENZ\", \"patient_id\": 5, \"patient_name\": \"Marwan D. Terrorist\", \"updated_fields\": []}',1),(1409,'VIEW','2025-06-30 10:17:29.707814','{\"message\": \"Viewed clinical notes by case number:\", \"case_number\": \"CN-20250629-010\", \"notes_count\": 1}',1),(1410,'VIEW','2025-06-30 10:17:29.739623','{\"message\": \"Viewed clinical notes by case number:\", \"case_number\": \"CN-20250629-010\", \"notes_count\": 1}',1),(1411,'VIEW','2025-06-30 10:17:29.744432','{\"message\": \"Viewed a patient history:\", \"patient_id\": 5, \"patient_name\": \"Marwan D. Terrorist\"}',1),(1412,'VIEW','2025-06-30 10:17:29.786205','{\"message\": \"Viewed a patient history:\", \"patient_id\": 5, \"patient_name\": \"Marwan D. Terrorist\"}',1),(1413,'VIEW','2025-06-30 10:17:32.122020','{\"message\": \"Updated patient details RENZ\", \"patient_id\": 5, \"patient_name\": \"Marwan D. Terrorist\", \"updated_fields\": []}',1),(1414,'VIEW','2025-06-30 10:17:32.199276','{\"message\": \"Updated patient details RENZ\", \"patient_id\": 5, \"patient_name\": \"Marwan D. Terrorist\", \"updated_fields\": []}',1),(1415,'VIEW','2025-06-30 10:17:38.276659','{\"message\": \"Updated patient details RENZ\", \"patient_id\": 8, \"patient_name\": \"James Bustos\", \"updated_fields\": []}',1),(1416,'VIEW','2025-06-30 10:17:38.323768','{\"message\": \"Updated patient details RENZ\", \"patient_id\": 8, \"patient_name\": \"James Bustos\", \"updated_fields\": []}',1),(1417,'VIEW','2025-06-30 10:19:11.718842','{\"message\": \"Viewed clinical notes by case number:\", \"case_number\": \"CN-20250630-001\", \"notes_count\": 0}',1),(1418,'VIEW','2025-06-30 10:19:11.751980','{\"message\": \"Viewed clinical notes by case number:\", \"case_number\": \"CN-20250630-001\", \"notes_count\": 0}',1),(1419,'VIEW','2025-06-30 10:19:11.758686','{\"message\": \"Viewed a patient history:\", \"patient_id\": 8, \"patient_name\": \"James Bustos\"}',1),(1420,'VIEW','2025-06-30 10:19:11.795723','{\"message\": \"Viewed a patient history:\", \"patient_id\": 8, \"patient_name\": \"James Bustos\"}',1),(1421,'VIEW','2025-06-30 10:41:34.474640','{\"query\": \"0\", \"message\": \"Searched a user:\"}',1),(1422,'VIEW','2025-06-30 10:42:02.770545','{\"query\": \"Lance Doc Gonzales\", \"message\": \"Searched a user:\"}',1),(1423,'VIEW','2025-06-30 10:45:53.120265','{\"query\": \"A\", \"message\": \"Searched a patient:\"}',1),(1424,'VIEW','2025-06-30 10:45:53.161462','{\"query\": \"A\", \"message\": \"Searched a patient:\"}',1),(1425,'VIEW','2025-06-30 10:45:54.603114','{\"message\": \"1Viewed patient details\", \"patient_id\": 1, \"patient_name\": \"Filmor Sarmiento\"}',1),(1426,'VIEW','2025-06-30 10:45:54.637258','{\"message\": \"1Viewed patient details\", \"patient_id\": 1, \"patient_name\": \"Filmor Sarmiento\"}',1),(1427,'VIEW','2025-06-30 10:45:54.651257','{\"message\": \"Viewed a patient image:\", \"patient_id\": 1, \"patient_name\": \"Filmor Sarmiento\"}',1),(1428,'VIEW','2025-06-30 10:45:54.678253','{\"message\": \"Viewed a patient image:\", \"patient_id\": 1, \"patient_name\": \"Filmor Sarmiento\"}',1),(1429,'VIEW','2025-06-30 10:52:56.920774','{\"message\": \"1Viewed patient details\", \"patient_id\": 1, \"patient_name\": \"Filmor Sarmiento\"}',1),(1430,'VIEW','2025-06-30 10:52:56.989366','{\"message\": \"1Viewed patient details\", \"patient_id\": 1, \"patient_name\": \"Filmor Sarmiento\"}',1),(1431,'VIEW','2025-06-30 10:52:56.991873','{\"message\": \"Viewed a patient image:\", \"patient_id\": 1, \"patient_name\": \"Filmor Sarmiento\"}',1),(1432,'VIEW','2025-06-30 10:52:57.055993','{\"message\": \"Viewed a patient image:\", \"patient_id\": 1, \"patient_name\": \"Filmor Sarmiento\"}',1),(1433,'VIEW','2025-06-30 10:57:54.148027','{\"message\": \"1Viewed patient details\", \"patient_id\": 1, \"patient_name\": \"Filmor Sarmiento\"}',1),(1434,'VIEW','2025-06-30 10:57:54.214511','{\"message\": \"Viewed a patient image:\", \"patient_id\": 1, \"patient_name\": \"Filmor Sarmiento\"}',1),(1435,'VIEW','2025-06-30 11:06:04.415083','{\"query\": \"s\", \"message\": \"Searched a patient:\"}',1),(1436,'VIEW','2025-06-30 11:06:04.487397','{\"query\": \"s\", \"message\": \"Searched a patient:\"}',1),(1437,'VIEW','2025-06-30 11:06:05.310075','{\"message\": \"1Viewed patient details\", \"patient_id\": 1, \"patient_name\": \"Filmor Sarmiento\"}',1),(1438,'VIEW','2025-06-30 11:06:05.345449','{\"message\": \"1Viewed patient details\", \"patient_id\": 1, \"patient_name\": \"Filmor Sarmiento\"}',1),(1439,'VIEW','2025-06-30 11:06:05.359620','{\"message\": \"Viewed a patient image:\", \"patient_id\": 1, \"patient_name\": \"Filmor Sarmiento\"}',1),(1440,'VIEW','2025-06-30 11:06:05.385337','{\"message\": \"Viewed a patient image:\", \"patient_id\": 1, \"patient_name\": \"Filmor Sarmiento\"}',1),(1441,'VIEW','2025-06-30 11:07:05.880236','{\"message\": \"Updated patient details RENZ\", \"patient_id\": 5, \"patient_name\": \"Marwan D. Terrorist\", \"updated_fields\": []}',1),(1442,'VIEW','2025-06-30 11:07:05.964594','{\"message\": \"Updated patient details RENZ\", \"patient_id\": 5, \"patient_name\": \"Marwan D. Terrorist\", \"updated_fields\": []}',1),(1443,'VIEW','2025-06-30 11:07:08.934325','{\"message\": \"Viewed clinical notes by case number:\", \"case_number\": \"CN-20250629-008\", \"notes_count\": 1}',1),(1444,'VIEW','2025-06-30 11:07:08.975190','{\"message\": \"Viewed clinical notes by case number:\", \"case_number\": \"CN-20250629-008\", \"notes_count\": 1}',1),(1445,'VIEW','2025-06-30 11:07:08.983006','{\"message\": \"Viewed a patient history:\", \"patient_id\": 5, \"patient_name\": \"Marwan D. Terrorist\"}',1),(1446,'VIEW','2025-06-30 11:07:09.025853','{\"message\": \"Viewed a patient history:\", \"patient_id\": 5, \"patient_name\": \"Marwan D. Terrorist\"}',1),(1447,'VIEW','2025-06-30 11:07:11.119800','{\"message\": \"Updated patient details RENZ\", \"patient_id\": 5, \"patient_name\": \"Marwan D. Terrorist\", \"updated_fields\": []}',1),(1448,'VIEW','2025-06-30 11:07:11.185459','{\"message\": \"Updated patient details RENZ\", \"patient_id\": 5, \"patient_name\": \"Marwan D. Terrorist\", \"updated_fields\": []}',1),(1449,'VIEW','2025-06-30 11:07:17.943915','{\"message\": \"Viewed clinical notes by case number:\", \"case_number\": \"CN-20250629-009\", \"notes_count\": 1}',1),(1450,'VIEW','2025-06-30 11:07:17.980489','{\"message\": \"Viewed clinical notes by case number:\", \"case_number\": \"CN-20250629-009\", \"notes_count\": 1}',1),(1451,'VIEW','2025-06-30 11:07:17.999431','{\"message\": \"Viewed a patient history:\", \"patient_id\": 5, \"patient_name\": \"Marwan D. Terrorist\"}',1),(1452,'VIEW','2025-06-30 11:07:18.047249','{\"message\": \"Viewed a patient history:\", \"patient_id\": 5, \"patient_name\": \"Marwan D. Terrorist\"}',1),(1453,'VIEW','2025-06-30 11:07:20.323278','{\"message\": \"Viewed a patient image:\", \"patient_id\": 5, \"patient_name\": \"Marwan D. Terrorist\"}',1),(1454,'VIEW','2025-06-30 11:07:20.355188','{\"message\": \"Viewed a patient image:\", \"patient_id\": 5, \"patient_name\": \"Marwan D. Terrorist\"}',1),(1455,'VIEW','2025-06-30 11:09:36.012415','{\"query\": \"d\", \"message\": \"Searched a patient:\"}',1),(1456,'VIEW','2025-06-30 11:09:36.532734','{\"message\": \"Updated patient details RENZ\", \"patient_id\": 2, \"patient_name\": \"Filmor Sarmiento\", \"updated_fields\": []}',1),(1457,'VIEW','2025-06-30 11:09:36.580817','{\"message\": \"Updated patient details RENZ\", \"patient_id\": 2, \"patient_name\": \"Filmor Sarmiento\", \"updated_fields\": []}',1),(1458,'VIEW','2025-06-30 11:09:42.279100','{\"message\": \"Viewed clinical notes by case number:\", \"case_number\": \"CN-20250629-002\", \"notes_count\": 0}',1),(1459,'VIEW','2025-06-30 11:09:42.317789','{\"message\": \"Viewed clinical notes by case number:\", \"case_number\": \"CN-20250629-002\", \"notes_count\": 0}',1),(1460,'VIEW','2025-06-30 11:09:42.329977','{\"message\": \"Viewed a patient history:\", \"patient_id\": 2, \"patient_name\": \"Filmor Sarmiento\"}',1),(1461,'VIEW','2025-06-30 11:09:42.365692','{\"message\": \"Viewed a patient history:\", \"patient_id\": 2, \"patient_name\": \"Filmor Sarmiento\"}',1),(1462,'VIEW','2025-06-30 11:09:46.796841','{\"message\": \"Viewed a patient image:\", \"patient_id\": 2, \"patient_name\": \"Filmor Sarmiento\"}',1),(1463,'VIEW','2025-06-30 11:09:46.826266','{\"message\": \"Viewed a patient image:\", \"patient_id\": 2, \"patient_name\": \"Filmor Sarmiento\"}',1),(1464,'VIEW','2025-06-30 11:10:28.430441','{\"message\": \"Viewed clinical notes by case number:\", \"case_number\": \"CN-20250629-002\", \"notes_count\": 0}',1),(1465,'VIEW','2025-06-30 11:10:28.490832','{\"message\": \"Viewed clinical notes by case number:\", \"case_number\": \"CN-20250629-002\", \"notes_count\": 0}',1),(1466,'VIEW','2025-06-30 11:10:28.506280','{\"message\": \"Viewed a patient history:\", \"patient_id\": 2, \"patient_name\": \"Filmor Sarmiento\"}',1),(1467,'VIEW','2025-06-30 11:10:28.593922','{\"message\": \"Viewed a patient history:\", \"patient_id\": 2, \"patient_name\": \"Filmor Sarmiento\"}',1),(1468,'VIEW','2025-06-30 11:10:31.450290','{\"message\": \"Viewed a patient image:\", \"patient_id\": 2, \"patient_name\": \"Filmor Sarmiento\"}',1),(1469,'VIEW','2025-06-30 11:10:31.480119','{\"message\": \"Viewed a patient image:\", \"patient_id\": 2, \"patient_name\": \"Filmor Sarmiento\"}',1),(1470,'VIEW','2025-06-30 11:10:32.727740','{\"message\": \"Viewed clinical notes by case number:\", \"case_number\": \"CN-20250629-002\", \"notes_count\": 0}',1),(1471,'VIEW','2025-06-30 11:10:32.774451','{\"message\": \"Viewed clinical notes by case number:\", \"case_number\": \"CN-20250629-002\", \"notes_count\": 0}',1),(1472,'VIEW','2025-06-30 11:10:32.799330','{\"message\": \"Viewed a patient history:\", \"patient_id\": 2, \"patient_name\": \"Filmor Sarmiento\"}',1),(1473,'VIEW','2025-06-30 11:10:32.835861','{\"message\": \"Viewed a patient history:\", \"patient_id\": 2, \"patient_name\": \"Filmor Sarmiento\"}',1),(1474,'VIEW','2025-06-30 11:10:42.809843','{\"message\": \"Viewed clinical notes by case number:\", \"case_number\": \"CN-20250629-002\", \"notes_count\": 0}',1),(1475,'VIEW','2025-06-30 11:10:42.847984','{\"message\": \"Viewed a patient history:\", \"patient_id\": 2, \"patient_name\": \"Filmor Sarmiento\"}',1),(1476,'VIEW','2025-06-30 11:10:42.939309','{\"message\": \"Viewed a patient image:\", \"patient_id\": 2, \"patient_name\": \"Filmor Sarmiento\"}',1),(1477,'VIEW','2025-06-30 11:10:42.977317','{\"message\": \"Viewed a patient image:\", \"patient_id\": 2, \"patient_name\": \"Filmor Sarmiento\"}',1),(1478,'VIEW','2025-06-30 11:10:51.103563','{\"message\": \"1Viewed patient details\", \"patient_id\": 2, \"patient_name\": \"Filmor Sarmiento\"}',1),(1479,'VIEW','2025-06-30 11:10:51.133974','{\"message\": \"1Viewed patient details\", \"patient_id\": 2, \"patient_name\": \"Filmor Sarmiento\"}',1),(1480,'VIEW','2025-06-30 11:10:51.148378','{\"message\": \"Viewed a patient image:\", \"patient_id\": 2, \"patient_name\": \"Filmor Sarmiento\"}',1),(1481,'VIEW','2025-06-30 11:10:51.167291','{\"message\": \"Viewed a patient image:\", \"patient_id\": 2, \"patient_name\": \"Filmor Sarmiento\"}',1),(1482,'UPDATE','2025-06-30 11:11:12.679107','{\"message\": \"Updated patient details\", \"patient_id\": 2, \"patient_name\": \"Filmor Sarmientos\", \"updated_fields\": [\"has_philhealth\", \"has_hmo\", \"hmo\", \"name\", \"status\", \"type_of_admission\", \"admission_date\", \"current_condition\", \"date_of_birth\", \"birth_place\", \"gender\", \"age\", \"address\", \"occupation\", \"civil_status\", \"nationality\", \"religion\", \"ward_service\", \"bed_number\", \"attending_physician\", \"visit_type\", \"consultation_datetime\", \"referred_by\", \"next_consultation_date\", \"discharge_date\", \"total_days\", \"phone\", \"emergency_contact_name\", \"emergency_contact_phone\", \"height\", \"weight\", \"blood_pressure\", \"pulse_rate\", \"respiratory_rate\", \"temperature\", \"physical_examination\", \"main_complaint\", \"present_illness\", \"clinical_findings\", \"icd_code\", \"diagnosis\", \"treatment\", \"principal_diagnosis\", \"other_diagnosis\", \"principal_operation\", \"other_operation\", \"disposition\", \"result\", \"membership\", \"father_name\", \"father_address\", \"father_contact\", \"mother_name\", \"mother_address\", \"mother_contact\", \"spouse_name\", \"spouse_address\", \"spouse_contact\"]}',1),(1483,'VIEW','2025-06-30 11:11:25.605462','{\"query\": \"f\", \"message\": \"Searched a patient:\"}',1),(1484,'VIEW','2025-06-30 11:11:26.589575','{\"message\": \"Updated patient details RENZ\", \"patient_id\": 1, \"patient_name\": \"Filmor Sarmiento\", \"updated_fields\": []}',1),(1485,'VIEW','2025-06-30 11:11:26.630347','{\"message\": \"Updated patient details RENZ\", \"patient_id\": 1, \"patient_name\": \"Filmor Sarmiento\", \"updated_fields\": []}',1),(1486,'VIEW','2025-06-30 11:11:28.418852','{\"message\": \"Viewed clinical notes by case number:\", \"case_number\": \"CN-20250629-001\", \"notes_count\": 0}',1),(1487,'VIEW','2025-06-30 11:11:28.449773','{\"message\": \"Viewed clinical notes by case number:\", \"case_number\": \"CN-20250629-001\", \"notes_count\": 0}',1),(1488,'VIEW','2025-06-30 11:11:28.467757','{\"message\": \"Viewed a patient history:\", \"patient_id\": 1, \"patient_name\": \"Filmor Sarmiento\"}',1),(1489,'VIEW','2025-06-30 11:11:28.507216','{\"message\": \"Viewed a patient history:\", \"patient_id\": 1, \"patient_name\": \"Filmor Sarmiento\"}',1),(1490,'VIEW','2025-06-30 11:11:28.554063','{\"message\": \"Viewed a patient image:\", \"patient_id\": 1, \"patient_name\": \"Filmor Sarmiento\"}',1),(1491,'VIEW','2025-06-30 11:11:28.582000','{\"message\": \"Viewed a patient image:\", \"patient_id\": 1, \"patient_name\": \"Filmor Sarmiento\"}',1),(1492,'VIEW','2025-06-30 11:11:28.602678','{\"message\": \"Viewed a patient image:\", \"patient_id\": 1, \"patient_name\": \"Filmor Sarmiento\"}',1),(1493,'VIEW','2025-06-30 11:11:32.887936','{\"message\": \"Updated patient details RENZ\", \"patient_id\": 1, \"patient_name\": \"Filmor Sarmiento\", \"updated_fields\": []}',1),(1494,'VIEW','2025-06-30 11:11:32.940369','{\"message\": \"Updated patient details RENZ\", \"patient_id\": 1, \"patient_name\": \"Filmor Sarmiento\", \"updated_fields\": []}',1),(1495,'VIEW','2025-06-30 11:11:34.332394','{\"message\": \"Viewed clinical notes by case number:\", \"case_number\": \"CN-20250629-001\", \"notes_count\": 0}',1),(1496,'VIEW','2025-06-30 11:11:34.373230','{\"message\": \"Viewed clinical notes by case number:\", \"case_number\": \"CN-20250629-001\", \"notes_count\": 0}',1),(1497,'VIEW','2025-06-30 11:11:34.376227','{\"message\": \"Viewed a patient history:\", \"patient_id\": 1, \"patient_name\": \"Filmor Sarmiento\"}',1),(1498,'VIEW','2025-06-30 11:11:34.411438','{\"message\": \"Viewed a patient history:\", \"patient_id\": 1, \"patient_name\": \"Filmor Sarmiento\"}',1),(1499,'VIEW','2025-06-30 11:11:34.438897','{\"message\": \"Viewed a patient image:\", \"patient_id\": 1, \"patient_name\": \"Filmor Sarmiento\"}',1),(1500,'VIEW','2025-06-30 11:11:34.458583','{\"message\": \"Viewed a patient image:\", \"patient_id\": 1, \"patient_name\": \"Filmor Sarmiento\"}',1),(1501,'VIEW','2025-06-30 11:11:34.482298','{\"message\": \"Viewed a patient image:\", \"patient_id\": 1, \"patient_name\": \"Filmor Sarmiento\"}',1),(1502,'VIEW','2025-06-30 11:11:36.423176','{\"message\": \"Updated patient details RENZ\", \"patient_id\": 1, \"patient_name\": \"Filmor Sarmiento\", \"updated_fields\": []}',1),(1503,'VIEW','2025-06-30 11:11:36.482741','{\"message\": \"Updated patient details RENZ\", \"patient_id\": 1, \"patient_name\": \"Filmor Sarmiento\", \"updated_fields\": []}',1),(1504,'VIEW','2025-06-30 11:11:43.292157','{\"message\": \"Updated patient details RENZ\", \"patient_id\": 3, \"patient_name\": \"James Sarmiento 005\", \"updated_fields\": []}',1),(1505,'VIEW','2025-06-30 11:11:43.378941','{\"message\": \"Updated patient details RENZ\", \"patient_id\": 3, \"patient_name\": \"James Sarmiento 005\", \"updated_fields\": []}',1),(1506,'VIEW','2025-06-30 11:11:47.531111','{\"message\": \"Viewed clinical notes by case number:\", \"case_number\": \"CN-20250629-005\", \"notes_count\": 0}',1),(1507,'VIEW','2025-06-30 11:11:47.559329','{\"message\": \"Viewed clinical notes by case number:\", \"case_number\": \"CN-20250629-005\", \"notes_count\": 0}',1),(1508,'VIEW','2025-06-30 11:11:47.576940','{\"message\": \"Viewed a patient history:\", \"patient_id\": 3, \"patient_name\": \"James Sarmiento 005\"}',1),(1509,'VIEW','2025-06-30 11:11:47.613277','{\"message\": \"Viewed a patient history:\", \"patient_id\": 3, \"patient_name\": \"James Sarmiento 005\"}',1),(1510,'VIEW','2025-06-30 11:11:47.668417','{\"message\": \"Viewed a patient image:\", \"patient_id\": 3, \"patient_name\": \"James Sarmiento 005\"}',1),(1511,'VIEW','2025-06-30 11:11:47.697844','{\"message\": \"Viewed a patient image:\", \"patient_id\": 3, \"patient_name\": \"James Sarmiento 005\"}',1),(1512,'VIEW','2025-06-30 11:11:47.736866','{\"message\": \"Viewed a patient image:\", \"patient_id\": 3, \"patient_name\": \"James Sarmiento 005\"}',1),(1513,'VIEW','2025-06-30 11:11:53.115097','{\"message\": \"1Viewed patient details\", \"patient_id\": 3, \"patient_name\": \"James Sarmiento 005\"}',1),(1514,'VIEW','2025-06-30 11:11:53.275580','{\"message\": \"1Viewed patient details\", \"patient_id\": 3, \"patient_name\": \"James Sarmiento 005\"}',1),(1515,'VIEW','2025-06-30 11:11:53.275580','{\"message\": \"Viewed a patient image:\", \"patient_id\": 3, \"patient_name\": \"James Sarmiento 005\"}',1),(1516,'VIEW','2025-06-30 11:11:53.310457','{\"message\": \"Viewed a patient image:\", \"patient_id\": 3, \"patient_name\": \"James Sarmiento 005\"}',1),(1517,'VIEW','2025-06-30 11:11:56.396898','{\"message\": \"Viewed clinical notes by case number:\", \"case_number\": \"CN-20250629-005\", \"notes_count\": 0}',1),(1518,'VIEW','2025-06-30 11:11:56.435151','{\"message\": \"Viewed clinical notes by case number:\", \"case_number\": \"CN-20250629-005\", \"notes_count\": 0}',1),(1519,'VIEW','2025-06-30 11:11:56.443166','{\"message\": \"Viewed a patient history:\", \"patient_id\": 3, \"patient_name\": \"James Sarmiento 005\"}',1),(1520,'VIEW','2025-06-30 11:11:56.477464','{\"message\": \"Viewed a patient history:\", \"patient_id\": 3, \"patient_name\": \"James Sarmiento 005\"}',1),(1521,'VIEW','2025-06-30 11:11:56.515225','{\"message\": \"Viewed a patient image:\", \"patient_id\": 3, \"patient_name\": \"James Sarmiento 005\"}',1),(1522,'VIEW','2025-06-30 11:11:56.542198','{\"message\": \"Viewed a patient image:\", \"patient_id\": 3, \"patient_name\": \"James Sarmiento 005\"}',1),(1523,'VIEW','2025-06-30 11:11:56.571702','{\"message\": \"Viewed a patient image:\", \"patient_id\": 3, \"patient_name\": \"James Sarmiento 005\"}',1),(1524,'VIEW','2025-06-30 11:11:58.108551','{\"message\": \"1Viewed patient details\", \"patient_id\": 3, \"patient_name\": \"James Sarmiento 005\"}',1),(1525,'VIEW','2025-06-30 11:11:58.133848','{\"message\": \"1Viewed patient details\", \"patient_id\": 3, \"patient_name\": \"James Sarmiento 005\"}',1),(1526,'VIEW','2025-06-30 11:11:58.148261','{\"message\": \"Viewed a patient image:\", \"patient_id\": 3, \"patient_name\": \"James Sarmiento 005\"}',1),(1527,'VIEW','2025-06-30 11:11:58.169262','{\"message\": \"Viewed a patient image:\", \"patient_id\": 3, \"patient_name\": \"James Sarmiento 005\"}',1),(1528,'UPDATE','2025-06-30 11:12:39.132798','{\"message\": \"Updated patient details\", \"patient_id\": 3, \"patient_name\": \"James Sarmiento 005\", \"updated_fields\": [\"has_philhealth\", \"has_hmo\", \"hmo\", \"name\", \"status\", \"admission_date\", \"current_condition\", \"date_of_birth\", \"address\", \"occupation\", \"civil_status\", \"nationality\", \"religion\", \"attending_physician\", \"visit_type\", \"consultation_datetime\", \"referred_by\", \"next_consultation_date\", \"discharge_date\", \"phone\", \"emergency_contact_name\", \"emergency_contact_phone\", \"is_active\", \"notes\", \"age\", \"gender\", \"diagnosed_by\", \"height\", \"weight\", \"blood_pressure\", \"pulse_rate\", \"respiratory_rate\", \"temperature\", \"physical_examination\", \"main_complaint\", \"present_illness\", \"clinical_findings\", \"icd_code\", \"diagnosis\", \"treatment\"]}',1),(1529,'VIEW','2025-06-30 11:12:44.206131','{\"message\": \"Updated patient details RENZ\", \"patient_id\": 3, \"patient_name\": \"James Sarmiento 005\", \"updated_fields\": []}',1),(1530,'VIEW','2025-06-30 11:12:44.285043','{\"message\": \"Updated patient details RENZ\", \"patient_id\": 3, \"patient_name\": \"James Sarmiento 005\", \"updated_fields\": []}',1),(1531,'VIEW','2025-06-30 11:12:45.732191','{\"message\": \"Viewed clinical notes by case number:\", \"case_number\": \"CN-20250629-005\", \"notes_count\": 0}',1),(1532,'VIEW','2025-06-30 11:12:45.763631','{\"message\": \"Viewed clinical notes by case number:\", \"case_number\": \"CN-20250629-005\", \"notes_count\": 0}',1),(1533,'VIEW','2025-06-30 11:12:45.779864','{\"message\": \"Viewed a patient history:\", \"patient_id\": 3, \"patient_name\": \"James Sarmiento 005\"}',1),(1534,'VIEW','2025-06-30 11:12:45.808439','{\"message\": \"Viewed a patient history:\", \"patient_id\": 3, \"patient_name\": \"James Sarmiento 005\"}',1),(1535,'VIEW','2025-06-30 11:12:45.843928','{\"message\": \"Viewed a patient image:\", \"patient_id\": 3, \"patient_name\": \"James Sarmiento 005\"}',1),(1536,'VIEW','2025-06-30 11:12:45.875869','{\"message\": \"Viewed a patient image:\", \"patient_id\": 3, \"patient_name\": \"James Sarmiento 005\"}',1),(1537,'VIEW','2025-06-30 11:12:45.902361','{\"message\": \"Viewed a patient image:\", \"patient_id\": 3, \"patient_name\": \"James Sarmiento 005\"}',1),(1538,'VIEW','2025-06-30 11:12:49.594922','{\"message\": \"Updated patient details RENZ\", \"patient_id\": 3, \"patient_name\": \"James Sarmiento 005\", \"updated_fields\": []}',1),(1539,'VIEW','2025-06-30 11:12:49.690066','{\"message\": \"Updated patient details RENZ\", \"patient_id\": 3, \"patient_name\": \"James Sarmiento 005\", \"updated_fields\": []}',1),(1540,'VIEW','2025-06-30 11:12:57.675742','{\"query\": \"f\", \"message\": \"Searched a patient:\"}',1),(1541,'VIEW','2025-06-30 11:12:59.616709','{\"message\": \"Updated patient details RENZ\", \"patient_id\": 1, \"patient_name\": \"Filmor Sarmiento\", \"updated_fields\": []}',1),(1542,'VIEW','2025-06-30 11:12:59.661098','{\"message\": \"Updated patient details RENZ\", \"patient_id\": 1, \"patient_name\": \"Filmor Sarmiento\", \"updated_fields\": []}',1),(1543,'VIEW','2025-06-30 11:13:00.925542','{\"message\": \"Viewed clinical notes by case number:\", \"case_number\": \"CN-20250629-001\", \"notes_count\": 0}',1),(1544,'VIEW','2025-06-30 11:13:00.959436','{\"message\": \"Viewed clinical notes by case number:\", \"case_number\": \"CN-20250629-001\", \"notes_count\": 0}',1),(1545,'VIEW','2025-06-30 11:13:00.965114','{\"message\": \"Viewed a patient history:\", \"patient_id\": 1, \"patient_name\": \"Filmor Sarmiento\"}',1),(1546,'VIEW','2025-06-30 11:13:00.997716','{\"message\": \"Viewed a patient history:\", \"patient_id\": 1, \"patient_name\": \"Filmor Sarmiento\"}',1),(1547,'VIEW','2025-06-30 11:13:01.035383','{\"message\": \"Viewed a patient image:\", \"patient_id\": 1, \"patient_name\": \"Filmor Sarmiento\"}',1),(1548,'VIEW','2025-06-30 11:13:01.054482','{\"message\": \"Viewed a patient image:\", \"patient_id\": 1, \"patient_name\": \"Filmor Sarmiento\"}',1),(1549,'VIEW','2025-06-30 11:13:01.082015','{\"message\": \"Viewed a patient image:\", \"patient_id\": 1, \"patient_name\": \"Filmor Sarmiento\"}',1),(1550,'VIEW','2025-06-30 11:13:02.626137','{\"message\": \"Updated patient details RENZ\", \"patient_id\": 1, \"patient_name\": \"Filmor Sarmiento\", \"updated_fields\": []}',1),(1551,'VIEW','2025-06-30 11:13:02.684660','{\"message\": \"Updated patient details RENZ\", \"patient_id\": 1, \"patient_name\": \"Filmor Sarmiento\", \"updated_fields\": []}',1),(1552,'VIEW','2025-06-30 11:13:05.726135','{\"query\": \"fi\", \"message\": \"Searched a patient:\"}',1),(1553,'VIEW','2025-06-30 11:13:06.915040','{\"message\": \"Updated patient details RENZ\", \"patient_id\": 2, \"patient_name\": \"Filmor Sarmientos\", \"updated_fields\": []}',1),(1554,'VIEW','2025-06-30 11:13:06.965759','{\"message\": \"Updated patient details RENZ\", \"patient_id\": 2, \"patient_name\": \"Filmor Sarmientos\", \"updated_fields\": []}',1),(1555,'VIEW','2025-06-30 11:13:14.240117','{\"message\": \"Viewed clinical notes by case number:\", \"case_number\": \"CN-20250629-002\", \"notes_count\": 0}',1),(1556,'VIEW','2025-06-30 11:13:14.275841','{\"message\": \"Viewed clinical notes by case number:\", \"case_number\": \"CN-20250629-002\", \"notes_count\": 0}',1),(1557,'VIEW','2025-06-30 11:13:14.291939','{\"message\": \"Viewed a patient history:\", \"patient_id\": 2, \"patient_name\": \"Filmor Sarmientos\"}',1),(1558,'VIEW','2025-06-30 11:13:14.327401','{\"message\": \"Viewed a patient history:\", \"patient_id\": 2, \"patient_name\": \"Filmor Sarmientos\"}',1),(1559,'VIEW','2025-06-30 11:13:14.363605','{\"message\": \"Viewed a patient image:\", \"patient_id\": 2, \"patient_name\": \"Filmor Sarmientos\"}',1),(1560,'VIEW','2025-06-30 11:13:14.392499','{\"message\": \"Viewed a patient image:\", \"patient_id\": 2, \"patient_name\": \"Filmor Sarmientos\"}',1),(1561,'VIEW','2025-06-30 11:13:14.421703','{\"message\": \"Viewed a patient image:\", \"patient_id\": 2, \"patient_name\": \"Filmor Sarmientos\"}',1),(1562,'VIEW','2025-06-30 11:13:29.201005','{\"message\": \"Updated patient details RENZ\", \"patient_id\": 2, \"patient_name\": \"Filmor Sarmientos\", \"updated_fields\": []}',1),(1563,'VIEW','2025-06-30 11:13:29.263314','{\"message\": \"Updated patient details RENZ\", \"patient_id\": 2, \"patient_name\": \"Filmor Sarmientos\", \"updated_fields\": []}',1),(1564,'VIEW','2025-06-30 11:14:00.464082','{\"message\": \"Viewed clinical notes by case number:\", \"case_number\": \"CN-20250629-002\", \"notes_count\": 0}',1),(1565,'VIEW','2025-06-30 11:14:00.495942','{\"message\": \"Viewed clinical notes by case number:\", \"case_number\": \"CN-20250629-002\", \"notes_count\": 0}',1),(1566,'VIEW','2025-06-30 11:14:00.502419','{\"message\": \"Viewed a patient history:\", \"patient_id\": 2, \"patient_name\": \"Filmor Sarmientos\"}',1),(1567,'VIEW','2025-06-30 11:14:00.534233','{\"message\": \"Viewed a patient history:\", \"patient_id\": 2, \"patient_name\": \"Filmor Sarmientos\"}',1),(1568,'VIEW','2025-06-30 11:14:00.605450','{\"message\": \"Viewed a patient image:\", \"patient_id\": 2, \"patient_name\": \"Filmor Sarmientos\"}',1),(1569,'VIEW','2025-06-30 11:14:00.636386','{\"message\": \"Viewed a patient image:\", \"patient_id\": 2, \"patient_name\": \"Filmor Sarmientos\"}',1),(1570,'VIEW','2025-06-30 11:14:00.657193','{\"message\": \"Viewed a patient image:\", \"patient_id\": 2, \"patient_name\": \"Filmor Sarmientos\"}',1),(1571,'VIEW','2025-07-01 00:27:07.000302','{\"query\": \"a\", \"message\": \"Searched a user:\"}',1),(1572,'VIEW','2025-07-01 00:27:08.483239','{\"query\": \"Clarence Cortina\", \"message\": \"Searched a user:\"}',1),(1573,'VIEW','2025-07-01 00:41:45.948647','{\"message\": \"Updated patient details RENZ\", \"patient_id\": 12, \"patient_name\": \"Ana Teresa D. Lopez\", \"updated_fields\": []}',1),(1574,'VIEW','2025-07-01 00:41:46.031527','{\"message\": \"Updated patient details RENZ\", \"patient_id\": 12, \"patient_name\": \"Ana Teresa D. Lopez\", \"updated_fields\": []}',1),(1575,'VIEW','2025-07-01 00:41:52.265985','{\"message\": \"Viewed clinical notes by case number:\", \"case_number\": \"CN-20250701-002\", \"notes_count\": 0}',1),(1576,'VIEW','2025-07-01 00:41:52.307937','{\"message\": \"Viewed clinical notes by case number:\", \"case_number\": \"CN-20250701-002\", \"notes_count\": 0}',1),(1577,'VIEW','2025-07-01 00:41:52.321642','{\"message\": \"Viewed a patient history:\", \"patient_id\": 12, \"patient_name\": \"Ana Teresa D. Lopez\"}',1),(1578,'VIEW','2025-07-01 00:41:52.363595','{\"message\": \"Viewed a patient history:\", \"patient_id\": 12, \"patient_name\": \"Ana Teresa D. Lopez\"}',1),(1579,'VIEW','2025-07-01 00:41:52.490784','{\"message\": \"Viewed a patient image:\", \"patient_id\": 12, \"patient_name\": \"Ana Teresa D. Lopez\"}',1),(1580,'VIEW','2025-07-01 00:41:52.522831','{\"message\": \"Viewed a patient image:\", \"patient_id\": 12, \"patient_name\": \"Ana Teresa D. Lopez\"}',1),(1581,'VIEW','2025-07-01 00:41:52.543478','{\"message\": \"Viewed a patient image:\", \"patient_id\": 12, \"patient_name\": \"Ana Teresa D. Lopez\"}',1),(1582,'VIEW','2025-07-01 00:41:55.281599','{\"message\": \"1Viewed patient details\", \"patient_id\": 12, \"patient_name\": \"Ana Teresa D. Lopez\"}',1),(1583,'VIEW','2025-07-01 00:41:55.315348','{\"message\": \"1Viewed patient details\", \"patient_id\": 12, \"patient_name\": \"Ana Teresa D. Lopez\"}',1),(1584,'VIEW','2025-07-01 00:41:55.332988','{\"message\": \"Viewed a patient image:\", \"patient_id\": 12, \"patient_name\": \"Ana Teresa D. Lopez\"}',1),(1585,'VIEW','2025-07-01 00:41:55.360362','{\"message\": \"Viewed a patient image:\", \"patient_id\": 12, \"patient_name\": \"Ana Teresa D. Lopez\"}',1),(1586,'VIEW','2025-07-01 00:44:05.482515','{\"query\": \"a\", \"message\": \"Searched a user:\"}',1),(1587,'VIEW','2025-07-01 00:44:07.084514','{\"query\": \"Clarence Cortina\", \"message\": \"Searched a user:\"}',1),(1588,'UPDATE','2025-07-01 00:44:10.352408','{\"message\": \"Updated patient details\", \"patient_id\": 12, \"patient_name\": \"Ana Teresa D. Lopez\", \"updated_fields\": [\"has_philhealth\", \"has_hmo\", \"hmo\", \"name\", \"status\", \"type_of_admission\", \"admission_date\", \"current_condition\", \"date_of_birth\", \"birth_place\", \"gender\", \"age\", \"address\", \"occupation\", \"civil_status\", \"nationality\", \"religion\", \"ward_service\", \"bed_number\", \"attending_physician\", \"visit_type\", \"consultation_datetime\", \"referred_by\", \"next_consultation_date\", \"discharge_date\", \"total_days\", \"phone\", \"emergency_contact_name\", \"emergency_contact_phone\", \"height\", \"weight\", \"blood_pressure\", \"pulse_rate\", \"respiratory_rate\", \"temperature\", \"physical_examination\", \"main_complaint\", \"present_illness\", \"clinical_findings\", \"icd_code\", \"diagnosis\", \"treatment\", \"principal_diagnosis\", \"other_diagnosis\", \"principal_operation\", \"other_operation\", \"disposition\", \"result\", \"membership\", \"father_name\", \"father_address\", \"father_contact\", \"mother_name\", \"mother_address\", \"mother_contact\", \"spouse_name\", \"spouse_address\", \"spouse_contact\"]}',1),(1589,'VIEW','2025-07-01 00:44:15.389129','{\"message\": \"Updated patient details RENZ\", \"patient_id\": 12, \"patient_name\": \"Ana Teresa D. Lopez\", \"updated_fields\": []}',1),(1590,'VIEW','2025-07-01 00:44:15.460497','{\"message\": \"Updated patient details RENZ\", \"patient_id\": 12, \"patient_name\": \"Ana Teresa D. Lopez\", \"updated_fields\": []}',1),(1591,'VIEW','2025-07-01 00:44:18.033293','{\"message\": \"Viewed clinical notes by case number:\", \"case_number\": \"CN-20250701-002\", \"notes_count\": 0}',1),(1592,'VIEW','2025-07-01 00:44:18.074861','{\"message\": \"Viewed clinical notes by case number:\", \"case_number\": \"CN-20250701-002\", \"notes_count\": 0}',1),(1593,'VIEW','2025-07-01 00:44:18.083002','{\"message\": \"Viewed a patient history:\", \"patient_id\": 12, \"patient_name\": \"Ana Teresa D. Lopez\"}',1),(1594,'VIEW','2025-07-01 00:44:18.123989','{\"message\": \"Viewed a patient history:\", \"patient_id\": 12, \"patient_name\": \"Ana Teresa D. Lopez\"}',1),(1595,'VIEW','2025-07-01 00:44:18.163284','{\"message\": \"Viewed a patient image:\", \"patient_id\": 12, \"patient_name\": \"Ana Teresa D. Lopez\"}',1),(1596,'VIEW','2025-07-01 00:44:18.198171','{\"message\": \"Viewed a patient image:\", \"patient_id\": 12, \"patient_name\": \"Ana Teresa D. Lopez\"}',1),(1597,'VIEW','2025-07-01 00:44:18.221338','{\"message\": \"Viewed a patient image:\", \"patient_id\": 12, \"patient_name\": \"Ana Teresa D. Lopez\"}',1),(1598,'VIEW','2025-07-01 00:46:36.835317','{\"message\": \"Updated patient details RENZ\", \"patient_id\": 12, \"patient_name\": \"Ana Teresa D. Lopez\", \"updated_fields\": []}',1),(1599,'VIEW','2025-07-01 00:46:36.894589','{\"message\": \"Updated patient details RENZ\", \"patient_id\": 12, \"patient_name\": \"Ana Teresa D. Lopez\", \"updated_fields\": []}',1),(1600,'VIEW','2025-07-01 00:46:45.253839','{\"message\": \"Updated patient details RENZ\", \"patient_id\": 13, \"patient_name\": \"John Michael R. Santos\", \"updated_fields\": []}',1),(1601,'VIEW','2025-07-01 00:46:45.302536','{\"message\": \"Updated patient details RENZ\", \"patient_id\": 13, \"patient_name\": \"John Michael R. Santos\", \"updated_fields\": []}',1),(1602,'VIEW','2025-07-01 00:46:47.321839','{\"message\": \"Viewed clinical notes by case number:\", \"case_number\": \"CN-20250701-003\", \"notes_count\": 0}',1),(1603,'VIEW','2025-07-01 00:46:47.351057','{\"message\": \"Viewed clinical notes by case number:\", \"case_number\": \"CN-20250701-003\", \"notes_count\": 0}',1),(1604,'VIEW','2025-07-01 00:46:47.369680','{\"message\": \"Viewed a patient history:\", \"patient_id\": 13, \"patient_name\": \"John Michael R. Santos\"}',1),(1605,'VIEW','2025-07-01 00:46:47.401027','{\"message\": \"Viewed a patient history:\", \"patient_id\": 13, \"patient_name\": \"John Michael R. Santos\"}',1),(1606,'VIEW','2025-07-01 00:46:47.446964','{\"message\": \"Viewed a patient image:\", \"patient_id\": 13, \"patient_name\": \"John Michael R. Santos\"}',1),(1607,'VIEW','2025-07-01 00:46:47.466862','{\"message\": \"Viewed a patient image:\", \"patient_id\": 13, \"patient_name\": \"John Michael R. Santos\"}',1),(1608,'VIEW','2025-07-01 00:46:47.508497','{\"message\": \"Viewed a patient image:\", \"patient_id\": 13, \"patient_name\": \"John Michael R. Santos\"}',1),(1609,'VIEW','2025-07-01 00:46:48.923748','{\"message\": \"1Viewed patient details\", \"patient_id\": 13, \"patient_name\": \"John Michael R. Santos\"}',1),(1610,'VIEW','2025-07-01 00:46:48.953828','{\"message\": \"1Viewed patient details\", \"patient_id\": 13, \"patient_name\": \"John Michael R. Santos\"}',1),(1611,'VIEW','2025-07-01 00:46:48.958474','{\"message\": \"Viewed a patient image:\", \"patient_id\": 13, \"patient_name\": \"John Michael R. Santos\"}',1),(1612,'VIEW','2025-07-01 00:46:48.985999','{\"message\": \"Viewed a patient image:\", \"patient_id\": 13, \"patient_name\": \"John Michael R. Santos\"}',1),(1613,'VIEW','2025-07-01 00:47:04.170073','{\"query\": \"1\", \"message\": \"Searched a user:\"}',1),(1614,'VIEW','2025-07-01 00:47:05.672944','{\"query\": \"Clarence Cortina\", \"message\": \"Searched a user:\"}',1),(1615,'VIEW','2025-07-01 00:47:11.950106','{\"query\": \"la\", \"message\": \"Searched a user:\"}',1),(1616,'VIEW','2025-07-01 00:47:13.697943','{\"query\": \"l\", \"message\": \"Searched a user:\"}',1),(1617,'VIEW','2025-07-01 00:47:15.521041','{\"query\": \"1\", \"message\": \"Searched a user:\"}',1),(1618,'VIEW','2025-07-01 00:47:17.019972','{\"query\": \"2\", \"message\": \"Searched a user:\"}',1),(1619,'VIEW','2025-07-01 00:47:19.213314','{\"query\": \"3\", \"message\": \"Searched a user:\"}',1),(1620,'VIEW','2025-07-01 00:47:20.972188','{\"query\": \"0\", \"message\": \"Searched a user:\"}',1),(1621,'VIEW','2025-07-01 00:47:23.316099','{\"query\": \"Lance Doc Gonzales\", \"message\": \"Searched a user:\"}',1),(1622,'VIEW','2025-07-01 00:47:53.047780','{\"message\": \"Updated patient details RENZ\", \"patient_id\": 13, \"patient_name\": \"John Michael R. Santos\", \"updated_fields\": []}',1),(1623,'VIEW','2025-07-01 00:47:53.129388','{\"message\": \"Updated patient details RENZ\", \"patient_id\": 13, \"patient_name\": \"John Michael R. Santos\", \"updated_fields\": []}',1),(1624,'VIEW','2025-07-01 00:47:54.383556','{\"message\": \"Viewed clinical notes by case number:\", \"case_number\": \"CN-20250701-003\", \"notes_count\": 0}',1),(1625,'VIEW','2025-07-01 00:47:54.415695','{\"message\": \"Viewed clinical notes by case number:\", \"case_number\": \"CN-20250701-003\", \"notes_count\": 0}',1),(1626,'VIEW','2025-07-01 00:47:54.425471','{\"message\": \"Viewed a patient history:\", \"patient_id\": 13, \"patient_name\": \"John Michael R. Santos\"}',1),(1627,'VIEW','2025-07-01 00:47:54.462891','{\"message\": \"Viewed a patient history:\", \"patient_id\": 13, \"patient_name\": \"John Michael R. Santos\"}',1),(1628,'VIEW','2025-07-01 00:47:54.499139','{\"message\": \"Viewed a patient image:\", \"patient_id\": 13, \"patient_name\": \"John Michael R. Santos\"}',1),(1629,'VIEW','2025-07-01 00:47:54.525782','{\"message\": \"Viewed a patient image:\", \"patient_id\": 13, \"patient_name\": \"John Michael R. Santos\"}',1),(1630,'VIEW','2025-07-01 00:47:54.550078','{\"message\": \"Viewed a patient image:\", \"patient_id\": 13, \"patient_name\": \"John Michael R. Santos\"}',1),(1631,'VIEW','2025-07-01 00:48:03.445127','{\"message\": \"1Viewed patient details\", \"patient_id\": 13, \"patient_name\": \"John Michael R. Santos\"}',1),(1632,'VIEW','2025-07-01 00:48:03.477182','{\"message\": \"1Viewed patient details\", \"patient_id\": 13, \"patient_name\": \"John Michael R. Santos\"}',1),(1633,'VIEW','2025-07-01 00:48:03.485152','{\"message\": \"Viewed a patient image:\", \"patient_id\": 13, \"patient_name\": \"John Michael R. Santos\"}',1),(1634,'VIEW','2025-07-01 00:48:03.514545','{\"message\": \"Viewed a patient image:\", \"patient_id\": 13, \"patient_name\": \"John Michael R. Santos\"}',1),(1635,'VIEW','2025-07-01 00:48:11.561067','{\"query\": \"000\", \"message\": \"Searched a user:\"}',1),(1636,'VIEW','2025-07-01 00:48:12.996697','{\"query\": \"Lance Doc Gonzales\", \"message\": \"Searched a user:\"}',1),(1637,'UPDATE','2025-07-01 00:48:23.600256','{\"message\": \"Updated patient details\", \"patient_id\": 13, \"patient_name\": \"John Michael R. Santos\", \"updated_fields\": [\"has_philhealth\", \"has_hmo\", \"hmo\", \"name\", \"status\", \"type_of_admission\", \"admission_date\", \"current_condition\", \"date_of_birth\", \"birth_place\", \"gender\", \"age\", \"address\", \"occupation\", \"civil_status\", \"nationality\", \"religion\", \"ward_service\", \"bed_number\", \"attending_physician\", \"visit_type\", \"consultation_datetime\", \"referred_by\", \"next_consultation_date\", \"discharge_date\", \"total_days\", \"phone\", \"emergency_contact_name\", \"emergency_contact_phone\", \"height\", \"weight\", \"blood_pressure\", \"pulse_rate\", \"respiratory_rate\", \"temperature\", \"physical_examination\", \"main_complaint\", \"present_illness\", \"clinical_findings\", \"icd_code\", \"diagnosis\", \"treatment\", \"principal_diagnosis\", \"other_diagnosis\", \"principal_operation\", \"other_operation\", \"disposition\", \"result\", \"membership\", \"father_name\", \"father_address\", \"father_contact\", \"mother_name\", \"mother_address\", \"mother_contact\", \"spouse_name\", \"spouse_address\", \"spouse_contact\"]}',1),(1638,'VIEW','2025-07-01 00:48:33.419403','{\"message\": \"Updated patient details RENZ\", \"patient_id\": 13, \"patient_name\": \"John Michael R. Santos\", \"updated_fields\": []}',1),(1639,'VIEW','2025-07-01 00:48:33.464129','{\"message\": \"Updated patient details RENZ\", \"patient_id\": 13, \"patient_name\": \"John Michael R. Santos\", \"updated_fields\": []}',1),(1640,'VIEW','2025-07-01 00:48:35.537282','{\"message\": \"Viewed clinical notes by case number:\", \"case_number\": \"CN-20250701-003\", \"notes_count\": 0}',1),(1641,'VIEW','2025-07-01 00:48:35.570930','{\"message\": \"Viewed clinical notes by case number:\", \"case_number\": \"CN-20250701-003\", \"notes_count\": 0}',1),(1642,'VIEW','2025-07-01 00:48:35.586458','{\"message\": \"Viewed a patient history:\", \"patient_id\": 13, \"patient_name\": \"John Michael R. Santos\"}',1),(1643,'VIEW','2025-07-01 00:48:35.625520','{\"message\": \"Viewed a patient history:\", \"patient_id\": 13, \"patient_name\": \"John Michael R. Santos\"}',1),(1644,'VIEW','2025-07-01 00:48:35.670509','{\"message\": \"Viewed a patient image:\", \"patient_id\": 13, \"patient_name\": \"John Michael R. Santos\"}',1),(1645,'VIEW','2025-07-01 00:48:35.694845','{\"message\": \"Viewed a patient image:\", \"patient_id\": 13, \"patient_name\": \"John Michael R. Santos\"}',1),(1646,'VIEW','2025-07-01 00:48:35.719223','{\"message\": \"Viewed a patient image:\", \"patient_id\": 13, \"patient_name\": \"John Michael R. Santos\"}',1),(1647,'VIEW','2025-07-01 00:48:37.033771','{\"message\": \"1Viewed patient details\", \"patient_id\": 13, \"patient_name\": \"John Michael R. Santos\"}',1),(1648,'VIEW','2025-07-01 00:48:37.066334','{\"message\": \"1Viewed patient details\", \"patient_id\": 13, \"patient_name\": \"John Michael R. Santos\"}',1),(1649,'VIEW','2025-07-01 00:48:37.075341','{\"message\": \"Viewed a patient image:\", \"patient_id\": 13, \"patient_name\": \"John Michael R. Santos\"}',1),(1650,'VIEW','2025-07-01 00:48:37.103336','{\"message\": \"Viewed a patient image:\", \"patient_id\": 13, \"patient_name\": \"John Michael R. Santos\"}',1),(1651,'UPDATE','2025-07-01 00:49:02.697116','{\"message\": \"Updated patient details\", \"patient_id\": 13, \"patient_name\": \"John Michael T. Santos\", \"updated_fields\": [\"has_philhealth\", \"has_hmo\", \"hmo\", \"name\", \"status\", \"type_of_admission\", \"admission_date\", \"current_condition\", \"date_of_birth\", \"birth_place\", \"gender\", \"age\", \"address\", \"occupation\", \"civil_status\", \"nationality\", \"religion\", \"ward_service\", \"bed_number\", \"attending_physician\", \"visit_type\", \"consultation_datetime\", \"referred_by\", \"next_consultation_date\", \"discharge_date\", \"total_days\", \"phone\", \"emergency_contact_name\", \"emergency_contact_phone\", \"height\", \"weight\", \"blood_pressure\", \"pulse_rate\", \"respiratory_rate\", \"temperature\", \"physical_examination\", \"main_complaint\", \"present_illness\", \"clinical_findings\", \"icd_code\", \"diagnosis\", \"treatment\", \"principal_diagnosis\", \"other_diagnosis\", \"principal_operation\", \"other_operation\", \"disposition\", \"result\", \"membership\", \"father_name\", \"father_address\", \"father_contact\", \"mother_name\", \"mother_address\", \"mother_contact\", \"spouse_name\", \"spouse_address\", \"spouse_contact\"]}',1),(1652,'VIEW','2025-07-01 00:54:05.713586','{\"message\": \"Updated patient details RENZ\", \"patient_id\": 14, \"patient_name\": \"Luis Fernando G. Cruz\", \"updated_fields\": []}',1),(1653,'VIEW','2025-07-01 00:54:05.758676','{\"message\": \"Updated patient details RENZ\", \"patient_id\": 14, \"patient_name\": \"Luis Fernando G. Cruz\", \"updated_fields\": []}',1),(1654,'VIEW','2025-07-01 00:54:07.039342','{\"message\": \"Viewed clinical notes by case number:\", \"case_number\": \"CN-20250701-004\", \"notes_count\": 0}',1),(1655,'VIEW','2025-07-01 00:54:07.065303','{\"message\": \"Viewed clinical notes by case number:\", \"case_number\": \"CN-20250701-004\", \"notes_count\": 0}',1),(1656,'VIEW','2025-07-01 00:54:07.082215','{\"message\": \"Viewed a patient history:\", \"patient_id\": 14, \"patient_name\": \"Luis Fernando G. Cruz\"}',1),(1657,'VIEW','2025-07-01 00:54:07.116863','{\"message\": \"Viewed a patient history:\", \"patient_id\": 14, \"patient_name\": \"Luis Fernando G. Cruz\"}',1),(1658,'VIEW','2025-07-01 00:54:07.165701','{\"message\": \"Viewed a patient image:\", \"patient_id\": 14, \"patient_name\": \"Luis Fernando G. Cruz\"}',1),(1659,'VIEW','2025-07-01 00:54:07.190213','{\"message\": \"Viewed a patient image:\", \"patient_id\": 14, \"patient_name\": \"Luis Fernando G. Cruz\"}',1),(1660,'VIEW','2025-07-01 00:54:07.214983','{\"message\": \"Viewed a patient image:\", \"patient_id\": 14, \"patient_name\": \"Luis Fernando G. Cruz\"}',1),(1661,'VIEW','2025-07-01 00:54:07.940504','{\"message\": \"1Viewed patient details\", \"patient_id\": 14, \"patient_name\": \"Luis Fernando G. Cruz\"}',1),(1662,'VIEW','2025-07-01 00:54:07.969298','{\"message\": \"1Viewed patient details\", \"patient_id\": 14, \"patient_name\": \"Luis Fernando G. Cruz\"}',1),(1663,'VIEW','2025-07-01 00:54:07.985898','{\"message\": \"Viewed a patient image:\", \"patient_id\": 14, \"patient_name\": \"Luis Fernando G. Cruz\"}',1),(1664,'VIEW','2025-07-01 00:54:08.010346','{\"message\": \"Viewed a patient image:\", \"patient_id\": 14, \"patient_name\": \"Luis Fernando G. Cruz\"}',1),(1665,'VIEW','2025-07-01 00:55:15.377187','{\"query\": \"000\", \"message\": \"Searched a user:\"}',1),(1666,'VIEW','2025-07-01 00:55:16.831575','{\"query\": \"Lance Doc Gonzales\", \"message\": \"Searched a user:\"}',1),(1667,'UPDATE','2025-07-01 00:55:22.738880','{\"message\": \"Updated patient details\", \"patient_id\": 14, \"patient_name\": \"Luis Fernando G. Cruz\", \"updated_fields\": [\"has_philhealth\", \"has_hmo\", \"hmo\", \"name\", \"status\", \"type_of_admission\", \"admission_date\", \"current_condition\", \"date_of_birth\", \"birth_place\", \"gender\", \"age\", \"address\", \"occupation\", \"civil_status\", \"nationality\", \"religion\", \"ward_service\", \"bed_number\", \"attending_physician\", \"visit_type\", \"consultation_datetime\", \"referred_by\", \"next_consultation_date\", \"discharge_date\", \"total_days\", \"phone\", \"emergency_contact_name\", \"emergency_contact_phone\", \"height\", \"weight\", \"blood_pressure\", \"pulse_rate\", \"respiratory_rate\", \"temperature\", \"physical_examination\", \"main_complaint\", \"present_illness\", \"clinical_findings\", \"icd_code\", \"diagnosis\", \"treatment\", \"principal_diagnosis\", \"other_diagnosis\", \"principal_operation\", \"other_operation\", \"disposition\", \"result\", \"membership\", \"father_name\", \"father_address\", \"father_contact\", \"mother_name\", \"mother_address\", \"mother_contact\", \"spouse_name\", \"spouse_address\", \"spouse_contact\"]}',1);
/*!40000 ALTER TABLE `api_userlog` ENABLE KEYS */;
UNLOCK TABLES;

--
-- Table structure for table `api_usersecurityquestion`
--

DROP TABLE IF EXISTS `api_usersecurityquestion`;
/*!40101 SET @saved_cs_client     = @@character_set_client */;
/*!50503 SET character_set_client = utf8mb4 */;
CREATE TABLE `api_usersecurityquestion` (
  `id` bigint NOT NULL AUTO_INCREMENT,
  `question` longtext COLLATE utf8mb4_unicode_ci NOT NULL,
  `answer` longtext COLLATE utf8mb4_unicode_ci NOT NULL,
  `user_id` bigint NOT NULL,
  PRIMARY KEY (`id`),
  KEY `api_usersecurityquestion_user_id_62bdbd0b_fk_api_user_id` (`user_id`),
  CONSTRAINT `api_usersecurityquestion_user_id_62bdbd0b_fk_api_user_id` FOREIGN KEY (`user_id`) REFERENCES `api_user` (`id`)
) ENGINE=InnoDB AUTO_INCREMENT=7 DEFAULT CHARSET=utf8mb4 COLLATE=utf8mb4_unicode_ci;
/*!40101 SET character_set_client = @saved_cs_client */;

--
-- Dumping data for table `api_usersecurityquestion`
--

LOCK TABLES `api_usersecurityquestion` WRITE;
/*!40000 ALTER TABLE `api_usersecurityquestion` DISABLE KEYS */;
INSERT INTO `api_usersecurityquestion` VALUES (4,'What was the name of your first boss?','811eb81b9d11d65a36c53c3ebdb738ee303403cb79d781ccf4b40764e0a9d12a',1),(5,'What is your mother\'s maiden name?','811eb81b9d11d65a36c53c3ebdb738ee303403cb79d781ccf4b40764e0a9d12a',1),(6,'What is the name of the street you grew up on?','811eb81b9d11d65a36c53c3ebdb738ee303403cb79d781ccf4b40764e0a9d12a',1);
/*!40000 ALTER TABLE `api_usersecurityquestion` ENABLE KEYS */;
UNLOCK TABLES;

--
-- Table structure for table `auth_group`
--

DROP TABLE IF EXISTS `auth_group`;
/*!40101 SET @saved_cs_client     = @@character_set_client */;
/*!50503 SET character_set_client = utf8mb4 */;
CREATE TABLE `auth_group` (
  `id` int NOT NULL AUTO_INCREMENT,
  `name` varchar(150) COLLATE utf8mb4_unicode_ci NOT NULL,
  PRIMARY KEY (`id`),
  UNIQUE KEY `name` (`name`)
) ENGINE=InnoDB AUTO_INCREMENT=5 DEFAULT CHARSET=utf8mb4 COLLATE=utf8mb4_unicode_ci;
/*!40101 SET character_set_client = @saved_cs_client */;

--
-- Dumping data for table `auth_group`
--

LOCK TABLES `auth_group` WRITE;
/*!40000 ALTER TABLE `auth_group` DISABLE KEYS */;
INSERT INTO `auth_group` VALUES (1,'Admin'),(2,'Doctor'),(4,'Nurse'),(3,'Teller');
/*!40000 ALTER TABLE `auth_group` ENABLE KEYS */;
UNLOCK TABLES;

--
-- Table structure for table `auth_group_permissions`
--

DROP TABLE IF EXISTS `auth_group_permissions`;
/*!40101 SET @saved_cs_client     = @@character_set_client */;
/*!50503 SET character_set_client = utf8mb4 */;
CREATE TABLE `auth_group_permissions` (
  `id` bigint NOT NULL AUTO_INCREMENT,
  `group_id` int NOT NULL,
  `permission_id` int NOT NULL,
  PRIMARY KEY (`id`),
  UNIQUE KEY `auth_group_permissions_group_id_permission_id_0cd325b0_uniq` (`group_id`,`permission_id`),
  KEY `auth_group_permissio_permission_id_84c5c92e_fk_auth_perm` (`permission_id`),
  CONSTRAINT `auth_group_permissio_permission_id_84c5c92e_fk_auth_perm` FOREIGN KEY (`permission_id`) REFERENCES `auth_permission` (`id`),
  CONSTRAINT `auth_group_permissions_group_id_b120cbf9_fk_auth_group_id` FOREIGN KEY (`group_id`) REFERENCES `auth_group` (`id`)
) ENGINE=InnoDB DEFAULT CHARSET=utf8mb4 COLLATE=utf8mb4_unicode_ci;
/*!40101 SET character_set_client = @saved_cs_client */;

--
-- Dumping data for table `auth_group_permissions`
--

LOCK TABLES `auth_group_permissions` WRITE;
/*!40000 ALTER TABLE `auth_group_permissions` DISABLE KEYS */;
/*!40000 ALTER TABLE `auth_group_permissions` ENABLE KEYS */;
UNLOCK TABLES;

--
-- Table structure for table `auth_permission`
--

DROP TABLE IF EXISTS `auth_permission`;
/*!40101 SET @saved_cs_client     = @@character_set_client */;
/*!50503 SET character_set_client = utf8mb4 */;
CREATE TABLE `auth_permission` (
  `id` int NOT NULL AUTO_INCREMENT,
  `name` varchar(255) COLLATE utf8mb4_unicode_ci NOT NULL,
  `content_type_id` int NOT NULL,
  `codename` varchar(100) COLLATE utf8mb4_unicode_ci NOT NULL,
  PRIMARY KEY (`id`),
  UNIQUE KEY `auth_permission_content_type_id_codename_01ab375a_uniq` (`content_type_id`,`codename`),
  CONSTRAINT `auth_permission_content_type_id_2f476e4b_fk_django_co` FOREIGN KEY (`content_type_id`) REFERENCES `django_content_type` (`id`)
) ENGINE=InnoDB AUTO_INCREMENT=137 DEFAULT CHARSET=utf8mb4 COLLATE=utf8mb4_unicode_ci;
/*!40101 SET character_set_client = @saved_cs_client */;

--
-- Dumping data for table `auth_permission`
--

LOCK TABLES `auth_permission` WRITE;
/*!40000 ALTER TABLE `auth_permission` DISABLE KEYS */;
INSERT INTO `auth_permission` VALUES (1,'Can add log entry',1,'add_logentry'),(2,'Can change log entry',1,'change_logentry'),(3,'Can delete log entry',1,'delete_logentry'),(4,'Can view log entry',1,'view_logentry'),(5,'Can add permission',2,'add_permission'),(6,'Can change permission',2,'change_permission'),(7,'Can delete permission',2,'delete_permission'),(8,'Can view permission',2,'view_permission'),(9,'Can add group',3,'add_group'),(10,'Can change group',3,'change_group'),(11,'Can delete group',3,'delete_group'),(12,'Can view group',3,'view_group'),(13,'Can add content type',4,'add_contenttype'),(14,'Can change content type',4,'change_contenttype'),(15,'Can delete content type',4,'delete_contenttype'),(16,'Can view content type',4,'view_contenttype'),(17,'Can add session',5,'add_session'),(18,'Can change session',5,'change_session'),(19,'Can delete session',5,'delete_session'),(20,'Can view session',5,'view_session'),(21,'Can add user',6,'add_user'),(22,'Can change user',6,'change_user'),(23,'Can delete user',6,'delete_user'),(24,'Can view user',6,'view_user'),(25,'Can add bed',7,'add_bed'),(26,'Can change bed',7,'change_bed'),(27,'Can delete bed',7,'delete_bed'),(28,'Can view bed',7,'view_bed'),(29,'Can add bed assignment',8,'add_bedassignment'),(30,'Can change bed assignment',8,'change_bedassignment'),(31,'Can delete bed assignment',8,'delete_bedassignment'),(32,'Can view bed assignment',8,'view_bedassignment'),(33,'Can add billing',9,'add_billing'),(34,'Can change billing',9,'change_billing'),(35,'Can delete billing',9,'delete_billing'),(36,'Can view billing',9,'view_billing'),(37,'Can add laboratory result',10,'add_laboratoryresult'),(38,'Can change laboratory result',10,'change_laboratoryresult'),(39,'Can delete laboratory result',10,'delete_laboratoryresult'),(40,'Can view laboratory result',10,'view_laboratoryresult'),(41,'Can add lab result file group',11,'add_labresultfilegroup'),(42,'Can change lab result file group',11,'change_labresultfilegroup'),(43,'Can delete lab result file group',11,'delete_labresultfilegroup'),(44,'Can view lab result file group',11,'view_labresultfilegroup'),(45,'Can add patient',12,'add_patient'),(46,'Can change patient',12,'change_patient'),(47,'Can delete patient',12,'delete_patient'),(48,'Can view patient',12,'view_patient'),(49,'Can add room',13,'add_room'),(50,'Can change room',13,'change_room'),(51,'Can delete room',13,'delete_room'),(52,'Can view room',13,'view_room'),(53,'Can add service',14,'add_service'),(54,'Can change service',14,'change_service'),(55,'Can delete service',14,'delete_service'),(56,'Can view service',14,'view_service'),(57,'Can add user security question',15,'add_usersecurityquestion'),(58,'Can change user security question',15,'change_usersecurityquestion'),(59,'Can delete user security question',15,'delete_usersecurityquestion'),(60,'Can view user security question',15,'view_usersecurityquestion'),(61,'Can add user log',16,'add_userlog'),(62,'Can change user log',16,'change_userlog'),(63,'Can delete user log',16,'delete_userlog'),(64,'Can view user log',16,'view_userlog'),(65,'Can add user image',17,'add_userimage'),(66,'Can change user image',17,'change_userimage'),(67,'Can delete user image',17,'delete_userimage'),(68,'Can view user image',17,'view_userimage'),(69,'Can add user action log',18,'add_useractionlog'),(70,'Can change user action log',18,'change_useractionlog'),(71,'Can delete user action log',18,'delete_useractionlog'),(72,'Can view user action log',18,'view_useractionlog'),(73,'Can add payment',19,'add_payment'),(74,'Can change payment',19,'change_payment'),(75,'Can delete payment',19,'delete_payment'),(76,'Can view payment',19,'view_payment'),(77,'Can add patient service',20,'add_patientservice'),(78,'Can change patient service',20,'change_patientservice'),(79,'Can delete patient service',20,'delete_patientservice'),(80,'Can view patient service',20,'view_patientservice'),(81,'Can add patient image',21,'add_patientimage'),(82,'Can change patient image',21,'change_patientimage'),(83,'Can delete patient image',21,'delete_patientimage'),(84,'Can view patient image',21,'view_patientimage'),(85,'Can add medical history',22,'add_medicalhistory'),(86,'Can change medical history',22,'change_medicalhistory'),(87,'Can delete medical history',22,'delete_medicalhistory'),(88,'Can view medical history',22,'view_medicalhistory'),(89,'Can add lab result file in group',23,'add_labresultfileingroup'),(90,'Can change lab result file in group',23,'change_labresultfileingroup'),(91,'Can delete lab result file in group',23,'delete_labresultfileingroup'),(92,'Can view lab result file in group',23,'view_labresultfileingroup'),(93,'Can add lab result file',24,'add_labresultfile'),(94,'Can change lab result file',24,'change_labresultfile'),(95,'Can delete lab result file',24,'delete_labresultfile'),(96,'Can view lab result file',24,'view_labresultfile'),(97,'Can add historical patient',25,'add_historicalpatient'),(98,'Can change historical patient',25,'change_historicalpatient'),(99,'Can delete historical patient',25,'delete_historicalpatient'),(100,'Can view historical patient',25,'view_historicalpatient'),(101,'Can add clinical note',26,'add_clinicalnote'),(102,'Can change clinical note',26,'change_clinicalnote'),(103,'Can delete clinical note',26,'delete_clinicalnote'),(104,'Can view clinical note',26,'view_clinicalnote'),(105,'Can add billing operator log',27,'add_billingoperatorlog'),(106,'Can change billing operator log',27,'change_billingoperatorlog'),(107,'Can delete billing operator log',27,'delete_billingoperatorlog'),(108,'Can view billing operator log',27,'view_billingoperatorlog'),(109,'Can add billing item',28,'add_billingitem'),(110,'Can change billing item',28,'change_billingitem'),(111,'Can delete billing item',28,'delete_billingitem'),(112,'Can view billing item',28,'view_billingitem'),(113,'Can add backup history',29,'add_backuphistory'),(114,'Can change backup history',29,'change_backuphistory'),(115,'Can delete backup history',29,'delete_backuphistory'),(116,'Can view backup history',29,'view_backuphistory'),(117,'Can add Scheduled task',30,'add_schedule'),(118,'Can change Scheduled task',30,'change_schedule'),(119,'Can delete Scheduled task',30,'delete_schedule'),(120,'Can view Scheduled task',30,'view_schedule'),(121,'Can add task',31,'add_task'),(122,'Can change task',31,'change_task'),(123,'Can delete task',31,'delete_task'),(124,'Can view task',31,'view_task'),(125,'Can add Failed task',32,'add_failure'),(126,'Can change Failed task',32,'change_failure'),(127,'Can delete Failed task',32,'delete_failure'),(128,'Can view Failed task',32,'view_failure'),(129,'Can add Successful task',33,'add_success'),(130,'Can change Successful task',33,'change_success'),(131,'Can delete Successful task',33,'delete_success'),(132,'Can view Successful task',33,'view_success'),(133,'Can add Queued task',34,'add_ormq'),(134,'Can change Queued task',34,'change_ormq'),(135,'Can delete Queued task',34,'delete_ormq'),(136,'Can view Queued task',34,'view_ormq');
/*!40000 ALTER TABLE `auth_permission` ENABLE KEYS */;
UNLOCK TABLES;

--
-- Table structure for table `django_admin_log`
--

DROP TABLE IF EXISTS `django_admin_log`;
/*!40101 SET @saved_cs_client     = @@character_set_client */;
/*!50503 SET character_set_client = utf8mb4 */;
CREATE TABLE `django_admin_log` (
  `id` int NOT NULL AUTO_INCREMENT,
  `action_time` datetime(6) NOT NULL,
  `object_id` longtext COLLATE utf8mb4_unicode_ci,
  `object_repr` varchar(200) COLLATE utf8mb4_unicode_ci NOT NULL,
  `action_flag` smallint unsigned NOT NULL,
  `change_message` longtext COLLATE utf8mb4_unicode_ci NOT NULL,
  `content_type_id` int DEFAULT NULL,
  `user_id` bigint NOT NULL,
  PRIMARY KEY (`id`),
  KEY `django_admin_log_content_type_id_c4bce8eb_fk_django_co` (`content_type_id`),
  KEY `django_admin_log_user_id_c564eba6_fk_api_user_id` (`user_id`),
  CONSTRAINT `django_admin_log_content_type_id_c4bce8eb_fk_django_co` FOREIGN KEY (`content_type_id`) REFERENCES `django_content_type` (`id`),
  CONSTRAINT `django_admin_log_user_id_c564eba6_fk_api_user_id` FOREIGN KEY (`user_id`) REFERENCES `api_user` (`id`),
  CONSTRAINT `django_admin_log_chk_1` CHECK ((`action_flag` >= 0))
) ENGINE=InnoDB AUTO_INCREMENT=34 DEFAULT CHARSET=utf8mb4 COLLATE=utf8mb4_unicode_ci;
/*!40101 SET character_set_client = @saved_cs_client */;

--
-- Dumping data for table `django_admin_log`
--

LOCK TABLES `django_admin_log` WRITE;
/*!40000 ALTER TABLE `django_admin_log` DISABLE KEYS */;
INSERT INTO `django_admin_log` VALUES (1,'2025-06-29 04:28:10.368413','1','Image 1 for 2112078',1,'[{\"added\": {}}]',17,1),(2,'2025-06-29 04:28:53.435469','1','111',2,'[{\"changed\": {\"fields\": [\"First name\", \"Last name\", \"Email\", \"Phone\", \"Address\", \"Birthdate\"]}}]',6,1),(3,'2025-06-29 04:29:34.820013','2','Image 2 for 111',1,'[{\"added\": {}}]',17,1),(4,'2025-06-29 05:01:34.245337','3','Image 3 for 000',1,'[{\"added\": {}}]',17,1),(5,'2025-06-29 11:43:12.895650','2','2112078',2,'[{\"changed\": {\"fields\": [\"Last login\", \"Role\", \"Department\"]}}]',6,1),(6,'2025-06-29 11:43:17.913527','2','2112078',2,'[{\"changed\": {\"fields\": [\"Groups\"]}}]',6,1),(7,'2025-06-29 13:03:11.561282','1','CONGENITAL ANOMALL: ID - 1',1,'[{\"added\": {}}]',14,1),(8,'2025-06-29 13:03:23.560212','2','BIOPHYSICAL SCORING: ID - 2',1,'[{\"added\": {}}]',14,1),(9,'2025-06-29 13:04:02.084230','3','ORTHOPEDICS: ID - 3',1,'[{\"added\": {}}]',14,1),(10,'2025-06-29 13:04:17.681562','4','URINARY BLADDER TEST: ID - 4',1,'[{\"added\": {}}]',14,1),(11,'2025-06-29 13:04:28.675683','5','X-ray: ID - 5',1,'[{\"added\": {}}]',14,1),(12,'2025-06-29 13:04:44.289032','6','EYE CONSULTATION: ID - 6',1,'[{\"added\": {}}]',14,1),(13,'2025-06-29 13:14:58.694918','1','WARD - 50/hr',1,'[{\"added\": {}}]',13,1),(14,'2025-06-29 13:15:09.426501','2','DELUXE - 80/hr',1,'[{\"added\": {}}]',13,1),(15,'2025-06-29 13:15:15.384912','3','SEMI-PRIVATE - 100/hr',1,'[{\"added\": {}}]',13,1),(16,'2025-06-29 13:15:21.833068','4','PRIVATE - 150/hr',1,'[{\"added\": {}}]',13,1),(17,'2025-06-29 13:15:32.301649','1',' ID: 1 - WARD - Bed 101',1,'[{\"added\": {}}]',7,1),(18,'2025-06-29 13:15:39.354650','2',' ID: 2 - WARD - Bed 102',1,'[{\"added\": {}}]',7,1),(19,'2025-06-29 13:15:44.780015','3',' ID: 3 - WARD - Bed 103',1,'[{\"added\": {}}]',7,1),(20,'2025-06-29 13:15:50.614257','4',' ID: 4 - WARD - Bed 104',1,'[{\"added\": {}}]',7,1),(21,'2025-06-29 13:15:54.128768','5',' ID: 5 - WARD - Bed 105',1,'[{\"added\": {}}]',7,1),(22,'2025-06-29 13:15:58.510344','6',' ID: 6 - DELUXE - Bed 201',1,'[{\"added\": {}}]',7,1),(23,'2025-06-29 13:16:23.244822','7',' ID: 7 - DELUXE - Bed 202',1,'[{\"added\": {}}]',7,1),(24,'2025-06-29 13:16:26.728415','8',' ID: 8 - DELUXE - Bed 203',1,'[{\"added\": {}}]',7,1),(25,'2025-06-29 13:16:31.618660','9',' ID: 9 - SEMI-PRIVATE - Bed 301',1,'[{\"added\": {}}]',7,1),(26,'2025-06-29 13:16:35.686512','10',' ID: 10 - SEMI-PRIVATE - Bed 302',1,'[{\"added\": {}}]',7,1),(27,'2025-06-29 13:16:39.283245','11',' ID: 11 - PRIVATE - Bed 401',1,'[{\"added\": {}}]',7,1),(28,'2025-06-29 13:16:42.791820','12',' ID: 12 - PRIVATE - Bed 402',1,'[{\"added\": {}}]',7,1),(29,'2025-06-29 13:16:46.850970','13',' ID: 13 - PRIVATE - Bed 403',1,'[{\"added\": {}}]',7,1),(30,'2025-06-29 13:16:50.973440','14',' ID: 14 - PRIVATE - Bed 404',1,'[{\"added\": {}}]',7,1),(31,'2025-06-29 13:17:17.326057','7',' ID: 7 - DELUXE - Bed 202',2,'[{\"changed\": {\"fields\": [\"Is occupied\"]}}]',7,1),(32,'2025-06-29 13:17:21.836671','13',' ID: 13 - PRIVATE - Bed 403',2,'[{\"changed\": {\"fields\": [\"Is occupied\"]}}]',7,1),(33,'2025-06-30 04:02:29.682637','2','2112078',2,'[{\"changed\": {\"fields\": [\"Role\"]}}]',6,1);
/*!40000 ALTER TABLE `django_admin_log` ENABLE KEYS */;
UNLOCK TABLES;

--
-- Table structure for table `django_content_type`
--

DROP TABLE IF EXISTS `django_content_type`;
/*!40101 SET @saved_cs_client     = @@character_set_client */;
/*!50503 SET character_set_client = utf8mb4 */;
CREATE TABLE `django_content_type` (
  `id` int NOT NULL AUTO_INCREMENT,
  `app_label` varchar(100) COLLATE utf8mb4_unicode_ci NOT NULL,
  `model` varchar(100) COLLATE utf8mb4_unicode_ci NOT NULL,
  PRIMARY KEY (`id`),
  UNIQUE KEY `django_content_type_app_label_model_76bd3d3b_uniq` (`app_label`,`model`)
) ENGINE=InnoDB AUTO_INCREMENT=35 DEFAULT CHARSET=utf8mb4 COLLATE=utf8mb4_unicode_ci;
/*!40101 SET character_set_client = @saved_cs_client */;

--
-- Dumping data for table `django_content_type`
--

LOCK TABLES `django_content_type` WRITE;
/*!40000 ALTER TABLE `django_content_type` DISABLE KEYS */;
INSERT INTO `django_content_type` VALUES (1,'admin','logentry'),(29,'api','backuphistory'),(7,'api','bed'),(8,'api','bedassignment'),(9,'api','billing'),(28,'api','billingitem'),(27,'api','billingoperatorlog'),(26,'api','clinicalnote'),(25,'api','historicalpatient'),(10,'api','laboratoryresult'),(24,'api','labresultfile'),(11,'api','labresultfilegroup'),(23,'api','labresultfileingroup'),(22,'api','medicalhistory'),(12,'api','patient'),(21,'api','patientimage'),(20,'api','patientservice'),(19,'api','payment'),(13,'api','room'),(14,'api','service'),(6,'api','user'),(18,'api','useractionlog'),(17,'api','userimage'),(16,'api','userlog'),(15,'api','usersecurityquestion'),(3,'auth','group'),(2,'auth','permission'),(4,'contenttypes','contenttype'),(32,'django_q','failure'),(34,'django_q','ormq'),(30,'django_q','schedule'),(33,'django_q','success'),(31,'django_q','task'),(5,'sessions','session');
/*!40000 ALTER TABLE `django_content_type` ENABLE KEYS */;
UNLOCK TABLES;

--
-- Table structure for table `django_migrations`
--

DROP TABLE IF EXISTS `django_migrations`;
/*!40101 SET @saved_cs_client     = @@character_set_client */;
/*!50503 SET character_set_client = utf8mb4 */;
CREATE TABLE `django_migrations` (
  `id` bigint NOT NULL AUTO_INCREMENT,
  `app` varchar(255) COLLATE utf8mb4_unicode_ci NOT NULL,
  `name` varchar(255) COLLATE utf8mb4_unicode_ci NOT NULL,
  `applied` datetime(6) NOT NULL,
  PRIMARY KEY (`id`)
) ENGINE=InnoDB AUTO_INCREMENT=37 DEFAULT CHARSET=utf8mb4 COLLATE=utf8mb4_unicode_ci;
/*!40101 SET character_set_client = @saved_cs_client */;

--
-- Dumping data for table `django_migrations`
--

LOCK TABLES `django_migrations` WRITE;
/*!40000 ALTER TABLE `django_migrations` DISABLE KEYS */;
INSERT INTO `django_migrations` VALUES (1,'contenttypes','0001_initial','2025-06-29 01:37:04.127182'),(2,'contenttypes','0002_remove_content_type_name','2025-06-29 01:37:04.239588'),(3,'auth','0001_initial','2025-06-29 01:37:04.506612'),(4,'auth','0002_alter_permission_name_max_length','2025-06-29 01:37:04.565429'),(5,'auth','0003_alter_user_email_max_length','2025-06-29 01:37:04.572514'),(6,'auth','0004_alter_user_username_opts','2025-06-29 01:37:04.580511'),(7,'auth','0005_alter_user_last_login_null','2025-06-29 01:37:04.593185'),(8,'auth','0006_require_contenttypes_0002','2025-06-29 01:37:04.599192'),(9,'auth','0007_alter_validators_add_error_messages','2025-06-29 01:37:04.609528'),(10,'auth','0008_alter_user_username_max_length','2025-06-29 01:37:04.622679'),(11,'auth','0009_alter_user_last_name_max_length','2025-06-29 01:37:04.635685'),(12,'auth','0010_alter_group_name_max_length','2025-06-29 01:37:04.662498'),(13,'auth','0011_update_proxy_permissions','2025-06-29 01:37:04.675364'),(14,'auth','0012_alter_user_first_name_max_length','2025-06-29 01:37:04.685990'),(15,'api','0001_initial','2025-06-29 01:37:07.802251'),(16,'admin','0001_initial','2025-06-29 01:37:07.969126'),(17,'admin','0002_logentry_remove_auto_add','2025-06-29 01:37:08.001883'),(18,'admin','0003_logentry_add_action_flag_choices','2025-06-29 01:37:08.044623'),(19,'api','0002_historicalpatient_archived_patient_archived','2025-06-29 01:37:08.255473'),(20,'api','0003_backuphistory','2025-06-29 01:37:08.346109'),(21,'django_q','0001_initial','2025-06-29 01:37:08.389310'),(22,'django_q','0002_auto_20150630_1624','2025-06-29 01:37:08.479610'),(23,'django_q','0003_auto_20150708_1326','2025-06-29 01:37:08.559730'),(24,'django_q','0004_auto_20150710_1043','2025-06-29 01:37:08.568260'),(25,'django_q','0005_auto_20150718_1506','2025-06-29 01:37:08.598421'),(26,'django_q','0006_auto_20150805_1817','2025-06-29 01:37:08.652213'),(27,'django_q','0007_ormq','2025-06-29 01:37:08.672298'),(28,'django_q','0008_auto_20160224_1026','2025-06-29 01:37:08.678296'),(29,'django_q','0009_auto_20171009_0915','2025-06-29 01:37:08.732779'),(30,'django_q','0010_auto_20200610_0856','2025-06-29 01:37:08.748003'),(31,'django_q','0011_auto_20200628_1055','2025-06-29 01:37:08.765721'),(32,'django_q','0012_auto_20200702_1608','2025-06-29 01:37:08.773711'),(33,'django_q','0013_task_attempt_count','2025-06-29 01:37:08.809567'),(34,'django_q','0014_schedule_cluster','2025-06-29 01:37:08.824728'),(35,'sessions','0001_initial','2025-06-29 01:37:08.874307'),(36,'api','0004_alter_historicalpatient_case_number_and_more','2025-06-29 01:47:46.073362');
/*!40000 ALTER TABLE `django_migrations` ENABLE KEYS */;
UNLOCK TABLES;

--
-- Table structure for table `django_q_ormq`
--

DROP TABLE IF EXISTS `django_q_ormq`;
/*!40101 SET @saved_cs_client     = @@character_set_client */;
/*!50503 SET character_set_client = utf8mb4 */;
CREATE TABLE `django_q_ormq` (
  `id` int NOT NULL AUTO_INCREMENT,
  `key` varchar(100) COLLATE utf8mb4_unicode_ci NOT NULL,
  `payload` longtext COLLATE utf8mb4_unicode_ci NOT NULL,
  `lock` datetime(6) DEFAULT NULL,
  PRIMARY KEY (`id`)
) ENGINE=InnoDB AUTO_INCREMENT=8047 DEFAULT CHARSET=utf8mb4 COLLATE=utf8mb4_unicode_ci;
/*!40101 SET character_set_client = @saved_cs_client */;

--
-- Dumping data for table `django_q_ormq`
--

LOCK TABLES `django_q_ormq` WRITE;
/*!40000 ALTER TABLE `django_q_ormq` DISABLE KEYS */;
/*!40000 ALTER TABLE `django_q_ormq` ENABLE KEYS */;
UNLOCK TABLES;

--
-- Table structure for table `django_q_schedule`
--

DROP TABLE IF EXISTS `django_q_schedule`;
/*!40101 SET @saved_cs_client     = @@character_set_client */;
/*!50503 SET character_set_client = utf8mb4 */;
CREATE TABLE `django_q_schedule` (
  `id` int NOT NULL AUTO_INCREMENT,
  `func` varchar(256) COLLATE utf8mb4_unicode_ci NOT NULL,
  `hook` varchar(256) COLLATE utf8mb4_unicode_ci DEFAULT NULL,
  `args` longtext COLLATE utf8mb4_unicode_ci,
  `kwargs` longtext COLLATE utf8mb4_unicode_ci,
  `schedule_type` varchar(1) COLLATE utf8mb4_unicode_ci NOT NULL,
  `repeats` int NOT NULL,
  `next_run` datetime(6) DEFAULT NULL,
  `task` varchar(100) COLLATE utf8mb4_unicode_ci DEFAULT NULL,
  `name` varchar(100) COLLATE utf8mb4_unicode_ci DEFAULT NULL,
  `minutes` smallint unsigned DEFAULT NULL,
  `cron` varchar(100) COLLATE utf8mb4_unicode_ci DEFAULT NULL,
  `cluster` varchar(100) COLLATE utf8mb4_unicode_ci DEFAULT NULL,
  PRIMARY KEY (`id`),
  CONSTRAINT `django_q_schedule_chk_1` CHECK ((`minutes` >= 0))
) ENGINE=InnoDB AUTO_INCREMENT=227 DEFAULT CHARSET=utf8mb4 COLLATE=utf8mb4_unicode_ci;
/*!40101 SET character_set_client = @saved_cs_client */;

--
-- Dumping data for table `django_q_schedule`
--

LOCK TABLES `django_q_schedule` WRITE;
/*!40000 ALTER TABLE `django_q_schedule` DISABLE KEYS */;
INSERT INTO `django_q_schedule` VALUES (1,'api.tasks.generate_hourly_bed_charges',NULL,'()','{}','I',-46,'2025-06-30 04:29:22.299032','41b435a4fd6247a48a34120700c1bdc4',NULL,1,NULL,NULL),(2,'api.tasks.generate_hourly_bed_charges',NULL,'()','{}','I',-46,'2025-06-30 04:29:23.172004','fe3170c4f19c4def92ad79811a0547d1',NULL,1,NULL,NULL),(3,'api.tasks.generate_hourly_bed_charges',NULL,'()','{}','I',-45,'2025-06-30 04:28:45.395420','6bfaf1adb54e4869b5bbefe5c04ff6b9',NULL,1,NULL,NULL),(4,'api.tasks.generate_hourly_bed_charges',NULL,'()','{}','I',-45,'2025-06-30 04:28:46.487753','2950c5542a5e49b4babf97d690b1f83d',NULL,1,NULL,NULL),(5,'api.tasks.generate_hourly_bed_charges',NULL,'()','{}','I',-46,'2025-06-30 04:29:14.806014','28a81b1f8e744def8ddf89021468a9f6',NULL,1,NULL,NULL),(6,'api.tasks.generate_hourly_bed_charges',NULL,'()','{}','I',-45,'2025-06-30 04:29:39.236461','389863d5867747788186ba8dd7023a84',NULL,1,NULL,NULL),(7,'api.tasks.generate_hourly_bed_charges',NULL,'()','{}','I',-45,'2025-06-30 04:29:40.093970','9b7515a955984dbbafc9f052af4f8997',NULL,1,NULL,NULL),(8,'api.tasks.generate_hourly_bed_charges',NULL,'()','{}','I',-46,'2025-06-30 04:29:05.134741','1b78ff4c43724fe69a5f86d10f571904',NULL,1,NULL,NULL),(9,'api.tasks.generate_hourly_bed_charges',NULL,'()','{}','I',-46,'2025-06-30 04:29:10.182717','2e32d521fe24409aaa46d5465e70160b',NULL,1,NULL,NULL),(10,'api.tasks.generate_hourly_bed_charges',NULL,'()','{}','I',-46,'2025-06-30 04:29:22.186506','72a16e031e63410ab25335c41c8d2b1d',NULL,1,NULL,NULL),(11,'api.tasks.generate_hourly_bed_charges',NULL,'()','{}','I',-46,'2025-06-30 04:29:23.296552','d5502d1731d04d3cb2fa1469f6ca8256',NULL,1,NULL,NULL),(12,'api.tasks.generate_hourly_bed_charges',NULL,'()','{}','I',-45,'2025-06-30 04:28:44.009358','450842c4e12d417a902c6d404e763839',NULL,1,NULL,NULL),(13,'api.tasks.generate_hourly_bed_charges',NULL,'()','{}','I',-46,'2025-06-30 04:28:59.627624','6e06bd2dfbf3485c80f6124dda2ec483',NULL,1,NULL,NULL),(14,'api.tasks.generate_hourly_bed_charges',NULL,'()','{}','I',-46,'2025-06-30 04:29:13.536215','7f30fcf1da7e43199999c8dbc9e5287a',NULL,1,NULL,NULL),(15,'api.tasks.generate_hourly_bed_charges',NULL,'()','{}','I',-46,'2025-06-30 04:29:22.595760','9cf34a5a57064147af4728c3ebde6354',NULL,1,NULL,NULL),(16,'api.tasks.generate_hourly_bed_charges',NULL,'()','{}','I',-45,'2025-06-30 04:28:47.737735','82a3d4c40ec141de9bbbf36ddd2c6ce8',NULL,1,NULL,NULL),(17,'api.tasks.generate_hourly_bed_charges',NULL,'()','{}','I',-45,'2025-06-30 04:28:48.642085','bdd8870edcbf414f99d77d5173a80264',NULL,1,NULL,NULL),(18,'api.tasks.generate_hourly_bed_charges',NULL,'()','{}','I',-46,'2025-06-30 04:29:21.885833','3e4129e01d15477983a7276c4b35c782',NULL,1,NULL,NULL),(19,'api.tasks.generate_hourly_bed_charges',NULL,'()','{}','I',-45,'2025-06-30 04:29:33.342677','afd46aec1182411fafe08be0a5053a9d',NULL,1,NULL,NULL),(20,'api.tasks.generate_hourly_bed_charges',NULL,'()','{}','I',-45,'2025-06-30 04:28:44.229421','f970cdf21d9946cb92bbf8e8d66948f4',NULL,1,NULL,NULL),(21,'api.tasks.generate_hourly_bed_charges',NULL,'()','{}','I',-45,'2025-06-30 04:28:47.730819','48bba108d1fa4456b060ad474264e59c',NULL,1,NULL,NULL),(22,'api.tasks.generate_hourly_bed_charges',NULL,'()','{}','I',-45,'2025-06-30 04:28:48.908394','7c666bc9d1eb40b1b0ee141fd864b171',NULL,1,NULL,NULL),(23,'api.tasks.generate_hourly_bed_charges',NULL,'()','{}','I',-46,'2025-06-30 04:29:03.162816','83b2c17a4b1745e28c17992008c09801',NULL,1,NULL,NULL),(24,'api.tasks.generate_hourly_bed_charges',NULL,'()','{}','I',-46,'2025-06-30 04:29:09.835256','a9c27e66995a41a486a3e2a7ea40ca65',NULL,1,NULL,NULL),(25,'api.tasks.generate_hourly_bed_charges',NULL,'()','{}','I',-46,'2025-06-30 04:29:11.090692','8b6bb94a225640ae9ef327d6f8078d94',NULL,1,NULL,NULL),(26,'api.tasks.generate_hourly_bed_charges',NULL,'()','{}','I',-45,'2025-06-30 04:29:34.743658','b7b6166de25e46f9a0e6c183698a9298',NULL,1,NULL,NULL),(27,'api.tasks.generate_hourly_bed_charges',NULL,'()','{}','I',-45,'2025-06-30 04:28:46.891766','a0af6f16129c418981468b9fb48713b8',NULL,1,NULL,NULL),(28,'api.tasks.generate_hourly_bed_charges',NULL,'()','{}','I',-45,'2025-06-30 04:28:52.708743','22227465432b482db535064fb0f38e90',NULL,1,NULL,NULL),(29,'api.tasks.generate_hourly_bed_charges',NULL,'()','{}','I',-45,'2025-06-30 04:29:29.732445','a2aadc9e04f94e2eb7fcb16ef4fe54f5',NULL,1,NULL,NULL),(30,'api.tasks.generate_hourly_bed_charges',NULL,'()','{}','I',-45,'2025-06-30 04:29:36.303620','23f2f660fb3341beb29471cc2c546286',NULL,1,NULL,NULL),(31,'api.tasks.generate_hourly_bed_charges',NULL,'()','{}','I',-45,'2025-06-30 04:29:41.635117','2cffd91fb8624d5696a590aba9994ef1',NULL,1,NULL,NULL),(32,'api.tasks.generate_hourly_bed_charges',NULL,'()','{}','I',-45,'2025-06-30 04:28:44.917664','f57dd122b9634979906a141333547717',NULL,1,NULL,NULL),(33,'api.tasks.generate_hourly_bed_charges',NULL,'()','{}','I',-45,'2025-06-30 04:28:46.748272','871e551c9d4740ad9296d1d5f298b351',NULL,1,NULL,NULL),(34,'api.tasks.generate_hourly_bed_charges',NULL,'()','{}','I',-46,'2025-06-30 04:29:04.734743','dd2fce49379148c3a31a0e77e3f8a084',NULL,1,NULL,NULL),(35,'api.tasks.generate_hourly_bed_charges',NULL,'()','{}','I',-46,'2025-06-30 04:29:09.414768','a5e3bb6641c44c4aaa0f4584e332bdc4',NULL,1,NULL,NULL),(36,'api.tasks.generate_hourly_bed_charges',NULL,'()','{}','I',-46,'2025-06-30 04:29:14.831220','a59e3e0c42664ee3a2d5a3105f5a9d2b',NULL,1,NULL,NULL),(37,'api.tasks.generate_hourly_bed_charges',NULL,'()','{}','I',-46,'2025-06-30 04:29:22.687908','ef85826daaab4a6e83f48e2ed15891e5',NULL,1,NULL,NULL),(38,'api.tasks.generate_hourly_bed_charges',NULL,'()','{}','I',-46,'2025-06-30 04:29:28.610315','d2d6231e7f9b46538b4e3db6b3235e3b',NULL,1,NULL,NULL),(39,'api.tasks.generate_hourly_bed_charges',NULL,'()','{}','I',-45,'2025-06-30 04:29:32.367231','20e1085204d949e0ac69ae400e155f71',NULL,1,NULL,NULL),(40,'api.tasks.generate_hourly_bed_charges',NULL,'()','{}','I',-45,'2025-06-30 04:29:40.036947','c82f99bb52334cd7936028ffc2955e02',NULL,1,NULL,NULL),(41,'api.tasks.generate_hourly_bed_charges',NULL,'()','{}','I',-46,'2025-06-30 04:28:54.933177','58b8e639031a4e2191ee6416385e122a',NULL,1,NULL,NULL),(42,'api.tasks.generate_hourly_bed_charges',NULL,'()','{}','I',-46,'2025-06-30 04:29:13.604923','4d1e7125f8b6445199efe12b68d3f926',NULL,1,NULL,NULL),(43,'api.tasks.generate_hourly_bed_charges',NULL,'()','{}','I',-45,'2025-06-30 04:29:38.011133','c2d3934c3a454cc691df25aa0114f39e',NULL,1,NULL,NULL),(44,'api.tasks.generate_hourly_bed_charges',NULL,'()','{}','I',-45,'2025-06-30 04:29:35.657347','0b7c3925211348fa8e2961050c7003c3',NULL,1,NULL,NULL),(45,'api.tasks.generate_hourly_bed_charges',NULL,'()','{}','I',-45,'2025-06-30 04:28:43.297797','dc5dd0764f9f48199a8e7bf7c5b5cac2',NULL,1,NULL,NULL),(46,'api.tasks.generate_hourly_bed_charges',NULL,'()','{}','I',-46,'2025-06-30 04:28:59.296503','eee6ebd4734542de998f002e82883faf',NULL,1,NULL,NULL),(47,'api.tasks.generate_hourly_bed_charges',NULL,'()','{}','I',-46,'2025-06-30 04:29:03.736608','bb683bc860504f5c9a714cc608fb0225',NULL,1,NULL,NULL),(48,'api.tasks.generate_hourly_bed_charges',NULL,'()','{}','I',-46,'2025-06-30 04:29:09.394368','190a5517fe7b49568a8db1f1e52aa1f3',NULL,1,NULL,NULL),(49,'api.tasks.generate_hourly_bed_charges',NULL,'()','{}','I',-46,'2025-06-30 04:29:13.502405','209d6a7aeac743da9f9879d3eed0369e',NULL,1,NULL,NULL),(50,'api.tasks.generate_hourly_bed_charges',NULL,'()','{}','I',-46,'2025-06-30 04:29:19.266148','d7b8b0f6e3184f29b93958ce3030ae68',NULL,1,NULL,NULL),(51,'api.tasks.generate_hourly_bed_charges',NULL,'()','{}','I',-45,'2025-06-30 04:29:29.349804','c72ebc45865042f0a882ac411378360f',NULL,1,NULL,NULL),(52,'api.tasks.generate_hourly_bed_charges',NULL,'()','{}','I',-45,'2025-06-30 04:29:30.153969','e5ff6fdafe8a4e1b811ea933b3618084',NULL,1,NULL,NULL),(53,'api.tasks.generate_hourly_bed_charges',NULL,'()','{}','I',-45,'2025-06-30 04:29:38.346238','badd210f1f124f0ca0573e425d20788b',NULL,1,NULL,NULL),(54,'api.tasks.generate_hourly_bed_charges',NULL,'()','{}','I',-45,'2025-06-30 04:28:43.676850','ca7fdcda650348b7998e628ea559610e',NULL,1,NULL,NULL),(55,'api.tasks.generate_hourly_bed_charges',NULL,'()','{}','I',-46,'2025-06-30 04:29:20.861540','998454c05297420c9c1806a89472c1ec',NULL,1,NULL,NULL),(56,'api.tasks.generate_hourly_bed_charges',NULL,'()','{}','I',-45,'2025-06-30 04:29:34.448261','9c9745e6571345b89e9c9e6c5168f90c',NULL,1,NULL,NULL),(57,'api.tasks.generate_hourly_bed_charges',NULL,'()','{}','I',-45,'2025-06-30 04:28:50.781937','07cb8e87709c45959643f2c32750ba7a',NULL,1,NULL,NULL),(58,'api.tasks.generate_hourly_bed_charges',NULL,'()','{}','I',-45,'2025-06-30 04:28:51.923891','e7b99b9b128f47579570dbff7cf2eb4f',NULL,1,NULL,NULL),(59,'api.tasks.generate_hourly_bed_charges',NULL,'()','{}','I',-46,'2025-06-30 04:29:02.326294','70d2aab4109a48d9a0a1a4f79891098f',NULL,1,NULL,NULL),(60,'api.tasks.generate_hourly_bed_charges',NULL,'()','{}','I',-46,'2025-06-30 04:29:05.754696','1998a97502b046e3bfb9d80732efcb3c',NULL,1,NULL,NULL),(61,'api.tasks.generate_hourly_bed_charges',NULL,'()','{}','I',-46,'2025-06-30 04:29:06.594105','c8f2d0ead44247b288920f421a856fe8',NULL,1,NULL,NULL),(62,'api.tasks.generate_hourly_bed_charges',NULL,'()','{}','I',-46,'2025-06-30 04:29:22.054169','a745bd47fd014c9a88bb1d84529a1a3b',NULL,1,NULL,NULL),(63,'api.tasks.generate_hourly_bed_charges',NULL,'()','{}','I',-46,'2025-06-30 04:29:20.878310','3f827e6ea56048238f42b4f39e23872c',NULL,1,NULL,NULL),(64,'api.tasks.generate_hourly_bed_charges',NULL,'()','{}','I',-45,'2025-06-30 04:29:41.903799','e67384691d2b47e582a88ea05fd01d32',NULL,1,NULL,NULL),(65,'api.tasks.generate_hourly_bed_charges',NULL,'()','{}','I',-45,'2025-06-30 04:28:52.142213','8c70e986966046938394316bc18c575e',NULL,1,NULL,NULL),(66,'api.tasks.generate_hourly_bed_charges',NULL,'()','{}','I',-46,'2025-06-30 04:29:02.982795','d7f20d8150124e189e2dc9baba4bc39c',NULL,1,NULL,NULL),(67,'api.tasks.generate_hourly_bed_charges',NULL,'()','{}','I',-46,'2025-06-30 04:29:13.866550','a2031997cfea4c7db01d5799ffc550fc',NULL,1,NULL,NULL),(68,'api.tasks.generate_hourly_bed_charges',NULL,'()','{}','I',-46,'2025-06-30 04:29:20.636822','740a14b3f4c74255b9bd6ecc0bc4565f',NULL,1,NULL,NULL),(69,'api.tasks.generate_hourly_bed_charges',NULL,'()','{}','I',-45,'2025-06-30 04:29:32.366856','8c588f78e3d24e57be3691da7539885c',NULL,1,NULL,NULL),(70,'api.tasks.generate_hourly_bed_charges',NULL,'()','{}','I',-45,'2025-06-30 04:28:49.957948','e66d956020704322a7835015ba2e3bb6',NULL,1,NULL,NULL),(71,'api.tasks.generate_hourly_bed_charges',NULL,'()','{}','I',-46,'2025-06-30 04:28:54.696435','d2fe28b624654e20a9cfc6cb20d15db9',NULL,1,NULL,NULL),(72,'api.tasks.generate_hourly_bed_charges',NULL,'()','{}','I',-46,'2025-06-30 04:29:25.554439','759fbd37f4d54aaa8fcb44cadf4f6693',NULL,1,NULL,NULL),(73,'api.tasks.generate_hourly_bed_charges',NULL,'()','{}','I',-46,'2025-06-30 04:28:53.979727','c3e73fd317e341bdb73f702bfa402efa',NULL,1,NULL,NULL),(74,'api.tasks.generate_hourly_bed_charges',NULL,'()','{}','I',-45,'2025-06-30 04:29:42.479568','dbeeb1dfed5d4476829135e20592e4ab',NULL,1,NULL,NULL),(75,'api.tasks.generate_hourly_bed_charges',NULL,'()','{}','I',-46,'2025-06-30 04:28:54.726366','f2ae8d3abc7541bea5e8621b8754e663',NULL,1,NULL,NULL),(76,'api.tasks.generate_hourly_bed_charges',NULL,'()','{}','I',-46,'2025-06-30 04:28:59.977231','9bd8e60d663b430fac2b07192444f281',NULL,1,NULL,NULL),(77,'api.tasks.generate_hourly_bed_charges',NULL,'()','{}','I',-46,'2025-06-30 04:29:04.470164','fef8cfd5c5eb4f018c902d462fc94706',NULL,1,NULL,NULL),(78,'api.tasks.generate_hourly_bed_charges',NULL,'()','{}','I',-46,'2025-06-30 04:29:14.500572','2c25b57cc35c46ae8bc9c4328164f82f',NULL,1,NULL,NULL),(79,'api.tasks.generate_hourly_bed_charges',NULL,'()','{}','I',-46,'2025-06-30 04:29:22.268842','ff1f5fa542c14a40966f021f7400f632',NULL,1,NULL,NULL),(80,'api.tasks.generate_hourly_bed_charges',NULL,'()','{}','I',-46,'2025-06-30 04:28:59.790123','d11b2992974f47ea80f4187e1a17d009',NULL,1,NULL,NULL),(81,'api.tasks.generate_hourly_bed_charges',NULL,'()','{}','I',-46,'2025-06-30 04:29:10.243739','c9fbd6cfb19c4737b3d35e25dca24c00',NULL,1,NULL,NULL),(82,'api.tasks.generate_hourly_bed_charges',NULL,'()','{}','I',-46,'2025-06-30 04:29:11.355612','1a53c52641ae410e9fde74179efc2532',NULL,1,NULL,NULL),(83,'api.tasks.generate_hourly_bed_charges',NULL,'()','{}','I',-46,'2025-06-30 04:29:12.977417','e6d2ec4d821c42b9b5ac8c99dbdcd84e',NULL,1,NULL,NULL),(84,'api.tasks.generate_hourly_bed_charges',NULL,'()','{}','I',-46,'2025-06-30 04:29:22.003714','fcd48d3b5eba4b8a8b45541835eb23dd',NULL,1,NULL,NULL),(85,'api.tasks.generate_hourly_bed_charges',NULL,'()','{}','I',-46,'2025-06-30 04:29:04.145044','6be835f603a34a7a927144ea00a9e981',NULL,1,NULL,NULL),(86,'api.tasks.generate_hourly_bed_charges',NULL,'()','{}','I',-45,'2025-06-30 04:29:42.277294','e1199df64b6c4b1da4faa20b0cdb39a0',NULL,1,NULL,NULL),(87,'api.tasks.generate_hourly_bed_charges',NULL,'()','{}','I',-46,'2025-06-30 04:29:03.594983','9655a69348574364a956b191364bc26b',NULL,1,NULL,NULL),(88,'api.tasks.generate_hourly_bed_charges',NULL,'()','{}','I',-46,'2025-06-30 04:29:20.088905','e9acbc087a974f8f8afa52dbb6c9a076',NULL,1,NULL,NULL),(89,'api.tasks.generate_hourly_bed_charges',NULL,'()','{}','I',-46,'2025-06-30 04:29:27.004815','f36ad5017a1442e1ba5d9190c88e2de9',NULL,1,NULL,NULL),(90,'api.tasks.generate_hourly_bed_charges',NULL,'()','{}','I',-45,'2025-06-30 04:29:31.865336','39c40733b82c410886e17aaa399fd67e',NULL,1,NULL,NULL),(91,'api.tasks.generate_hourly_bed_charges',NULL,'()','{}','I',-45,'2025-06-30 04:29:36.600586','e4d49e5a67424ed1ba1608aece1a83ee',NULL,1,NULL,NULL),(92,'api.tasks.generate_hourly_bed_charges',NULL,'()','{}','I',-46,'2025-06-30 04:29:09.214550','10da5de8d9584f51ad191316b0a55d5a',NULL,1,NULL,NULL),(93,'api.tasks.generate_hourly_bed_charges',NULL,'()','{}','I',-45,'2025-06-30 04:28:47.970813','38f71446ab734d8cbcedb6caaa50f7df',NULL,1,NULL,NULL),(94,'api.tasks.generate_hourly_bed_charges',NULL,'()','{}','I',-45,'2025-06-30 04:28:47.120802','90af54058fed40dda33d043f0401d49c',NULL,1,NULL,NULL),(95,'api.tasks.generate_hourly_bed_charges',NULL,'()','{}','I',-46,'2025-06-30 04:29:24.558431','01ad9ea44367497ca90076d1698572b3',NULL,1,NULL,NULL),(96,'api.tasks.generate_hourly_bed_charges',NULL,'()','{}','I',-46,'2025-06-30 04:29:18.524705','f87e831afa6f4e21a9202cd629efb878',NULL,1,NULL,NULL),(97,'api.tasks.generate_hourly_bed_charges',NULL,'()','{}','I',-46,'2025-06-30 04:29:26.884599','2d8718a5ae204871879440790533d6a5',NULL,1,NULL,NULL),(98,'api.tasks.generate_hourly_bed_charges',NULL,'()','{}','I',-45,'2025-06-30 04:29:30.142298','de9e44dc9b0c48e08bfbc022dd96a96d',NULL,1,NULL,NULL),(99,'api.tasks.generate_hourly_bed_charges',NULL,'()','{}','I',-45,'2025-06-30 04:29:33.271041','8c9fe1e7932a4ef58a71e365d983dd45',NULL,1,NULL,NULL),(100,'api.tasks.generate_hourly_bed_charges',NULL,'()','{}','I',-45,'2025-06-30 04:29:38.562451','d5e7b108e1f7437cad555c4640c27422',NULL,1,NULL,NULL),(101,'api.tasks.generate_hourly_bed_charges',NULL,'()','{}','I',-46,'2025-06-30 04:29:04.237400','15c58f11000343ceb30cc6107faf05a3',NULL,1,NULL,NULL),(102,'api.tasks.generate_hourly_bed_charges',NULL,'()','{}','I',-46,'2025-06-30 04:29:22.676938','e238e2fffb1140a6977ae8bab4709257',NULL,1,NULL,NULL),(103,'api.tasks.generate_hourly_bed_charges',NULL,'()','{}','I',-45,'2025-06-30 04:29:39.546343','a282b35ff5f74468bd1791891d8c6010',NULL,1,NULL,NULL),(104,'api.tasks.generate_hourly_bed_charges',NULL,'()','{}','I',-45,'2025-06-30 04:28:47.800016','d53ce0f5646045bf9518acbe250b5512',NULL,1,NULL,NULL),(105,'api.tasks.generate_hourly_bed_charges',NULL,'()','{}','I',-45,'2025-06-30 04:28:50.937417','e8c05ac33dfa4745aeda01951d23e832',NULL,1,NULL,NULL),(106,'api.tasks.generate_hourly_bed_charges',NULL,'()','{}','I',-46,'2025-06-30 04:28:54.000149','7eca5cf747ac42f9b7e451c22bbf1c5e',NULL,1,NULL,NULL),(107,'api.tasks.generate_hourly_bed_charges',NULL,'()','{}','I',-46,'2025-06-30 04:29:04.720730','bae9d85db52b4ba696fa474d10bdb794',NULL,1,NULL,NULL),(108,'api.tasks.generate_hourly_bed_charges',NULL,'()','{}','I',-45,'2025-06-30 04:29:30.061457','dbdabad99e0649f7a7b97a97adf15862',NULL,1,NULL,NULL),(109,'api.tasks.generate_hourly_bed_charges',NULL,'()','{}','I',-46,'2025-06-30 04:29:22.198515','8dfb810effd4446fb8c8e536e2440c26',NULL,1,NULL,NULL),(110,'api.tasks.generate_hourly_bed_charges',NULL,'()','{}','I',-46,'2025-06-30 04:28:55.385830','1d09781d47854005b7e75f2d42d1bd4d',NULL,1,NULL,NULL),(111,'api.tasks.generate_hourly_bed_charges',NULL,'()','{}','I',-45,'2025-06-30 04:29:41.107278','c56860085f6b41b6a3e23ae6c5b69d43',NULL,1,NULL,NULL),(112,'api.tasks.generate_hourly_bed_charges',NULL,'()','{}','I',-45,'2025-06-30 04:29:42.235947','cb362f399d1946b580abb3c6eae8257b',NULL,1,NULL,NULL),(113,'api.tasks.generate_hourly_bed_charges',NULL,'()','{}','I',-46,'2025-06-30 04:28:58.784225','a55f3599938346ff92e28ab159b9e886',NULL,1,NULL,NULL),(114,'api.tasks.generate_hourly_bed_charges',NULL,'()','{}','I',-46,'2025-06-30 04:28:56.932515','d426e628b3ac4440b2fa751153c5506a',NULL,1,NULL,NULL),(115,'api.tasks.generate_hourly_bed_charges',NULL,'()','{}','I',-46,'2025-06-30 04:29:16.481356','027e4f6d4f4e421a919b076fbf33f024',NULL,1,NULL,NULL),(116,'api.tasks.generate_hourly_bed_charges',NULL,'()','{}','I',-45,'2025-06-30 04:28:47.849239','1df2fc8903f24007a48f8d62c321e79b',NULL,1,NULL,NULL),(117,'api.tasks.generate_hourly_bed_charges',NULL,'()','{}','I',-46,'2025-06-30 04:29:21.012104','d96da196c57848df96083d20779c78ff',NULL,1,NULL,NULL),(118,'api.tasks.generate_hourly_bed_charges',NULL,'()','{}','I',-46,'2025-06-30 04:29:27.407782','422003d70fb845b2a3a5a2fd67d924a7',NULL,1,NULL,NULL),(119,'api.tasks.generate_hourly_bed_charges',NULL,'()','{}','I',-46,'2025-06-30 04:29:07.476216','07be6a5ead574e9789704672f69e2ef2',NULL,1,NULL,NULL),(120,'api.tasks.generate_hourly_bed_charges',NULL,'()','{}','I',-46,'2025-06-30 04:29:13.042385','e1721be2d425480c84fe554b0ff1089a',NULL,1,NULL,NULL),(121,'api.tasks.generate_hourly_bed_charges',NULL,'()','{}','I',-46,'2025-06-30 04:29:20.628950','a41a6ad629a74f3a9e18a9228635ab70',NULL,1,NULL,NULL),(122,'api.tasks.generate_hourly_bed_charges',NULL,'()','{}','I',-46,'2025-06-30 04:29:26.292253','931f64d6c5a04153a2a8b6d1c3ae3633',NULL,1,NULL,NULL),(123,'api.tasks.generate_hourly_bed_charges',NULL,'()','{}','I',-45,'2025-06-30 04:29:29.812265','82b5dd0f929e4befaa3d9ad95b3eca64',NULL,1,NULL,NULL),(124,'api.tasks.generate_hourly_bed_charges',NULL,'()','{}','I',-45,'2025-06-30 04:29:34.200521','7b09916b640f49c8a72dc573f233dbd8',NULL,1,NULL,NULL),(125,'api.tasks.generate_hourly_bed_charges',NULL,'()','{}','I',-46,'2025-06-30 04:29:09.563528','3cb5826c91e746289ea42ca0e43e6423',NULL,1,NULL,NULL),(126,'api.tasks.generate_hourly_bed_charges',NULL,'()','{}','I',-46,'2025-06-30 04:29:11.027832','99944892791a4108b1ebd9da2e8cf9a5',NULL,1,NULL,NULL),(127,'api.tasks.generate_hourly_bed_charges',NULL,'()','{}','I',-46,'2025-06-30 04:29:12.072935','fb68a3ac6d354c7d84f673c20534cc0c',NULL,1,NULL,NULL),(128,'api.tasks.generate_hourly_bed_charges',NULL,'()','{}','I',-46,'2025-06-30 04:29:12.072935','0f830d026b4e4813b279c8b4da8f9d3e',NULL,1,NULL,NULL),(129,'api.tasks.generate_hourly_bed_charges',NULL,'()','{}','I',-46,'2025-06-30 04:29:12.072935','9937b60bd75e48e3a9a5150ec07d30ab',NULL,1,NULL,NULL),(130,'api.tasks.generate_hourly_bed_charges',NULL,'()','{}','I',-42,'2025-06-30 04:29:36.787401','e8ef8d72e3a349b8a75f537d443c077e',NULL,1,NULL,NULL),(131,'api.tasks.generate_hourly_bed_charges',NULL,'()','{}','I',-41,'2025-06-30 04:28:51.912591','1f50e95964c24a03ae56d789cb266f1f',NULL,1,NULL,NULL),(132,'api.tasks.generate_hourly_bed_charges',NULL,'()','{}','I',-39,'2025-06-30 04:29:17.690214','301c02b4b1014eda8b8a72fb3a28ad2e',NULL,1,NULL,NULL),(133,'api.tasks.generate_hourly_bed_charges',NULL,'()','{}','I',-39,'2025-06-30 04:29:28.484260','d5ecbb98c2c549b69b877da82cdbcfd6',NULL,1,NULL,NULL),(134,'api.tasks.generate_hourly_bed_charges',NULL,'()','{}','I',-36,'2025-06-30 04:28:58.590077','2c0a472e4c9443ca8d1802874f1b2d42',NULL,1,NULL,NULL),(135,'api.tasks.generate_hourly_bed_charges',NULL,'()','{}','I',-36,'2025-06-30 04:29:25.681185','3b11f202a2bd40cd8b73a8aa512fc455',NULL,1,NULL,NULL),(136,'api.tasks.generate_hourly_bed_charges',NULL,'()','{}','I',-36,'2025-06-30 04:29:32.102302','4b638fda79cd439caa8e382819a02b57',NULL,1,NULL,NULL),(137,'api.tasks.generate_hourly_bed_charges',NULL,'()','{}','I',-36,'2025-06-30 04:29:22.485995','842ff6871fcc47cf9cfd226f37e00784',NULL,1,NULL,NULL),(138,'api.tasks.generate_hourly_bed_charges',NULL,'()','{}','I',-36,'2025-06-30 04:29:23.305553','7a9490ab9ae6423e8eb7bb282fda1c90',NULL,1,NULL,NULL),(139,'api.tasks.generate_hourly_bed_charges',NULL,'()','{}','I',-36,'2025-06-30 04:29:29.906786','1d7f1eef10e440989dcc277d0acc9d98',NULL,1,NULL,NULL),(140,'api.tasks.generate_hourly_bed_charges',NULL,'()','{}','I',-36,'2025-06-30 04:29:30.710494','2ea86fb976c647aea88a3cafca3ccee2',NULL,1,NULL,NULL),(141,'api.tasks.generate_hourly_bed_charges',NULL,'()','{}','I',-36,'2025-06-30 04:29:14.552235','c6ec82f676694aeda99d3b6a46046426',NULL,1,NULL,NULL),(142,'api.tasks.generate_hourly_bed_charges',NULL,'()','{}','I',-36,'2025-06-30 04:29:16.379116','caedcc85045444b2a0f8b56f5c963bbd',NULL,1,NULL,NULL),(143,'api.tasks.generate_hourly_bed_charges',NULL,'()','{}','I',-35,'2025-06-30 04:28:49.011437','4af1736e7a6447a3b8d00207bcb371fb',NULL,1,NULL,NULL),(144,'api.tasks.generate_hourly_bed_charges',NULL,'()','{}','I',-36,'2025-06-30 04:29:13.148206','ef2cdc79a5ed451e9d1ca966679c52ee',NULL,1,NULL,NULL),(145,'api.tasks.generate_hourly_bed_charges',NULL,'()','{}','I',-36,'2025-06-30 04:29:29.202077','b65e27c0e48b4fdfb18f1d91a5cd6b3c',NULL,1,NULL,NULL),(146,'api.tasks.generate_hourly_bed_charges',NULL,'()','{}','I',-35,'2025-06-30 04:28:50.613237','5d10442bffff4963be639e5d484fe5c4',NULL,1,NULL,NULL),(147,'api.tasks.generate_hourly_bed_charges',NULL,'()','{}','I',-36,'2025-06-30 04:29:42.110664','b9e5ea692ca2479dbf811b22ceadaf8c',NULL,1,NULL,NULL),(148,'api.tasks.generate_hourly_bed_charges',NULL,'()','{}','I',-35,'2025-06-30 04:28:49.101733','ba791fd117994917a0ef2ff38d26d215',NULL,1,NULL,NULL),(149,'api.tasks.generate_hourly_bed_charges',NULL,'()','{}','I',-36,'2025-06-30 04:29:06.436331','85806d7d5740465fbddc0a202c70c8d8',NULL,1,NULL,NULL),(150,'api.tasks.generate_hourly_bed_charges',NULL,'()','{}','I',-36,'2025-06-30 04:29:07.845883','b45ea25cae0b4acb8bbb8e9432aaa420',NULL,1,NULL,NULL),(151,'api.tasks.generate_hourly_bed_charges',NULL,'()','{}','I',-36,'2025-06-30 04:29:31.636625','155b86a76e334353a6ab4c1d26b483b4',NULL,1,NULL,NULL),(152,'api.tasks.generate_hourly_bed_charges',NULL,'()','{}','I',-36,'2025-06-30 04:29:40.186999','d9d61738115f4bcd9029600bdef6d250',NULL,1,NULL,NULL),(153,'api.tasks.generate_hourly_bed_charges',NULL,'()','{}','I',-36,'2025-06-30 04:29:30.851534','1cdfb677d66746e3959953f4b49aa601',NULL,1,NULL,NULL),(154,'api.tasks.generate_hourly_bed_charges',NULL,'()','{}','I',-35,'2025-06-30 04:28:54.706579','701c6cce122a41d7a677b02d4d72d8fd',NULL,1,NULL,NULL),(155,'api.tasks.generate_hourly_bed_charges',NULL,'()','{}','I',-35,'2025-06-30 04:28:44.900920','76165af0cc084abcac4943dbe91b4dd5',NULL,1,NULL,NULL),(156,'api.tasks.generate_hourly_bed_charges',NULL,'()','{}','I',-36,'2025-06-30 04:29:11.799158','c6761c6c9d0f4a0fbe62d8d268771c45',NULL,1,NULL,NULL),(157,'api.tasks.generate_hourly_bed_charges',NULL,'()','{}','I',-36,'2025-06-30 04:29:27.568444','c584ea0055b943e4bde0220e493565b3',NULL,1,NULL,NULL),(158,'api.tasks.generate_hourly_bed_charges',NULL,'()','{}','I',-36,'2025-06-30 04:29:33.774957','573576f3a4ae41ab9107db434ecc5f9e',NULL,1,NULL,NULL),(159,'api.tasks.generate_hourly_bed_charges',NULL,'()','{}','I',-36,'2025-06-30 04:29:38.589684','0671fe3ae2584878b6448c159e0f3582',NULL,1,NULL,NULL),(160,'api.tasks.generate_hourly_bed_charges',NULL,'()','{}','I',-35,'2025-06-30 04:28:47.109194','412a40eeb836460383063bcf4d7ef850',NULL,1,NULL,NULL),(161,'api.tasks.generate_hourly_bed_charges',NULL,'()','{}','I',-35,'2025-06-30 04:28:55.045499','13f85653a1e14e6fa24c28abf1dba1ee',NULL,1,NULL,NULL),(162,'api.tasks.generate_hourly_bed_charges',NULL,'()','{}','I',-36,'2025-06-30 04:29:01.007221','e71c90b7aa0a4e64a4880d30a700f65b',NULL,1,NULL,NULL),(163,'api.tasks.generate_hourly_bed_charges',NULL,'()','{}','I',-36,'2025-06-30 04:29:10.426065','204fd29e2af2454c965f5e4e49a49d90',NULL,1,NULL,NULL),(164,'api.tasks.generate_hourly_bed_charges',NULL,'()','{}','I',-36,'2025-06-30 04:29:17.660457','f77d945d8e1e4033aa7b90ca4bfacea0',NULL,1,NULL,NULL),(165,'api.tasks.generate_hourly_bed_charges',NULL,'()','{}','I',-36,'2025-06-30 04:29:22.799576','f48374fb79c04f909e523335a4de0862',NULL,1,NULL,NULL),(166,'api.tasks.generate_hourly_bed_charges',NULL,'()','{}','I',-36,'2025-06-30 04:29:29.705256','5af592cccd2a4d368ac23f55d52ba3a6',NULL,1,NULL,NULL),(167,'api.tasks.generate_hourly_bed_charges',NULL,'()','{}','I',-36,'2025-06-30 04:29:36.404399','7e2433094bcc48d7a3cf75ee7eab0eaa',NULL,1,NULL,NULL),(168,'api.tasks.generate_hourly_bed_charges',NULL,'()','{}','I',-36,'2025-06-30 04:29:09.194122','3ca691ce32cd46e9833cf48658a0c9cc',NULL,1,NULL,NULL),(169,'api.tasks.generate_hourly_bed_charges',NULL,'()','{}','I',-36,'2025-06-30 04:29:25.817493','4845498552ae49a7a5a6fb92abf93ea7',NULL,1,NULL,NULL),(170,'api.tasks.generate_hourly_bed_charges',NULL,'()','{}','I',-36,'2025-06-30 04:28:55.382227','275e5b5df2f945ea8ee3e4a7eb7d4488',NULL,1,NULL,NULL),(171,'api.tasks.generate_hourly_bed_charges',NULL,'()','{}','I',-36,'2025-06-30 04:28:57.461373','6c9db1949da84544b2a47e5f391a9fd9',NULL,1,NULL,NULL),(172,'api.tasks.generate_hourly_bed_charges',NULL,'()','{}','I',-36,'2025-06-30 04:28:58.343656','df5681bf74dc45609d612b66944758a1',NULL,1,NULL,NULL),(173,'api.tasks.generate_hourly_bed_charges',NULL,'()','{}','I',-36,'2025-06-30 04:29:04.596361','a2f8aad038a746aab3ff0c24ddfed11e',NULL,1,NULL,NULL),(174,'api.tasks.generate_hourly_bed_charges',NULL,'()','{}','I',-36,'2025-06-30 04:29:06.041691','eeb332dac26d4f8797d97936aa409454',NULL,1,NULL,NULL),(175,'api.tasks.generate_hourly_bed_charges',NULL,'()','{}','I',-36,'2025-06-30 04:28:56.314769','76d2c1cf017542b7812ccab40b561e0c',NULL,1,NULL,NULL),(176,'api.tasks.generate_hourly_bed_charges',NULL,'()','{}','I',-36,'2025-06-30 04:28:57.887848','cb5052d5ba914bd9ac8f147ff0c6489a',NULL,1,NULL,NULL),(177,'api.tasks.generate_hourly_bed_charges',NULL,'()','{}','I',-36,'2025-06-30 04:29:31.548856','04c4a6eef0254e9e94fc3bdbaf032cee',NULL,1,NULL,NULL),(178,'api.tasks.generate_hourly_bed_charges',NULL,'()','{}','I',-35,'2025-06-30 04:28:48.299024','89d4e0c1e47549cea783f2a844af2aeb',NULL,1,NULL,NULL),(179,'api.tasks.generate_hourly_bed_charges',NULL,'()','{}','I',-36,'2025-06-30 04:29:10.745870','7a5ca9d13dd549a0a326bbbc7bd10d91',NULL,1,NULL,NULL),(180,'api.tasks.generate_hourly_bed_charges',NULL,'()','{}','I',-36,'2025-06-30 04:29:34.495293','e19384581aa54b9b900158cc4717fce2',NULL,1,NULL,NULL),(181,'api.tasks.generate_hourly_bed_charges',NULL,'()','{}','I',-36,'2025-06-30 04:28:56.525159','385660d75abb43feae9d86a32a09be1c',NULL,1,NULL,NULL),(182,'api.tasks.generate_hourly_bed_charges',NULL,'()','{}','I',-35,'2025-06-30 04:28:43.894948','831b7bc9040a4f9da61fe2d5d0a0342f',NULL,1,NULL,NULL),(183,'api.tasks.generate_hourly_bed_charges',NULL,'()','{}','I',-35,'2025-06-30 04:28:45.118262','b5281ff06be04a75b2657527f8a29674',NULL,1,NULL,NULL),(184,'api.tasks.generate_hourly_bed_charges',NULL,'()','{}','I',-36,'2025-06-30 04:29:19.999929','0f98454208074ed0a985e482f51ee24c',NULL,1,NULL,NULL),(185,'api.tasks.generate_hourly_bed_charges',NULL,'()','{}','I',-36,'2025-06-30 04:29:21.432843','8d95d019c84c48ffb157d3c369362f9d',NULL,1,NULL,NULL),(186,'api.tasks.generate_hourly_bed_charges',NULL,'()','{}','I',-36,'2025-06-30 04:29:22.661354','bcfca6eaf9f34193b6fd396e8b13e047',NULL,1,NULL,NULL),(187,'api.tasks.generate_hourly_bed_charges',NULL,'()','{}','I',-36,'2025-06-30 04:29:22.661354','7b12cec203de46cca982abbb47a9ad29',NULL,1,NULL,NULL),(188,'api.tasks.generate_hourly_bed_charges',NULL,'()','{}','I',-36,'2025-06-30 04:29:22.661354','32bc819105ad4a8ab09bc370e9c5e782',NULL,1,NULL,NULL),(189,'api.tasks.generate_hourly_bed_charges',NULL,'()','{}','I',-33,'2025-06-30 04:29:00.697532','9a481946c6074b428270ca580cba989a',NULL,1,NULL,NULL),(190,'api.tasks.generate_hourly_bed_charges',NULL,'()','{}','I',-31,'2025-06-30 04:29:34.918183','6bed514bbe6d4b2eb99009cc2988ddc2',NULL,1,NULL,NULL),(191,'api.tasks.generate_hourly_bed_charges',NULL,'()','{}','I',-28,'2025-06-30 04:29:09.134892','a838568b768d414e8c00d3ca0b50f6c6',NULL,1,NULL,NULL),(192,'api.tasks.generate_hourly_bed_charges',NULL,'()','{}','I',-26,'2025-06-30 04:29:42.417438','7f299c24a9274d73b3cbc78deb11a7de',NULL,1,NULL,NULL),(193,'api.tasks.generate_hourly_bed_charges',NULL,'()','{}','I',-23,'2025-06-30 04:29:14.570718','18b9d1c3222f4b8394dd41314bc999ac',NULL,1,NULL,NULL),(194,'api.tasks.generate_hourly_bed_charges',NULL,'()','{}','I',-20,'2025-06-30 04:28:49.229714','c58314a0ef7c49ff8abcd291e3d1b959',NULL,1,NULL,NULL),(195,'api.tasks.generate_hourly_bed_charges',NULL,'()','{}','I',-18,'2025-06-30 04:29:21.349802','e85c6b13317a4a738ae3493605d16fd0',NULL,1,NULL,NULL),(196,'api.tasks.generate_hourly_bed_charges',NULL,'()','{}','I',-15,'2025-06-30 04:28:54.651539','5c615a9eeb8e4982aec72e5b8795b3b9',NULL,1,NULL,NULL),(197,'api.tasks.generate_hourly_bed_charges',NULL,'()','{}','I',-13,'2025-06-30 04:29:28.410283','5ce3eab6e1be4f8b8c4d16dffff7d357',NULL,1,NULL,NULL),(198,'api.tasks.generate_hourly_bed_charges',NULL,'()','{}','I',-10,'2025-06-30 04:29:02.436511','3cfc635e75bd4b83a5760a611b477c32',NULL,1,NULL,NULL),(199,'api.tasks.generate_hourly_bed_charges',NULL,'()','{}','I',-8,'2025-06-30 04:29:36.783209','34bf3e289988459faf8e7953e21bea4a',NULL,1,NULL,NULL),(200,'api.tasks.generate_hourly_bed_charges',NULL,'()','{}','I',-5,'2025-06-30 04:29:09.738201','f2a22e5f714447998f349ad007416220',NULL,1,NULL,NULL),(201,'api.tasks.generate_hourly_bed_charges',NULL,'()','{}','I',-2,'2025-06-30 04:28:44.325157','6ee3741e186142c0b57088b29940ffe7',NULL,1,NULL,NULL),(202,'api.tasks.generate_hourly_bed_charges',NULL,'()','{}','I',-2,'2025-06-30 04:29:41.489393','4995d51147e1489ca897758820e6e88f',NULL,1,NULL,NULL),(203,'api.tasks.generate_hourly_bed_charges',NULL,'()','{}','I',-2,'2025-06-30 04:29:42.081721','1e870b69a3864e039060f6df0481e19a',NULL,1,NULL,NULL),(204,'api.tasks.generate_hourly_bed_charges',NULL,'()','{}','I',-2,'2025-06-30 04:29:42.081721','239378b034104d9c96f75b313071173b',NULL,1,NULL,NULL),(205,'api.tasks.generate_hourly_bed_charges',NULL,'()','{}','I',-1,'2025-06-30 05:09:00.933082',NULL,NULL,1,NULL,NULL),(206,'api.tasks.generate_hourly_bed_charges',NULL,'()','{}','I',-1,'2025-06-30 05:09:05.016380',NULL,NULL,1,NULL,NULL),(207,'api.tasks.generate_hourly_bed_charges',NULL,'()','{}','I',-1,'2025-06-30 09:36:33.840965',NULL,NULL,1,NULL,NULL),(208,'api.tasks.generate_hourly_bed_charges',NULL,'()','{}','I',-1,'2025-06-30 09:36:34.942775',NULL,NULL,1,NULL,NULL),(209,'api.tasks.generate_hourly_bed_charges',NULL,'()','{}','I',-1,'2025-07-01 00:07:19.873578',NULL,NULL,1,NULL,NULL),(210,'api.tasks.generate_hourly_bed_charges',NULL,'()','{}','I',-1,'2025-07-01 00:07:21.056516',NULL,NULL,1,NULL,NULL),(211,'api.tasks.generate_hourly_bed_charges',NULL,'()','{}','I',-1,'2025-07-01 02:36:22.161103',NULL,NULL,1,NULL,NULL),(212,'api.tasks.generate_hourly_bed_charges',NULL,'()','{}','I',-1,'2025-07-01 02:36:44.849826',NULL,NULL,1,NULL,NULL),(213,'api.tasks.generate_hourly_bed_charges',NULL,'()','{}','I',-1,'2025-07-01 02:36:51.733026',NULL,NULL,1,NULL,NULL),(214,'api.tasks.generate_hourly_bed_charges',NULL,'()','{}','I',-1,'2025-07-01 02:37:05.145498',NULL,NULL,1,NULL,NULL),(215,'api.tasks.generate_hourly_bed_charges',NULL,'()','{}','I',-1,'2025-07-01 02:37:09.028059',NULL,NULL,1,NULL,NULL),(216,'api.tasks.generate_hourly_bed_charges',NULL,'()','{}','I',-1,'2025-07-01 02:37:14.177230',NULL,NULL,1,NULL,NULL),(217,'api.tasks.generate_hourly_bed_charges',NULL,'()','{}','I',-1,'2025-07-01 02:37:35.852902',NULL,NULL,1,NULL,NULL),(218,'api.tasks.generate_hourly_bed_charges',NULL,'()','{}','I',-1,'2025-07-01 02:37:39.138992',NULL,NULL,1,NULL,NULL),(219,'api.tasks.generate_hourly_bed_charges',NULL,'()','{}','I',-1,'2025-07-01 02:37:42.816549',NULL,NULL,1,NULL,NULL),(220,'api.tasks.generate_hourly_bed_charges',NULL,'()','{}','I',-1,'2025-07-01 02:37:50.887082',NULL,NULL,1,NULL,NULL),(221,'api.tasks.generate_hourly_bed_charges',NULL,'()','{}','I',-1,'2025-07-01 02:41:21.898034',NULL,NULL,1,NULL,NULL),(222,'api.tasks.generate_hourly_bed_charges',NULL,'()','{}','I',-1,'2025-07-01 02:41:27.696270',NULL,NULL,1,NULL,NULL),(223,'api.tasks.generate_hourly_bed_charges',NULL,'()','{}','I',-1,'2025-07-01 02:41:35.951222',NULL,NULL,1,NULL,NULL),(224,'api.tasks.generate_hourly_bed_charges',NULL,'()','{}','I',-1,'2025-07-01 02:53:03.777050',NULL,NULL,1,NULL,NULL),(225,'api.tasks.generate_hourly_bed_charges',NULL,'()','{}','I',-1,'2025-07-01 02:53:04.896558',NULL,NULL,1,NULL,NULL),(226,'api.tasks.generate_hourly_bed_charges',NULL,'()','{}','I',-1,'2025-07-01 02:53:26.784343',NULL,NULL,1,NULL,NULL);
/*!40000 ALTER TABLE `django_q_schedule` ENABLE KEYS */;
UNLOCK TABLES;

--
-- Table structure for table `django_q_task`
--

DROP TABLE IF EXISTS `django_q_task`;
/*!40101 SET @saved_cs_client     = @@character_set_client */;
/*!50503 SET character_set_client = utf8mb4 */;
CREATE TABLE `django_q_task` (
  `name` varchar(100) COLLATE utf8mb4_unicode_ci NOT NULL,
  `func` varchar(256) COLLATE utf8mb4_unicode_ci NOT NULL,
  `hook` varchar(256) COLLATE utf8mb4_unicode_ci DEFAULT NULL,
  `args` longtext COLLATE utf8mb4_unicode_ci,
  `kwargs` longtext COLLATE utf8mb4_unicode_ci,
  `result` longtext COLLATE utf8mb4_unicode_ci,
  `started` datetime(6) NOT NULL,
  `stopped` datetime(6) NOT NULL,
  `success` tinyint(1) NOT NULL,
  `id` varchar(32) COLLATE utf8mb4_unicode_ci NOT NULL,
  `group` varchar(100) COLLATE utf8mb4_unicode_ci DEFAULT NULL,
  `attempt_count` int NOT NULL,
  PRIMARY KEY (`id`)
) ENGINE=InnoDB DEFAULT CHARSET=utf8mb4 COLLATE=utf8mb4_unicode_ci;
/*!40101 SET character_set_client = @saved_cs_client */;

--
-- Dumping data for table `django_q_task`
--

LOCK TABLES `django_q_task` WRITE;
/*!40000 ALTER TABLE `django_q_task` DISABLE KEYS */;
INSERT INTO `django_q_task` VALUES ('music-bakerloo-autumn-crazy','api.tasks.generate_hourly_bed_charges',NULL,'gAUpLg==','gAV9lC4=',NULL,'2025-06-30 04:28:42.856435','2025-06-30 04:28:43.775042',1,'01ad9ea44367497ca90076d1698572b3','95',1),('hot-happy-illinois-hamper','api.tasks.generate_hourly_bed_charges',NULL,'gAUpLg==','gAV9lC4=',NULL,'2025-06-30 04:28:42.672945','2025-06-30 04:28:43.382108',1,'027e4f6d4f4e421a919b076fbf33f024','115',1),('mexico-angel-mexico-jupiter','api.tasks.generate_hourly_bed_charges',NULL,'gAUpLg==','gAV9lC4=',NULL,'2025-06-30 04:28:42.965683','2025-06-30 04:28:43.977922',1,'04c4a6eef0254e9e94fc3bdbaf032cee','177',1),('princess-mike-johnny-chicken','api.tasks.generate_hourly_bed_charges',NULL,'gAUpLg==','gAV9lC4=',NULL,'2025-06-30 04:28:43.059759','2025-06-30 04:28:44.181045',1,'0671fe3ae2584878b6448c159e0f3582','159',1),('mississippi-cat-sodium-purple','api.tasks.generate_hourly_bed_charges',NULL,'gAUpLg==','gAV9lC4=',NULL,'2025-06-30 04:28:12.136014','2025-06-30 04:28:13.217858',1,'07be6a5ead574e9789704672f69e2ef2','119',1),('sierra-eighteen-two-quiet','api.tasks.generate_hourly_bed_charges',NULL,'gAUpLg==','gAV9lC4=',NULL,'2025-06-30 04:28:11.979763','2025-06-30 04:28:12.744524',1,'07cb8e87709c45959643f2c32750ba7a','57',1),('johnny-magnesium-seventeen-romeo','api.tasks.generate_hourly_bed_charges',NULL,'gAUpLg==','gAV9lC4=',NULL,'2025-06-30 04:28:43.021981','2025-06-30 04:28:44.102920',1,'0b7c3925211348fa8e2961050c7003c3','44',1),('saturn-september-venus-fruit','api.tasks.generate_hourly_bed_charges',NULL,'gAUpLg==','gAV9lC4=',NULL,'2025-06-30 04:27:41.420457','2025-06-30 04:27:44.638013',1,'0be8a48709bc443091e7b22fb424ec2d','90',1),('march-low-quiet-winner','api.tasks.generate_hourly_bed_charges',NULL,'gAUpLg==','gAV9lC4=',NULL,'2025-06-30 04:28:42.590192','2025-06-30 04:28:43.208845',1,'0f830d026b4e4813b279c8b4da8f9d3e','128',1),('mockingbird-monkey-florida-finch','api.tasks.generate_hourly_bed_charges',NULL,'gAUpLg==','gAV9lC4=',NULL,'2025-06-30 04:28:42.701718','2025-06-30 04:28:43.443405',1,'0f98454208074ed0a985e482f51ee24c','184',1),('fruit-kentucky-bravo-coffee','api.tasks.generate_hourly_bed_charges',NULL,'gAUpLg==','gAV9lC4=',NULL,'2025-06-30 04:27:41.467363','2025-06-30 04:27:44.827826',1,'0ffbd277439342e2b75bff09139da801','130',1),('magazine-november-pluto-batman','api.tasks.generate_hourly_bed_charges',NULL,'gAUpLg==','gAV9lC4=',NULL,'2025-06-30 04:28:12.136014','2025-06-30 04:28:13.249107',1,'10da5de8d9584f51ad191316b0a55d5a','92',1),('video-idaho-july-ink','api.tasks.generate_hourly_bed_charges',NULL,'gAUpLg==','gAV9lC4=',NULL,'2025-06-30 04:28:12.026639','2025-06-30 04:28:12.874105',1,'13f85653a1e14e6fa24c28abf1dba1ee','161',1),('california-spaghetti-johnny-five','api.tasks.generate_hourly_bed_charges',NULL,'gAUpLg==','gAV9lC4=',NULL,'2025-06-30 04:27:41.482985','2025-06-30 04:27:44.905950',1,'1405949bf1a64bcc8400d6397d9caf09','7',1),('kansas-fourteen-helium-orange','api.tasks.generate_hourly_bed_charges',NULL,'gAUpLg==','gAV9lC4=',NULL,'2025-06-30 04:28:42.965683','2025-06-30 04:28:43.993545',1,'155b86a76e334353a6ab4c1d26b483b4','151',1),('foxtrot-missouri-jersey-lamp','api.tasks.generate_hourly_bed_charges',NULL,'gAUpLg==','gAV9lC4=',NULL,'2025-06-30 04:28:12.104762','2025-06-30 04:28:13.108480',1,'15c58f11000343ceb30cc6107faf05a3','101',1),('mango-earth-mockingbird-zebra','api.tasks.generate_hourly_bed_charges',NULL,'gAUpLg==','gAV9lC4=',NULL,'2025-06-30 04:28:11.870391','2025-06-30 04:28:12.447972',1,'17bf91bbd1534affae10f2dc0bf5cfcf','192',1),('princess-sierra-echo-quiet','api.tasks.generate_hourly_bed_charges',NULL,'gAUpLg==','gAV9lC4=',NULL,'2025-06-30 04:28:42.650680','2025-06-30 04:28:43.333831',1,'18b9d1c3222f4b8394dd41314bc999ac','193',1),('fruit-nevada-five-nitrogen','api.tasks.generate_hourly_bed_charges',NULL,'gAUpLg==','gAV9lC4=',NULL,'2025-06-30 04:28:12.136014','2025-06-30 04:28:13.264728',1,'190a5517fe7b49568a8db1f1e52aa1f3','48',1),('high-blossom-tango-colorado','api.tasks.generate_hourly_bed_charges',NULL,'gAUpLg==','gAV9lC4=',NULL,'2025-06-30 04:28:12.120392','2025-06-30 04:28:13.170979',1,'1998a97502b046e3bfb9d80732efcb3c','60',1),('december-solar-wisconsin-salami','api.tasks.generate_hourly_bed_charges',NULL,'gAUpLg==','gAV9lC4=',NULL,'2025-06-30 04:27:41.420457','2025-06-30 04:27:44.638013',1,'1a0aeece49b9457b9894887c79cf3039','151',1),('oxygen-nuts-carpet-lake','api.tasks.generate_hourly_bed_charges',NULL,'gAUpLg==','gAV9lC4=',NULL,'2025-06-30 04:28:12.167266','2025-06-30 04:28:13.361907',1,'1a53c52641ae410e9fde74179efc2532','82',1),('kansas-shade-timing-maryland','api.tasks.generate_hourly_bed_charges',NULL,'gAUpLg==','gAV9lC4=',NULL,'2025-06-30 04:27:41.500311','2025-06-30 04:27:44.921578',1,'1a907297644b4da69e5daa890a20da75','111',1),('spaghetti-neptune-montana-finch','api.tasks.generate_hourly_bed_charges',NULL,'gAUpLg==','gAV9lC4=',NULL,'2025-06-30 04:28:12.120392','2025-06-30 04:28:13.170979',1,'1b78ff4c43724fe69a5f86d10f571904','8',1),('alanine-berlin-papa-michigan','api.tasks.generate_hourly_bed_charges',NULL,'gAUpLg==','gAV9lC4=',NULL,'2025-06-30 04:28:42.962662','2025-06-30 04:28:43.977922',1,'1cdfb677d66746e3959953f4b49aa601','153',1),('kilo-may-carpet-india','api.tasks.generate_hourly_bed_charges',NULL,'gAUpLg==','gAV9lC4=',NULL,'2025-06-30 04:28:12.026639','2025-06-30 04:28:12.889734',1,'1d09781d47854005b7e75f2d42d1bd4d','110',1),('moon-connecticut-asparagus-seventeen','api.tasks.generate_hourly_bed_charges',NULL,'gAUpLg==','gAV9lC4=',NULL,'2025-06-30 04:28:42.937349','2025-06-30 04:28:43.931040',1,'1d7f1eef10e440989dcc277d0acc9d98','139',1),('nevada-queen-shade-north','api.tasks.generate_hourly_bed_charges',NULL,'gAUpLg==','gAV9lC4=',NULL,'2025-06-30 04:28:11.948513','2025-06-30 04:28:12.635159',1,'1df2fc8903f24007a48f8d62c321e79b','116',1),('xray-item-tango-zebra','api.tasks.generate_hourly_bed_charges',NULL,'gAUpLg==','gAV9lC4=',NULL,'2025-06-30 04:28:43.102431','2025-06-30 04:28:44.274794',1,'1e870b69a3864e039060f6df0481e19a','203',1),('zulu-violet-oranges-nitrogen','api.tasks.generate_hourly_bed_charges',NULL,'gAUpLg==','gAV9lC4=',NULL,'2025-06-30 04:28:11.979763','2025-06-30 04:28:12.771548',1,'1f50e95964c24a03ae56d789cb266f1f','131',1),('winner-summer-oscar-mars','api.tasks.generate_hourly_bed_charges',NULL,'gAUpLg==','gAV9lC4=',NULL,'2025-06-30 04:27:41.436099','2025-06-30 04:27:44.709622',1,'1f9eb2c511c24c49bc2acef0975585c3','19',1),('cat-speaker-tango-timing','api.tasks.generate_hourly_bed_charges',NULL,'gAUpLg==','gAV9lC4=',NULL,'2025-06-30 04:28:12.167266','2025-06-30 04:28:13.328819',1,'204fd29e2af2454c965f5e4e49a49d90','163',1),('pasta-purple-pasta-music','api.tasks.generate_hourly_bed_charges',NULL,'gAUpLg==','gAV9lC4=',NULL,'2025-06-30 04:28:42.620270','2025-06-30 04:28:43.268778',1,'209d6a7aeac743da9f9879d3eed0369e','49',1),('nine-lactose-comet-double','api.tasks.generate_hourly_bed_charges',NULL,'gAUpLg==','gAV9lC4=',NULL,'2025-06-30 04:28:42.983458','2025-06-30 04:28:44.024791',1,'20e1085204d949e0ac69ae400e155f71','39',1),('bakerloo-august-sixteen-high','api.tasks.generate_hourly_bed_charges',NULL,'gAUpLg==','gAV9lC4=',NULL,'2025-06-30 04:28:11.995390','2025-06-30 04:28:12.800671',1,'22227465432b482db535064fb0f38e90','28',1),('leopard-william-asparagus-july','api.tasks.generate_hourly_bed_charges',NULL,'gAUpLg==','gAV9lC4=',NULL,'2025-06-30 04:28:43.106346','2025-06-30 04:28:44.290416',1,'239378b034104d9c96f75b313071173b','204',1),('five-earth-nine-nineteen','api.tasks.generate_hourly_bed_charges',NULL,'gAUpLg==','gAV9lC4=',NULL,'2025-06-30 04:28:43.024950','2025-06-30 04:28:44.118544',1,'23f2f660fb3341beb29471cc2c546286','30',1),('magazine-one-cup-harry','api.tasks.generate_hourly_bed_charges',NULL,'gAUpLg==','gAV9lC4=',NULL,'2025-06-30 04:28:12.026639','2025-06-30 04:28:12.874105',1,'275e5b5df2f945ea8ee3e4a7eb7d4488','170',1),('mars-hamper-tango-cat','api.tasks.generate_hourly_bed_charges',NULL,'gAUpLg==','gAV9lC4=',NULL,'2025-06-30 04:28:42.658255','2025-06-30 04:28:43.352323',1,'28a81b1f8e744def8ddf89021468a9f6','5',1),('uranus-michigan-fillet-two','api.tasks.generate_hourly_bed_charges',NULL,'gAUpLg==','gAV9lC4=',NULL,'2025-06-30 04:28:11.917263','2025-06-30 04:28:12.572651',1,'2950c5542a5e49b4babf97d690b1f83d','4',1),('freddie-fruit-bacon-eight','api.tasks.generate_hourly_bed_charges',NULL,'gAUpLg==','gAV9lC4=',NULL,'2025-06-30 04:28:12.057891','2025-06-30 04:28:12.967855',1,'2c0a472e4c9443ca8d1802874f1b2d42','134',1),('saturn-lemon-purple-delta','api.tasks.generate_hourly_bed_charges',NULL,'gAUpLg==','gAV9lC4=',NULL,'2025-06-30 04:28:42.641907','2025-06-30 04:28:43.316277',1,'2c25b57cc35c46ae8bc9c4328164f82f','78',1),('social-washington-video-beer','api.tasks.generate_hourly_bed_charges',NULL,'gAUpLg==','gAV9lC4=',NULL,'2025-06-30 04:27:41.404846','2025-06-30 04:27:44.544259',1,'2cf84d5504d74062b9343556c80a1ccd','123',1),('beryllium-september-arizona-mobile','api.tasks.generate_hourly_bed_charges',NULL,'gAUpLg==','gAV9lC4=',NULL,'2025-06-30 04:28:43.094488','2025-06-30 04:28:44.259171',1,'2cffd91fb8624d5696a590aba9994ef1','31',1),('blossom-quiet-colorado-finch','api.tasks.generate_hourly_bed_charges',NULL,'gAUpLg==','gAV9lC4=',NULL,'2025-06-30 04:28:42.872893','2025-06-30 04:28:43.821667',1,'2d8718a5ae204871879440790533d6a5','97',1),('uranus-ack-magazine-diet','api.tasks.generate_hourly_bed_charges',NULL,'gAUpLg==','gAV9lC4=',NULL,'2025-06-30 04:28:12.151637','2025-06-30 04:28:13.312570',1,'2e32d521fe24409aaa46d5465e70160b','9',1),('cup-william-robin-skylark','api.tasks.generate_hourly_bed_charges',NULL,'gAUpLg==','gAV9lC4=',NULL,'2025-06-30 04:27:41.436099','2025-06-30 04:27:44.725639',1,'2e8bcc47e2ab4af6b331dae3ef2d424a','124',1),('friend-happy-pluto-ten','api.tasks.generate_hourly_bed_charges',NULL,'gAUpLg==','gAV9lC4=',NULL,'2025-06-30 04:28:42.951559','2025-06-30 04:28:43.962291',1,'2ea86fb976c647aea88a3cafca3ccee2','140',1),('mexico-gee-pasta-seventeen','api.tasks.generate_hourly_bed_charges',NULL,'gAUpLg==','gAV9lC4=',NULL,'2025-06-30 04:27:41.482985','2025-06-30 04:27:44.890326',1,'2f3fef77515444139cadcd518bb18d74','40',1),('nevada-ceiling-mexico-monkey','api.tasks.generate_hourly_bed_charges',NULL,'gAUpLg==','gAV9lC4=',NULL,'2025-06-30 04:28:42.685442','2025-06-30 04:28:43.409861',1,'301c02b4b1014eda8b8a72fb3a28ad2e','132',1),('north-item-neptune-floor','api.tasks.generate_hourly_bed_charges',NULL,'gAUpLg==','gAV9lC4=',NULL,'2025-06-30 04:28:42.823938','2025-06-30 04:28:43.691145',1,'32bc819105ad4a8ab09bc370e9c5e782','188',1),('ack-tennessee-asparagus-blue','api.tasks.generate_hourly_bed_charges',NULL,'gAUpLg==','gAV9lC4=',NULL,'2025-06-30 04:27:41.451737','2025-06-30 04:27:44.738175',1,'3362a0f1d7534817a07c9542d2eefcd8','56',1),('nitrogen-snake-asparagus-happy','api.tasks.generate_hourly_bed_charges',NULL,'gAUpLg==','gAV9lC4=',NULL,'2025-06-30 04:28:43.037057','2025-06-30 04:28:44.134169',1,'34bf3e289988459faf8e7953e21bea4a','199',1),('uncle-mars-fifteen-twelve','api.tasks.generate_hourly_bed_charges',NULL,'gAUpLg==','gAV9lC4=',NULL,'2025-06-30 04:27:41.436099','2025-06-30 04:27:44.701534',1,'3789cb90b49f4ee1834672f464f399ec','99',1),('tango-helium-black-maine','api.tasks.generate_hourly_bed_charges',NULL,'gAUpLg==','gAV9lC4=',NULL,'2025-06-30 04:28:12.042265','2025-06-30 04:28:12.905356',1,'385660d75abb43feae9d86a32a09be1c','181',1),('black-solar-december-johnny','api.tasks.generate_hourly_bed_charges',NULL,'gAUpLg==','gAV9lC4=',NULL,'2025-06-30 04:28:43.063760','2025-06-30 04:28:44.196671',1,'389863d5867747788186ba8dd7023a84','6',1),('nitrogen-bluebird-crazy-spring','api.tasks.generate_hourly_bed_charges',NULL,'gAUpLg==','gAV9lC4=',NULL,'2025-06-30 04:28:11.948513','2025-06-30 04:28:12.650775',1,'38f71446ab734d8cbcedb6caaa50f7df','93',1),('crazy-uniform-crazy-jupiter','api.tasks.generate_hourly_bed_charges',NULL,'gAUpLg==','gAV9lC4=',NULL,'2025-06-30 04:27:41.451737','2025-06-30 04:27:44.796580',1,'3987d447600e4dc48470aa7334f10aa1','30',1),('sixteen-texas-quiet-autumn','api.tasks.generate_hourly_bed_charges',NULL,'gAUpLg==','gAV9lC4=',NULL,'2025-06-30 04:28:42.973571','2025-06-30 04:28:44.009171',1,'39c40733b82c410886e17aaa399fd67e','90',1),('ten-montana-wyoming-violet','api.tasks.generate_hourly_bed_charges',NULL,'gAUpLg==','gAV9lC4=',NULL,'2025-06-30 04:28:42.861095','2025-06-30 04:28:43.797829',1,'3b11f202a2bd40cd8b73a8aa512fc455','135',1),('sierra-friend-sodium-yellow','api.tasks.generate_hourly_bed_charges',NULL,'gAUpLg==','gAV9lC4=',NULL,'2025-06-30 04:28:12.136014','2025-06-30 04:28:13.233484',1,'3ca691ce32cd46e9833cf48658a0c9cc','168',1),('lima-spaghetti-zulu-march','api.tasks.generate_hourly_bed_charges',NULL,'gAUpLg==','gAV9lC4=',NULL,'2025-06-30 04:27:41.467363','2025-06-30 04:27:44.796580',1,'3cadb65e6d5744aebf8d1ad768da5263','167',1),('island-blue-queen-nitrogen','api.tasks.generate_hourly_bed_charges',NULL,'gAUpLg==','gAV9lC4=',NULL,'2025-06-30 04:28:12.151637','2025-06-30 04:28:13.280354',1,'3cb5826c91e746289ea42ca0e43e6423','125',1),('yellow-ack-red-batman','api.tasks.generate_hourly_bed_charges',NULL,'gAUpLg==','gAV9lC4=',NULL,'2025-06-30 04:28:12.089142','2025-06-30 04:28:13.061605',1,'3cfc635e75bd4b83a5760a611b477c32','198',1),('queen-early-kansas-eight','api.tasks.generate_hourly_bed_charges',NULL,'gAUpLg==','gAV9lC4=',NULL,'2025-06-30 04:28:42.744692','2025-06-30 04:28:43.550138',1,'3e4129e01d15477983a7276c4b35c782','18',1),('mobile-orange-nuts-ack','api.tasks.generate_hourly_bed_charges',NULL,'gAUpLg==','gAV9lC4=',NULL,'2025-06-30 04:27:41.451737','2025-06-30 04:27:44.749686',1,'3edc503d899b4bfca9fe17e0f2b74207','26',1),('pasta-pennsylvania-mike-black','api.tasks.generate_hourly_bed_charges',NULL,'gAUpLg==','gAV9lC4=',NULL,'2025-06-30 04:28:42.725295','2025-06-30 04:28:43.504675',1,'3f827e6ea56048238f42b4f39e23872c','63',1),('sierra-snake-kilo-nine','api.tasks.generate_hourly_bed_charges',NULL,'gAUpLg==','gAV9lC4=',NULL,'2025-06-30 04:28:11.917263','2025-06-30 04:28:12.588275',1,'412a40eeb836460383063bcf4d7ef850','160',1),('indigo-london-papa-red','api.tasks.generate_hourly_bed_charges',NULL,'gAUpLg==','gAV9lC4=',NULL,'2025-06-30 04:28:42.764837','2025-06-30 04:28:43.628834',1,'41b435a4fd6247a48a34120700c1bdc4','1',1),('queen-equal-happy-eleven','api.tasks.generate_hourly_bed_charges',NULL,'gAUpLg==','gAV9lC4=',NULL,'2025-06-30 04:28:42.888524','2025-06-30 04:28:43.837292',1,'422003d70fb845b2a3a5a2fd67d924a7','118',1),('snake-winter-monkey-echo','api.tasks.generate_hourly_bed_charges',NULL,'gAUpLg==','gAV9lC4=',NULL,'2025-06-30 04:28:11.886019','2025-06-30 04:28:12.510151',1,'450842c4e12d417a902c6d404e763839','12',1),('spaghetti-one-eighteen-foxtrot','api.tasks.generate_hourly_bed_charges',NULL,'gAUpLg==','gAV9lC4=',NULL,'2025-06-30 04:28:11.870391','2025-06-30 04:28:12.468534',1,'4630b315c0dc46fe841be7442051ae91','74',1),('september-batman-jig-snake','api.tasks.generate_hourly_bed_charges',NULL,'gAUpLg==','gAV9lC4=',NULL,'2025-06-30 04:28:42.870264','2025-06-30 04:28:43.806039',1,'4845498552ae49a7a5a6fb92abf93ea7','169',1),('harry-echo-edward-hotel','api.tasks.generate_hourly_bed_charges',NULL,'gAUpLg==','gAV9lC4=',NULL,'2025-06-30 04:28:11.932887','2025-06-30 04:28:12.619529',1,'48bba108d1fa4456b060ad474264e59c','21',1),('blue-king-seven-october','api.tasks.generate_hourly_bed_charges',NULL,'gAUpLg==','gAV9lC4=',NULL,'2025-06-30 04:28:43.087506','2025-06-30 04:28:44.243544',1,'4995d51147e1489ca897758820e6e88f','202',1),('oranges-wyoming-july-maryland','api.tasks.generate_hourly_bed_charges',NULL,'gAUpLg==','gAV9lC4=',NULL,'2025-06-30 04:28:11.964142','2025-06-30 04:28:12.697652',1,'4af1736e7a6447a3b8d00207bcb371fb','143',1),('louisiana-johnny-don-sierra','api.tasks.generate_hourly_bed_charges',NULL,'gAUpLg==','gAV9lC4=',NULL,'2025-06-30 04:28:42.979710','2025-06-30 04:28:44.009171',1,'4b638fda79cd439caa8e382819a02b57','136',1),('april-hawaii-romeo-indigo','api.tasks.generate_hourly_bed_charges',NULL,'gAUpLg==','gAV9lC4=',NULL,'2025-06-30 04:28:42.629649','2025-06-30 04:28:43.291077',1,'4d1e7125f8b6445199efe12b68d3f926','42',1),('uniform-timing-autumn-fifteen','api.tasks.generate_hourly_bed_charges',NULL,'gAUpLg==','gAV9lC4=',NULL,'2025-06-30 04:28:42.996836','2025-06-30 04:28:44.056045',1,'573576f3a4ae41ab9107db434ecc5f9e','158',1),('summer-venus-washington-ohio','api.tasks.generate_hourly_bed_charges',NULL,'gAUpLg==','gAV9lC4=',NULL,'2025-06-30 04:27:41.404846','2025-06-30 04:27:44.575510',1,'57aaddf609f643579ab104de17f8d69b','98',1),('oranges-enemy-tango-glucose','api.tasks.generate_hourly_bed_charges',NULL,'gAUpLg==','gAV9lC4=',NULL,'2025-06-30 04:28:11.854791','2025-06-30 04:28:12.401097',1,'57bd185403154960b4372f7525d367c5','31',1),('enemy-lamp-august-hot','api.tasks.generate_hourly_bed_charges',NULL,'gAUpLg==','gAV9lC4=',NULL,'2025-06-30 04:28:12.026639','2025-06-30 04:28:12.858480',1,'58b8e639031a4e2191ee6416385e122a','41',1),('washington-nineteen-carpet-xray','api.tasks.generate_hourly_bed_charges',NULL,'gAUpLg==','gAV9lC4=',NULL,'2025-06-30 04:28:42.925302','2025-06-30 04:28:43.899792',1,'5af592cccd2a4d368ac23f55d52ba3a6','166',1),('beer-bulldog-mango-london','api.tasks.generate_hourly_bed_charges',NULL,'gAUpLg==','gAV9lC4=',NULL,'2025-06-30 04:27:41.420457','2025-06-30 04:27:44.606761',1,'5b7cab9fce054595bebc1d9de294f5ff','153',1),('wolfram-pennsylvania-burger-blue','api.tasks.generate_hourly_bed_charges',NULL,'gAUpLg==','gAV9lC4=',NULL,'2025-06-30 04:28:12.011015','2025-06-30 04:28:12.827226',1,'5c615a9eeb8e4982aec72e5b8795b3b9','196',1),('twenty-nine-arizona-mirror','api.tasks.generate_hourly_bed_charges',NULL,'gAUpLg==','gAV9lC4=',NULL,'2025-06-30 04:28:42.897999','2025-06-30 04:28:43.868542',1,'5ce3eab6e1be4f8b8c4d16dffff7d357','197',1),('carpet-colorado-california-chicken','api.tasks.generate_hourly_bed_charges',NULL,'gAUpLg==','gAV9lC4=',NULL,'2025-06-30 04:28:11.979763','2025-06-30 04:28:12.728900',1,'5d10442bffff4963be639e5d484fe5c4','146',1),('fifteen-tennis-jersey-sodium','api.tasks.generate_hourly_bed_charges',NULL,'gAUpLg==','gAV9lC4=',NULL,'2025-06-30 04:27:41.404846','2025-06-30 04:27:44.591141',1,'66061635a6f14ec58dc3a285eaf0ad7a','52',1),('equal-mockingbird-fourteen-september','api.tasks.generate_hourly_bed_charges',NULL,'gAUpLg==','gAV9lC4=',NULL,'2025-06-30 04:28:12.104762','2025-06-30 04:28:13.108480',1,'6be835f603a34a7a927144ea00a9e981','85',1),('nineteen-queen-vermont-sad','api.tasks.generate_hourly_bed_charges',NULL,'gAUpLg==','gAV9lC4=',NULL,'2025-06-30 04:28:43.018121','2025-06-30 04:28:44.102920',1,'6bed514bbe6d4b2eb99009cc2988ddc2','190',1),('sodium-ten-alpha-saturn','api.tasks.generate_hourly_bed_charges',NULL,'gAUpLg==','gAV9lC4=',NULL,'2025-06-30 04:28:11.917263','2025-06-30 04:28:12.557030',1,'6bfaf1adb54e4869b5bbefe5c04ff6b9','3',1),('steak-don-earth-ink','api.tasks.generate_hourly_bed_charges',NULL,'gAUpLg==','gAV9lC4=',NULL,'2025-06-30 04:28:12.042265','2025-06-30 04:28:12.936606',1,'6c9db1949da84544b2a47e5f391a9fd9','171',1),('wisconsin-burger-cold-princess','api.tasks.generate_hourly_bed_charges',NULL,'gAUpLg==','gAV9lC4=',NULL,'2025-06-30 04:28:12.057891','2025-06-30 04:28:12.999105',1,'6e06bd2dfbf3485c80f6124dda2ec483','13',1),('sad-uncle-sad-solar','api.tasks.generate_hourly_bed_charges',NULL,'gAUpLg==','gAV9lC4=',NULL,'2025-06-30 04:27:41.451737','2025-06-30 04:27:44.780953',1,'6e9babe0ae41404aa7c28952db04aabb','44',1),('uniform-xray-zulu-september','api.tasks.generate_hourly_bed_charges',NULL,'gAUpLg==','gAV9lC4=',NULL,'2025-06-30 04:28:11.901653','2025-06-30 04:28:12.525775',1,'6ee3741e186142c0b57088b29940ffe7','201',1),('music-blue-texas-uranus','api.tasks.generate_hourly_bed_charges',NULL,'gAUpLg==','gAV9lC4=',NULL,'2025-06-30 04:27:41.420457','2025-06-30 04:27:44.622392',1,'6fdf725408e843bbad4431055c425aac','177',1),('solar-pennsylvania-four-bravo','api.tasks.generate_hourly_bed_charges',NULL,'gAUpLg==','gAV9lC4=',NULL,'2025-06-30 04:28:12.011015','2025-06-30 04:28:12.842856',1,'701c6cce122a41d7a677b02d4d72d8fd','154',1),('romeo-bulldog-gee-mobile','api.tasks.generate_hourly_bed_charges',NULL,'gAUpLg==','gAV9lC4=',NULL,'2025-06-30 04:28:12.073514','2025-06-30 04:28:13.045980',1,'70d2aab4109a48d9a0a1a4f79891098f','59',1),('video-ohio-equal-iowa','api.tasks.generate_hourly_bed_charges',NULL,'gAUpLg==','gAV9lC4=',NULL,'2025-06-30 04:28:11.870391','2025-06-30 04:28:12.432349',1,'71162aa3d2cf48f7bb46982547834fed','86',1),('sad-early-bacon-oregon','api.tasks.generate_hourly_bed_charges',NULL,'gAUpLg==','gAV9lC4=',NULL,'2025-06-30 04:28:42.756867','2025-06-30 04:28:43.586555',1,'72a16e031e63410ab25335c41c8d2b1d','10',1),('tango-ceiling-oranges-single','api.tasks.generate_hourly_bed_charges',NULL,'gAUpLg==','gAV9lC4=',NULL,'2025-06-30 04:28:42.717321','2025-06-30 04:28:43.479759',1,'740a14b3f4c74255b9bd6ecc0bc4565f','68',1),('hydrogen-september-skylark-ink','api.tasks.generate_hourly_bed_charges',NULL,'gAUpLg==','gAV9lC4=',NULL,'2025-06-30 04:28:42.861095','2025-06-30 04:28:43.789484',1,'759fbd37f4d54aaa8fcb44cadf4f6693','72',1),('skylark-delta-louisiana-jig','api.tasks.generate_hourly_bed_charges',NULL,'gAUpLg==','gAV9lC4=',NULL,'2025-06-30 04:28:11.901653','2025-06-30 04:28:12.525775',1,'76165af0cc084abcac4943dbe91b4dd5','155',1),('oxygen-maine-stairway-freddie','api.tasks.generate_hourly_bed_charges',NULL,'gAUpLg==','gAV9lC4=',NULL,'2025-06-30 04:28:12.042265','2025-06-30 04:28:12.905356',1,'76d2c1cf017542b7812ccab40b561e0c','175',1),('hot-alabama-mango-early','api.tasks.generate_hourly_bed_charges',NULL,'gAUpLg==','gAV9lC4=',NULL,'2025-06-30 04:28:12.167266','2025-06-30 04:28:13.336831',1,'7a5ca9d13dd549a0a326bbbc7bd10d91','179',1),('stream-ack-oxygen-lima','api.tasks.generate_hourly_bed_charges',NULL,'gAUpLg==','gAV9lC4=',NULL,'2025-06-30 04:28:42.851533','2025-06-30 04:28:43.760392',1,'7a9490ab9ae6423e8eb7bb282fda1c90','138',1),('mexico-vegan-eighteen-seven','api.tasks.generate_hourly_bed_charges',NULL,'gAUpLg==','gAV9lC4=',NULL,'2025-06-30 04:28:43.002033','2025-06-30 04:28:44.056045',1,'7b09916b640f49c8a72dc573f233dbd8','124',1),('ink-grey-eight-jig','api.tasks.generate_hourly_bed_charges',NULL,'gAUpLg==','gAV9lC4=',NULL,'2025-06-30 04:28:42.810032','2025-06-30 04:28:43.677258',1,'7b12cec203de46cca982abbb47a9ad29','187',1),('berlin-cardinal-papa-william','api.tasks.generate_hourly_bed_charges',NULL,'gAUpLg==','gAV9lC4=',NULL,'2025-06-30 04:27:41.451737','2025-06-30 04:27:44.749686',1,'7b44755ee6554fdcb45d6f2d0b1739d0','180',1),('jersey-winter-aspen-lamp','api.tasks.generate_hourly_bed_charges',NULL,'gAUpLg==','gAV9lC4=',NULL,'2025-06-30 04:28:11.854791','2025-06-30 04:28:12.401097',1,'7b47eebba28b429c9ee192e18bf7d1db','64',1),('red-snake-golf-london','api.tasks.generate_hourly_bed_charges',NULL,'gAUpLg==','gAV9lC4=',NULL,'2025-06-30 04:28:11.964142','2025-06-30 04:28:12.682026',1,'7c666bc9d1eb40b1b0ee141fd864b171','22',1),('hydrogen-blue-winter-kilo','api.tasks.generate_hourly_bed_charges',NULL,'gAUpLg==','gAV9lC4=',NULL,'2025-06-30 04:28:43.028867','2025-06-30 04:28:44.118544',1,'7e2433094bcc48d7a3cf75ee7eab0eaa','167',1),('carbon-friend-saturn-summer','api.tasks.generate_hourly_bed_charges',NULL,'gAUpLg==','gAV9lC4=',NULL,'2025-06-30 04:28:12.011015','2025-06-30 04:28:12.818903',1,'7eca5cf747ac42f9b7e451c22bbf1c5e','106',1),('video-pizza-delta-march','api.tasks.generate_hourly_bed_charges',NULL,'gAUpLg==','gAV9lC4=',NULL,'2025-06-30 04:28:43.122330','2025-06-30 04:28:44.321668',1,'7f299c24a9274d73b3cbc78deb11a7de','192',1),('fanta-zebra-beer-low','api.tasks.generate_hourly_bed_charges',NULL,'gAUpLg==','gAV9lC4=',NULL,'2025-06-30 04:28:42.626635','2025-06-30 04:28:43.277528',1,'7f30fcf1da7e43199999c8dbc9e5287a','14',1),('delaware-friend-sad-lake','api.tasks.generate_hourly_bed_charges',NULL,'gAUpLg==','gAV9lC4=',NULL,'2025-06-30 04:28:11.932887','2025-06-30 04:28:12.619529',1,'82a3d4c40ec141de9bbbf36ddd2c6ce8','16',1),('uncle-oscar-steak-snake','api.tasks.generate_hourly_bed_charges',NULL,'gAUpLg==','gAV9lC4=',NULL,'2025-06-30 04:28:42.932862','2025-06-30 04:28:43.931040',1,'82b5dd0f929e4befaa3d9ad95b3eca64','123',1),('colorado-tennis-missouri-johnny','api.tasks.generate_hourly_bed_charges',NULL,'gAUpLg==','gAV9lC4=',NULL,'2025-06-30 04:28:11.886019','2025-06-30 04:28:12.494526',1,'831b7bc9040a4f9da61fe2d5d0a0342f','182',1),('mike-xray-carpet-fruit','api.tasks.generate_hourly_bed_charges',NULL,'gAUpLg==','gAV9lC4=',NULL,'2025-06-30 04:28:12.089142','2025-06-30 04:28:13.077230',1,'83b2c17a4b1745e28c17992008c09801','23',1),('ten-hawaii-connecticut-glucose','api.tasks.generate_hourly_bed_charges',NULL,'gAUpLg==','gAV9lC4=',NULL,'2025-06-30 04:28:42.799996','2025-06-30 04:28:43.642621',1,'842ff6871fcc47cf9cfd226f37e00784','137',1),('beryllium-autumn-football-four','api.tasks.generate_hourly_bed_charges',NULL,'gAUpLg==','gAV9lC4=',NULL,'2025-06-30 04:28:12.120392','2025-06-30 04:28:13.186605',1,'85806d7d5740465fbddc0a202c70c8d8','149',1),('asparagus-hydrogen-salami-yankee','api.tasks.generate_hourly_bed_charges',NULL,'gAUpLg==','gAV9lC4=',NULL,'2025-06-30 04:27:41.467363','2025-06-30 04:27:44.812204',1,'86476aa0ae8248049e22707323bdf391','199',1),('spaghetti-earth-ack-mexico','api.tasks.generate_hourly_bed_charges',NULL,'gAUpLg==','gAV9lC4=',NULL,'2025-06-30 04:28:11.917263','2025-06-30 04:28:12.572651',1,'871e551c9d4740ad9296d1d5f298b351','33',1),('london-black-low-colorado','api.tasks.generate_hourly_bed_charges',NULL,'gAUpLg==','gAV9lC4=',NULL,'2025-06-30 04:28:11.948513','2025-06-30 04:28:12.666400',1,'89d4e0c1e47549cea783f2a844af2aeb','178',1),('speaker-kentucky-oregon-neptune','api.tasks.generate_hourly_bed_charges',NULL,'gAUpLg==','gAV9lC4=',NULL,'2025-06-30 04:28:11.870391','2025-06-30 04:28:12.432349',1,'8a96c409e36549bf8f64a1ed45bb7a1c','112',1),('beer-nevada-nineteen-undress','api.tasks.generate_hourly_bed_charges',NULL,'gAUpLg==','gAV9lC4=',NULL,'2025-06-30 04:28:12.167266','2025-06-30 04:28:13.361907',1,'8b6bb94a225640ae9ef327d6f8078d94','25',1),('magnesium-triple-spaghetti-xray','api.tasks.generate_hourly_bed_charges',NULL,'gAUpLg==','gAV9lC4=',NULL,'2025-06-30 04:28:11.870391','2025-06-30 04:28:12.416723',1,'8bab94348eb24f92ab826f96f48bb135','147',1),('cat-cola-seventeen-neptune','api.tasks.generate_hourly_bed_charges',NULL,'gAUpLg==','gAV9lC4=',NULL,'2025-06-30 04:28:42.981675','2025-06-30 04:28:44.024791',1,'8c588f78e3d24e57be3691da7539885c','69',1),('moon-cat-fourteen-fillet','api.tasks.generate_hourly_bed_charges',NULL,'gAUpLg==','gAV9lC4=',NULL,'2025-06-30 04:28:11.995390','2025-06-30 04:28:12.778412',1,'8c70e986966046938394316bc18c575e','65',1),('beryllium-alanine-louisiana-seven','api.tasks.generate_hourly_bed_charges',NULL,'gAUpLg==','gAV9lC4=',NULL,'2025-06-30 04:28:42.990522','2025-06-30 04:28:44.040416',1,'8c9fe1e7932a4ef58a71e365d983dd45','99',1),('speaker-diet-winner-victor','api.tasks.generate_hourly_bed_charges',NULL,'gAUpLg==','gAV9lC4=',NULL,'2025-06-30 04:28:42.738941','2025-06-30 04:28:43.537578',1,'8d95d019c84c48ffb157d3c369362f9d','185',1),('wolfram-ack-oklahoma-mirror','api.tasks.generate_hourly_bed_charges',NULL,'gAUpLg==','gAV9lC4=',NULL,'2025-06-30 04:28:42.761526','2025-06-30 04:28:43.603021',1,'8dfb810effd4446fb8c8e536e2440c26','109',1),('delaware-florida-timing-harry','api.tasks.generate_hourly_bed_charges',NULL,'gAUpLg==','gAV9lC4=',NULL,'2025-06-30 04:27:41.404846','2025-06-30 04:27:44.575510',1,'8f4bd82d0e124e18baad35c25173abd3','108',1),('jupiter-zulu-orange-fourteen','api.tasks.generate_hourly_bed_charges',NULL,'gAUpLg==','gAV9lC4=',NULL,'2025-06-30 04:28:11.932887','2025-06-30 04:28:12.603901',1,'90af54058fed40dda33d043f0401d49c','94',1),('emma-lemon-july-item','api.tasks.generate_hourly_bed_charges',NULL,'gAUpLg==','gAV9lC4=',NULL,'2025-06-30 04:28:42.872893','2025-06-30 04:28:43.821667',1,'931f64d6c5a04153a2a8b6d1c3ae3633','122',1),('winner-east-three-steak','api.tasks.generate_hourly_bed_charges',NULL,'gAUpLg==','gAV9lC4=',NULL,'2025-06-30 04:28:12.089142','2025-06-30 04:28:13.077230',1,'9655a69348574364a956b191364bc26b','87',1),('beer-carpet-blossom-chicken','api.tasks.generate_hourly_bed_charges',NULL,'gAUpLg==','gAV9lC4=',NULL,'2025-06-30 04:28:42.596032','2025-06-30 04:28:43.216878',1,'9937b60bd75e48e3a9a5150ec07d30ab','129',1),('michigan-minnesota-colorado-snake','api.tasks.generate_hourly_bed_charges',NULL,'gAUpLg==','gAV9lC4=',NULL,'2025-06-30 04:28:42.719735','2025-06-30 04:28:43.492186',1,'998454c05297420c9c1806a89472c1ec','55',1),('sweet-colorado-happy-zebra','api.tasks.generate_hourly_bed_charges',NULL,'gAUpLg==','gAV9lC4=',NULL,'2025-06-30 04:28:12.167266','2025-06-30 04:28:13.352830',1,'99944892791a4108b1ebd9da2e8cf9a5','126',1),('mississippi-six-hydrogen-purple','api.tasks.generate_hourly_bed_charges',NULL,'gAUpLg==','gAV9lC4=',NULL,'2025-06-30 04:28:12.073514','2025-06-30 04:28:13.030354',1,'9a481946c6074b428270ca580cba989a','189',1),('gee-eight-shade-zebra','api.tasks.generate_hourly_bed_charges',NULL,'gAUpLg==','gAV9lC4=',NULL,'2025-06-30 04:28:43.076542','2025-06-30 04:28:44.227915',1,'9b7515a955984dbbafc9f052af4f8997','7',1),('oscar-bakerloo-network-beer','api.tasks.generate_hourly_bed_charges',NULL,'gAUpLg==','gAV9lC4=',NULL,'2025-06-30 04:28:12.073514','2025-06-30 04:28:13.014730',1,'9bd8e60d663b430fac2b07192444f281','76',1),('oscar-river-virginia-social','api.tasks.generate_hourly_bed_charges',NULL,'gAUpLg==','gAV9lC4=',NULL,'2025-06-30 04:28:43.004157','2025-06-30 04:28:44.071667',1,'9c9745e6571345b89e9c9e6c5168f90c','56',1),('magazine-grey-alaska-alanine','api.tasks.generate_hourly_bed_charges',NULL,'gAUpLg==','gAV9lC4=',NULL,'2025-06-30 04:28:42.808918','2025-06-30 04:28:43.649550',1,'9cf34a5a57064147af4728c3ebde6354','15',1),('lamp-fish-stairway-neptune','api.tasks.generate_hourly_bed_charges',NULL,'gAUpLg==','gAV9lC4=',NULL,'2025-06-30 04:28:11.917263','2025-06-30 04:28:12.588275',1,'a0af6f16129c418981468b9fb48713b8','27',1),('dakota-berlin-india-music','api.tasks.generate_hourly_bed_charges',NULL,'gAUpLg==','gAV9lC4=',NULL,'2025-06-30 04:28:42.636543','2025-06-30 04:28:43.301777',1,'a2031997cfea4c7db01d5799ffc550fc','67',1),('social-cup-potato-triple','api.tasks.generate_hourly_bed_charges',NULL,'gAUpLg==','gAV9lC4=',NULL,'2025-06-30 04:28:43.063760','2025-06-30 04:28:44.196671',1,'a282b35ff5f74468bd1791891d8c6010','103',1),('florida-nitrogen-mountain-papa','api.tasks.generate_hourly_bed_charges',NULL,'gAUpLg==','gAV9lC4=',NULL,'2025-06-30 04:28:42.930117','2025-06-30 04:28:43.915421',1,'a2aadc9e04f94e2eb7fcb16ef4fe54f5','29',1),('cardinal-kitten-indigo-vermont','api.tasks.generate_hourly_bed_charges',NULL,'gAUpLg==','gAV9lC4=',NULL,'2025-06-30 04:28:12.104762','2025-06-30 04:28:13.139729',1,'a2f8aad038a746aab3ff0c24ddfed11e','173',1),('emma-robin-pasta-steak','api.tasks.generate_hourly_bed_charges',NULL,'gAUpLg==','gAV9lC4=',NULL,'2025-06-30 04:27:41.432590','2025-06-30 04:27:44.653637',1,'a35d6dad10b64855b008c7d238154cb5','136',1),('alanine-xray-august-item','api.tasks.generate_hourly_bed_charges',NULL,'gAUpLg==','gAV9lC4=',NULL,'2025-06-30 04:28:42.706028','2025-06-30 04:28:43.468925',1,'a41a6ad629a74f3a9e18a9228635ab70','121',1),('lake-mango-potato-wyoming','api.tasks.generate_hourly_bed_charges',NULL,'gAUpLg==','gAV9lC4=',NULL,'2025-06-30 04:27:41.436099','2025-06-30 04:27:44.717639',1,'a47d71dd87444a0bbc62600c600921b2','158',1),('green-oven-football-missouri','api.tasks.generate_hourly_bed_charges',NULL,'gAUpLg==','gAV9lC4=',NULL,'2025-06-30 04:28:12.057891','2025-06-30 04:28:12.967855',1,'a55f3599938346ff92e28ab159b9e886','113',1),('arkansas-michigan-shade-princess','api.tasks.generate_hourly_bed_charges',NULL,'gAUpLg==','gAV9lC4=',NULL,'2025-06-30 04:28:42.658255','2025-06-30 04:28:43.360425',1,'a59e3e0c42664ee3a2d5a3105f5a9d2b','36',1),('nine-march-indigo-oscar','api.tasks.generate_hourly_bed_charges',NULL,'gAUpLg==','gAV9lC4=',NULL,'2025-06-30 04:28:12.151637','2025-06-30 04:28:13.264728',1,'a5e3bb6641c44c4aaa0f4584e332bdc4','35',1),('blue-colorado-oxygen-utah','api.tasks.generate_hourly_bed_charges',NULL,'gAUpLg==','gAV9lC4=',NULL,'2025-06-30 04:28:42.752039','2025-06-30 04:28:43.575658',1,'a745bd47fd014c9a88bb1d84529a1a3b','62',1),('fourteen-white-muppet-johnny','api.tasks.generate_hourly_bed_charges',NULL,'gAUpLg==','gAV9lC4=',NULL,'2025-06-30 04:28:12.136014','2025-06-30 04:28:13.233484',1,'a838568b768d414e8c00d3ca0b50f6c6','191',1),('kitten-chicken-hydrogen-angel','api.tasks.generate_hourly_bed_charges',NULL,'gAUpLg==','gAV9lC4=',NULL,'2025-06-30 04:28:12.151637','2025-06-30 04:28:13.304165',1,'a9c27e66995a41a486a3e2a7ea40ca65','24',1),('potato-double-red-sad','api.tasks.generate_hourly_bed_charges',NULL,'gAUpLg==','gAV9lC4=',NULL,'2025-06-30 04:27:41.482985','2025-06-30 04:27:44.859076',1,'abc34f951a334d51851a705771b8dcab','159',1),('yellow-sodium-ceiling-april','api.tasks.generate_hourly_bed_charges',NULL,'gAUpLg==','gAV9lC4=',NULL,'2025-06-30 04:28:42.993147','2025-06-30 04:28:44.040416',1,'afd46aec1182411fafe08be0a5053a9d','19',1),('utah-florida-connecticut-red','api.tasks.generate_hourly_bed_charges',NULL,'gAUpLg==','gAV9lC4=',NULL,'2025-06-30 04:27:41.500311','2025-06-30 04:27:44.921578',1,'b1783e1ed96743b79dd721470dbcb8b1','152',1),('salami-kilo-shade-orange','api.tasks.generate_hourly_bed_charges',NULL,'gAUpLg==','gAV9lC4=',NULL,'2025-06-30 04:27:41.420457','2025-06-30 04:27:44.591141',1,'b26083eecf91416e970082d1d567b4a3','140',1),('berlin-ceiling-colorado-burger','api.tasks.generate_hourly_bed_charges',NULL,'gAUpLg==','gAV9lC4=',NULL,'2025-06-30 04:28:12.136014','2025-06-30 04:28:13.217858',1,'b45ea25cae0b4acb8bbb8e9432aaa420','150',1),('king-purple-maryland-red','api.tasks.generate_hourly_bed_charges',NULL,'gAUpLg==','gAV9lC4=',NULL,'2025-06-30 04:28:11.901653','2025-06-30 04:28:12.557030',1,'b5281ff06be04a75b2657527f8a29674','183',1),('avocado-zulu-potato-enemy','api.tasks.generate_hourly_bed_charges',NULL,'gAUpLg==','gAV9lC4=',NULL,'2025-06-30 04:28:42.912939','2025-06-30 04:28:43.884173',1,'b65e27c0e48b4fdfb18f1d91a5cd6b3c','145',1),('quiet-nuts-delta-romeo','api.tasks.generate_hourly_bed_charges',NULL,'gAUpLg==','gAV9lC4=',NULL,'2025-06-30 04:27:41.482985','2025-06-30 04:27:44.859076',1,'b67983fb20494b828fb7878d882f2b30','100',1),('lion-alaska-alpha-utah','api.tasks.generate_hourly_bed_charges',NULL,'gAUpLg==','gAV9lC4=',NULL,'2025-06-30 04:28:43.013158','2025-06-30 04:28:44.087294',1,'b7b6166de25e46f9a0e6c183698a9298','26',1),('gee-seven-one-arizona','api.tasks.generate_hourly_bed_charges',NULL,'gAUpLg==','gAV9lC4=',NULL,'2025-06-30 04:27:41.482985','2025-06-30 04:27:44.890326',1,'b87fb7221f7240efb061fa8fd11e3ff8','103',1),('three-glucose-april-equal','api.tasks.generate_hourly_bed_charges',NULL,'gAUpLg==','gAV9lC4=',NULL,'2025-06-30 04:28:43.112190','2025-06-30 04:28:44.290416',1,'b9e5ea692ca2479dbf811b22ceadaf8c','147',1),('august-spaghetti-moon-juliet','api.tasks.generate_hourly_bed_charges',NULL,'gAUpLg==','gAV9lC4=',NULL,'2025-06-30 04:28:11.964142','2025-06-30 04:28:12.697652',1,'ba791fd117994917a0ef2ff38d26d215','148',1),('floor-foxtrot-minnesota-missouri','api.tasks.generate_hourly_bed_charges',NULL,'gAUpLg==','gAV9lC4=',NULL,'2025-06-30 04:28:43.050905','2025-06-30 04:28:44.165418',1,'badd210f1f124f0ca0573e425d20788b','53',1),('summer-kitten-iowa-missouri','api.tasks.generate_hourly_bed_charges',NULL,'gAUpLg==','gAV9lC4=',NULL,'2025-06-30 04:28:12.104762','2025-06-30 04:28:13.139729',1,'bae9d85db52b4ba696fa474d10bdb794','107',1),('cardinal-cat-idaho-steak','api.tasks.generate_hourly_bed_charges',NULL,'gAUpLg==','gAV9lC4=',NULL,'2025-06-30 04:28:12.089142','2025-06-30 04:28:13.092855',1,'bb683bc860504f5c9a714cc608fb0225','47',1),('quiet-social-ack-august','api.tasks.generate_hourly_bed_charges',NULL,'gAUpLg==','gAV9lC4=',NULL,'2025-06-30 04:27:41.482985','2025-06-30 04:27:44.874705',1,'bc1a746503d345598dbf083a7d1298fa','6',1),('aspen-table-burger-enemy','api.tasks.generate_hourly_bed_charges',NULL,'gAUpLg==','gAV9lC4=',NULL,'2025-06-30 04:28:42.810032','2025-06-30 04:28:43.664419',1,'bcfca6eaf9f34193b6fd396e8b13e047','186',1),('vermont-july-illinois-rugby','api.tasks.generate_hourly_bed_charges',NULL,'gAUpLg==','gAV9lC4=',NULL,'2025-06-30 04:28:11.948513','2025-06-30 04:28:12.666400',1,'bdd8870edcbf414f99d77d5173a80264','17',1),('solar-william-september-leopard','api.tasks.generate_hourly_bed_charges',NULL,'gAUpLg==','gAV9lC4=',NULL,'2025-06-30 04:28:43.045969','2025-06-30 04:28:44.165418',1,'c2d3934c3a454cc691df25aa0114f39e','43',1),('asparagus-utah-pip-music','api.tasks.generate_hourly_bed_charges',NULL,'gAUpLg==','gAV9lC4=',NULL,'2025-06-30 04:27:41.467363','2025-06-30 04:27:44.843450',1,'c34b21a2d0ab47d585314e5538e82462','53',1),('six-arizona-stairway-jupiter','api.tasks.generate_hourly_bed_charges',NULL,'gAUpLg==','gAV9lC4=',NULL,'2025-06-30 04:28:11.995390','2025-06-30 04:28:12.810903',1,'c3e73fd317e341bdb73f702bfa402efa','73',1),('sierra-seventeen-nitrogen-pasta','api.tasks.generate_hourly_bed_charges',NULL,'gAUpLg==','gAV9lC4=',NULL,'2025-06-30 04:28:43.084944','2025-06-30 04:28:44.243544',1,'c56860085f6b41b6a3e23ae6c5b69d43','111',1),('west-charlie-lake-spring','api.tasks.generate_hourly_bed_charges',NULL,'gAUpLg==','gAV9lC4=',NULL,'2025-06-30 04:28:11.964142','2025-06-30 04:28:12.713276',1,'c58314a0ef7c49ff8abcd291e3d1b959','194',1),('papa-football-kilo-oxygen','api.tasks.generate_hourly_bed_charges',NULL,'gAUpLg==','gAV9lC4=',NULL,'2025-06-30 04:28:42.888524','2025-06-30 04:28:43.852919',1,'c584ea0055b943e4bde0220e493565b3','157',1),('saturn-sweet-summer-fish','api.tasks.generate_hourly_bed_charges',NULL,'gAUpLg==','gAV9lC4=',NULL,'2025-06-30 04:28:12.167266','2025-06-30 04:28:13.376923',1,'c6761c6c9d0f4a0fbe62d8d268771c45','156',1),('hot-red-ink-ack','api.tasks.generate_hourly_bed_charges',NULL,'gAUpLg==','gAV9lC4=',NULL,'2025-06-30 04:28:42.648410','2025-06-30 04:28:43.326859',1,'c6ec82f676694aeda99d3b6a46046426','141',1),('bacon-indigo-sink-gee','api.tasks.generate_hourly_bed_charges',NULL,'gAUpLg==','gAV9lC4=',NULL,'2025-06-30 04:28:42.919222','2025-06-30 04:28:43.899792',1,'c72ebc45865042f0a882ac411378360f','51',1),('three-ohio-crazy-charlie','api.tasks.generate_hourly_bed_charges',NULL,'gAUpLg==','gAV9lC4=',NULL,'2025-06-30 04:27:41.404846','2025-06-30 04:27:44.559884',1,'c7ca5183490645a89bf37633037ae5b9','139',1),('sierra-wyoming-ceiling-asparagus','api.tasks.generate_hourly_bed_charges',NULL,'gAUpLg==','gAV9lC4=',NULL,'2025-06-30 04:28:43.072653','2025-06-30 04:28:44.212296',1,'c82f99bb52334cd7936028ffc2955e02','40',1),('ack-india-grey-blue','api.tasks.generate_hourly_bed_charges',NULL,'gAUpLg==','gAV9lC4=',NULL,'2025-06-30 04:28:12.120392','2025-06-30 04:28:13.202229',1,'c8f2d0ead44247b288920f421a856fe8','61',1),('comet-high-bulldog-delta','api.tasks.generate_hourly_bed_charges',NULL,'gAUpLg==','gAV9lC4=',NULL,'2025-06-30 04:28:12.151637','2025-06-30 04:28:13.320610',1,'c9fbd6cfb19c4737b3d35e25dca24c00','81',1),('green-mockingbird-white-september','api.tasks.generate_hourly_bed_charges',NULL,'gAUpLg==','gAV9lC4=',NULL,'2025-06-30 04:27:41.467363','2025-06-30 04:27:44.812204',1,'ca7345aaa7cd40babaf2a519abba3cec','91',1),('princess-network-xray-moon','api.tasks.generate_hourly_bed_charges',NULL,'gAUpLg==','gAV9lC4=',NULL,'2025-06-30 04:28:11.886019','2025-06-30 04:28:12.478888',1,'ca7fdcda650348b7998e628ea559610e','54',1),('east-idaho-bulldog-comet','api.tasks.generate_hourly_bed_charges',NULL,'gAUpLg==','gAV9lC4=',NULL,'2025-06-30 04:27:41.467363','2025-06-30 04:27:44.843450',1,'cad8341e5c254f5783718a638a0c4fe2','43',1),('jupiter-oranges-mango-four','api.tasks.generate_hourly_bed_charges',NULL,'gAUpLg==','gAV9lC4=',NULL,'2025-06-30 04:28:42.658255','2025-06-30 04:28:43.367709',1,'caedcc85045444b2a0f8b56f5c963bbd','142',1),('venus-lemon-hot-helium','api.tasks.generate_hourly_bed_charges',NULL,'gAUpLg==','gAV9lC4=',NULL,'2025-06-30 04:28:43.115122','2025-06-30 04:28:44.306046',1,'cb362f399d1946b580abb3c6eae8257b','112',1),('burger-river-fix-two','api.tasks.generate_hourly_bed_charges',NULL,'gAUpLg==','gAV9lC4=',NULL,'2025-06-30 04:28:12.042265','2025-06-30 04:28:12.936606',1,'cb5052d5ba914bd9ac8f147ff0c6489a','176',1),('pizza-jig-colorado-bravo','api.tasks.generate_hourly_bed_charges',NULL,'gAUpLg==','gAV9lC4=',NULL,'2025-06-30 04:27:41.451737','2025-06-30 04:27:44.765326',1,'cc58cde941f248918ce2db9f480ba8f1','190',1),('kilo-lake-batman-steak','api.tasks.generate_hourly_bed_charges',NULL,'gAUpLg==','gAV9lC4=',NULL,'2025-06-30 04:28:12.073514','2025-06-30 04:28:12.999105',1,'d11b2992974f47ea80f4187e1a17d009','80',1),('echo-washington-foxtrot-william','api.tasks.generate_hourly_bed_charges',NULL,'gAUpLg==','gAV9lC4=',NULL,'2025-06-30 04:28:42.909400','2025-06-30 04:28:43.884173',1,'d2d6231e7f9b46538b4e3db6b3235e3b','38',1),('potato-dakota-johnny-beryllium','api.tasks.generate_hourly_bed_charges',NULL,'gAUpLg==','gAV9lC4=',NULL,'2025-06-30 04:28:12.011015','2025-06-30 04:28:12.827226',1,'d2fe28b624654e20a9cfc6cb20d15db9','71',1),('eighteen-bulldog-connecticut-paris','api.tasks.generate_hourly_bed_charges',NULL,'gAUpLg==','gAV9lC4=',NULL,'2025-06-30 04:28:12.042265','2025-06-30 04:28:12.920981',1,'d426e628b3ac4440b2fa751153c5506a','114',1),('yankee-zebra-november-jersey','api.tasks.generate_hourly_bed_charges',NULL,'gAUpLg==','gAV9lC4=',NULL,'2025-06-30 04:28:11.932887','2025-06-30 04:28:12.635159',1,'d53ce0f5646045bf9518acbe250b5512','104',1),('salami-mockingbird-double-uranus','api.tasks.generate_hourly_bed_charges',NULL,'gAUpLg==','gAV9lC4=',NULL,'2025-06-30 04:28:42.847168','2025-06-30 04:28:43.753646',1,'d5502d1731d04d3cb2fa1469f6ca8256','11',1),('minnesota-cold-twelve-steak','api.tasks.generate_hourly_bed_charges',NULL,'gAUpLg==','gAV9lC4=',NULL,'2025-06-30 04:28:43.052840','2025-06-30 04:28:44.181045',1,'d5e7b108e1f7437cad555c4640c27422','100',1),('bravo-wisconsin-sixteen-video','api.tasks.generate_hourly_bed_charges',NULL,'gAUpLg==','gAV9lC4=',NULL,'2025-06-30 04:28:42.900260','2025-06-30 04:28:43.868542',1,'d5ecbb98c2c549b69b877da82cdbcfd6','133',1),('cold-nitrogen-black-single','api.tasks.generate_hourly_bed_charges',NULL,'gAUpLg==','gAV9lC4=',NULL,'2025-06-30 04:28:42.696206','2025-06-30 04:28:43.430395',1,'d7b8b0f6e3184f29b93958ce3030ae68','50',1),('oven-berlin-saturn-pennsylvania','api.tasks.generate_hourly_bed_charges',NULL,'gAUpLg==','gAV9lC4=',NULL,'2025-06-30 04:28:12.089142','2025-06-30 04:28:13.061605',1,'d7f20d8150124e189e2dc9baba4bc39c','66',1),('march-colorado-march-juliet','api.tasks.generate_hourly_bed_charges',NULL,'gAUpLg==','gAV9lC4=',NULL,'2025-06-30 04:28:42.729507','2025-06-30 04:28:43.514321',1,'d96da196c57848df96083d20779c78ff','117',1),('cardinal-six-spring-oxygen','api.tasks.generate_hourly_bed_charges',NULL,'gAUpLg==','gAV9lC4=',NULL,'2025-06-30 04:28:43.076542','2025-06-30 04:28:44.227915',1,'d9d61738115f4bcd9029600bdef6d250','152',1),('illinois-chicken-whiskey-iowa','api.tasks.generate_hourly_bed_charges',NULL,'gAUpLg==','gAV9lC4=',NULL,'2025-06-30 04:28:42.943930','2025-06-30 04:28:43.946668',1,'dbdabad99e0649f7a7b97a97adf15862','108',1),('hawaii-mango-shade-table','api.tasks.generate_hourly_bed_charges',NULL,'gAUpLg==','gAV9lC4=',NULL,'2025-06-30 04:28:43.129228','2025-06-30 04:28:44.337293',1,'dbeeb1dfed5d4476829135e20592e4ab','74',1),('coffee-maine-neptune-leopard','api.tasks.generate_hourly_bed_charges',NULL,'gAUpLg==','gAV9lC4=',NULL,'2025-06-30 04:28:11.886019','2025-06-30 04:28:12.478888',1,'dc5dd0764f9f48199a8e7bf7c5b5cac2','45',1),('lake-crazy-saturn-enemy','api.tasks.generate_hourly_bed_charges',NULL,'gAUpLg==','gAV9lC4=',NULL,'2025-06-30 04:28:12.104762','2025-06-30 04:28:13.155354',1,'dd2fce49379148c3a31a0e77e3f8a084','34',1),('table-enemy-montana-mobile','api.tasks.generate_hourly_bed_charges',NULL,'gAUpLg==','gAV9lC4=',NULL,'2025-06-30 04:28:42.947213','2025-06-30 04:28:43.946668',1,'de9e44dc9b0c48e08bfbc022dd96a96d','98',1),('quiet-mississippi-pluto-colorado','api.tasks.generate_hourly_bed_charges',NULL,'gAUpLg==','gAV9lC4=',NULL,'2025-06-30 04:28:12.057891','2025-06-30 04:28:12.952232',1,'df5681bf74dc45609d612b66944758a1','172',1),('moon-kilo-winter-foxtrot','api.tasks.generate_hourly_bed_charges',NULL,'gAUpLg==','gAV9lC4=',NULL,'2025-06-30 04:28:43.119610','2025-06-30 04:28:44.306046',1,'e1199df64b6c4b1da4faa20b0cdb39a0','86',1),('jig-quebec-indigo-juliet','api.tasks.generate_hourly_bed_charges',NULL,'gAUpLg==','gAV9lC4=',NULL,'2025-06-30 04:28:42.609425','2025-06-30 04:28:43.242875',1,'e1721be2d425480c84fe554b0ff1089a','120',1),('pennsylvania-kansas-angel-foxtrot','api.tasks.generate_hourly_bed_charges',NULL,'gAUpLg==','gAV9lC4=',NULL,'2025-06-30 04:28:43.009705','2025-06-30 04:28:44.087294',1,'e19384581aa54b9b900158cc4717fce2','180',1),('sink-aspen-salami-alabama','api.tasks.generate_hourly_bed_charges',NULL,'gAUpLg==','gAV9lC4=',NULL,'2025-06-30 04:28:42.827639','2025-06-30 04:28:43.698177',1,'e238e2fffb1140a6977ae8bab4709257','102',1),('bulldog-wyoming-early-lion','api.tasks.generate_hourly_bed_charges',NULL,'gAUpLg==','gAV9lC4=',NULL,'2025-06-30 04:27:41.404846','2025-06-30 04:27:44.544259',1,'e37454d899ec48c781b5bbb9ba742692','29',1),('ohio-delaware-avocado-kansas','api.tasks.generate_hourly_bed_charges',NULL,'gAUpLg==','gAV9lC4=',NULL,'2025-06-30 04:27:41.389216','2025-06-30 04:27:44.528635',1,'e42ce48e625143418e8ce5e84f55b3c6','51',1),('white-robert-artist-river','api.tasks.generate_hourly_bed_charges',NULL,'gAUpLg==','gAV9lC4=',NULL,'2025-06-30 04:28:43.032017','2025-06-30 04:28:44.134169',1,'e4d49e5a67424ed1ba1608aece1a83ee','91',1),('pip-carolina-angel-summer','api.tasks.generate_hourly_bed_charges',NULL,'gAUpLg==','gAV9lC4=',NULL,'2025-06-30 04:28:42.951559','2025-06-30 04:28:43.962291',1,'e5ff6fdafe8a4e1b811ea933b3618084','52',1),('low-delaware-idaho-bluebird','api.tasks.generate_hourly_bed_charges',NULL,'gAUpLg==','gAV9lC4=',NULL,'2025-06-30 04:28:11.964142','2025-06-30 04:28:12.728900',1,'e66d956020704322a7835015ba2e3bb6','70',1),('leopard-mountain-alpha-nuts','api.tasks.generate_hourly_bed_charges',NULL,'gAUpLg==','gAV9lC4=',NULL,'2025-06-30 04:28:43.094488','2025-06-30 04:28:44.274794',1,'e67384691d2b47e582a88ea05fd01d32','64',1),('muppet-ink-aspen-monkey','api.tasks.generate_hourly_bed_charges',NULL,'gAUpLg==','gAV9lC4=',NULL,'2025-06-30 04:28:42.603151','2025-06-30 04:28:43.229056',1,'e6d2ec4d821c42b9b5ac8c99dbdcd84e','83',1),('tennis-mike-bakerloo-artist','api.tasks.generate_hourly_bed_charges',NULL,'gAUpLg==','gAV9lC4=',NULL,'2025-06-30 04:28:12.073514','2025-06-30 04:28:13.030354',1,'e71c90b7aa0a4e64a4880d30a700f65b','162',1),('hot-mississippi-september-colorado','api.tasks.generate_hourly_bed_charges',NULL,'gAUpLg==','gAV9lC4=',NULL,'2025-06-30 04:28:11.995390','2025-06-30 04:28:12.778412',1,'e7b99b9b128f47579570dbff7cf2eb4f','58',1),('social-king-black-johnny','api.tasks.generate_hourly_bed_charges',NULL,'gAUpLg==','gAV9lC4=',NULL,'2025-06-30 04:28:42.733743','2025-06-30 04:28:43.526858',1,'e85c6b13317a4a738ae3493605d16fd0','195',1),('pluto-sierra-timing-two','api.tasks.generate_hourly_bed_charges',NULL,'gAUpLg==','gAV9lC4=',NULL,'2025-06-30 04:28:11.979763','2025-06-30 04:28:12.744524',1,'e8c05ac33dfa4745aeda01951d23e832','105',1),('wisconsin-pluto-summer-alabama','api.tasks.generate_hourly_bed_charges',NULL,'gAUpLg==','gAV9lC4=',NULL,'2025-06-30 04:28:43.041069','2025-06-30 04:28:44.149793',1,'e8ef8d72e3a349b8a75f537d443c077e','130',1),('washington-crazy-wolfram-oven','api.tasks.generate_hourly_bed_charges',NULL,'gAUpLg==','gAV9lC4=',NULL,'2025-06-30 04:28:42.704247','2025-06-30 04:28:43.453025',1,'e9acbc087a974f8f8afa52dbb6c9a076','88',1),('eighteen-twelve-berlin-kentucky','api.tasks.generate_hourly_bed_charges',NULL,'gAUpLg==','gAV9lC4=',NULL,'2025-06-30 04:27:41.436099','2025-06-30 04:27:44.685719',1,'ead64848653f4bf387790fe5bb66329f','39',1),('quebec-island-alabama-colorado','api.tasks.generate_hourly_bed_charges',NULL,'gAUpLg==','gAV9lC4=',NULL,'2025-06-30 04:28:12.120392','2025-06-30 04:28:13.186605',1,'eeb332dac26d4f8797d97936aa409454','174',1),('earth-oxygen-east-nevada','api.tasks.generate_hourly_bed_charges',NULL,'gAUpLg==','gAV9lC4=',NULL,'2025-06-30 04:28:12.057891','2025-06-30 04:28:12.983484',1,'eee6ebd4734542de998f002e82883faf','46',1),('iowa-beer-foxtrot-five','api.tasks.generate_hourly_bed_charges',NULL,'gAUpLg==','gAV9lC4=',NULL,'2025-06-30 04:28:42.613959','2025-06-30 04:28:43.257030',1,'ef2cdc79a5ed451e9d1ca966679c52ee','144',1),('maryland-charlie-sweet-yellow','api.tasks.generate_hourly_bed_charges',NULL,'gAUpLg==','gAV9lC4=',NULL,'2025-06-30 04:28:42.827639','2025-06-30 04:28:43.712970',1,'ef85826daaab4a6e83f48e2ed15891e5','37',1),('carolina-venus-washington-alpha','api.tasks.generate_hourly_bed_charges',NULL,'gAUpLg==','gAV9lC4=',NULL,'2025-06-30 04:28:12.151637','2025-06-30 04:28:13.295985',1,'f2a22e5f714447998f349ad007416220','200',1),('venus-early-don-green','api.tasks.generate_hourly_bed_charges',NULL,'gAUpLg==','gAV9lC4=',NULL,'2025-06-30 04:28:12.011015','2025-06-30 04:28:12.842856',1,'f2ae8d3abc7541bea5e8621b8754e663','75',1),('fourteen-sodium-undress-mango','api.tasks.generate_hourly_bed_charges',NULL,'gAUpLg==','gAV9lC4=',NULL,'2025-06-30 04:28:42.884032','2025-06-30 04:28:43.837292',1,'f36ad5017a1442e1ba5d9190c88e2de9','89',1),('freddie-leopard-delta-eleven','api.tasks.generate_hourly_bed_charges',NULL,'gAUpLg==','gAV9lC4=',NULL,'2025-06-30 04:27:41.436099','2025-06-30 04:27:44.671765',1,'f444ff00457a4e09aa26fd43d5cd280d','69',1),('wisconsin-iowa-skylark-bacon','api.tasks.generate_hourly_bed_charges',NULL,'gAUpLg==','gAV9lC4=',NULL,'2025-06-30 04:28:42.835649','2025-06-30 04:28:43.725525',1,'f48374fb79c04f909e523335a4de0862','165',1),('lithium-vegan-yellow-april','api.tasks.generate_hourly_bed_charges',NULL,'gAUpLg==','gAV9lC4=',NULL,'2025-06-30 04:28:11.901653','2025-06-30 04:28:12.541404',1,'f57dd122b9634979906a141333547717','32',1),('fifteen-twenty-minnesota-three','api.tasks.generate_hourly_bed_charges',NULL,'gAUpLg==','gAV9lC4=',NULL,'2025-06-30 04:28:42.679227','2025-06-30 04:28:43.396246',1,'f77d945d8e1e4033aa7b90ca4bfacea0','164',1),('carbon-wyoming-kitten-apart','api.tasks.generate_hourly_bed_charges',NULL,'gAUpLg==','gAV9lC4=',NULL,'2025-06-30 04:28:42.685442','2025-06-30 04:28:43.422825',1,'f87e831afa6f4e21a9202cd629efb878','96',1),('queen-arkansas-echo-alaska','api.tasks.generate_hourly_bed_charges',NULL,'gAUpLg==','gAV9lC4=',NULL,'2025-06-30 04:28:11.886019','2025-06-30 04:28:12.510151',1,'f970cdf21d9946cb92bbf8e8d66948f4','20',1),('nineteen-jersey-seventeen-washington','api.tasks.generate_hourly_bed_charges',NULL,'gAUpLg==','gAV9lC4=',NULL,'2025-06-30 04:28:42.576108','2025-06-30 04:28:43.199741',1,'fb68a3ac6d354c7d84f673c20534cc0c','127',1),('north-charlie-mango-cardinal','api.tasks.generate_hourly_bed_charges',NULL,'gAUpLg==','gAV9lC4=',NULL,'2025-06-30 04:28:42.747623','2025-06-30 04:28:43.562545',1,'fcd48d3b5eba4b8a8b45541835eb23dd','84',1),('lithium-south-sink-michigan','api.tasks.generate_hourly_bed_charges',NULL,'gAUpLg==','gAV9lC4=',NULL,'2025-06-30 04:28:42.843652','2025-06-30 04:28:43.742243',1,'fe3170c4f19c4def92ad79811a0547d1','2',1),('burger-hydrogen-lemon-oregon','api.tasks.generate_hourly_bed_charges',NULL,'gAUpLg==','gAV9lC4=',NULL,'2025-06-30 04:28:12.104762','2025-06-30 04:28:13.124103',1,'fef8cfd5c5eb4f018c902d462fc94706','77',1),('bravo-michigan-two-pizza','api.tasks.generate_hourly_bed_charges',NULL,'gAUpLg==','gAV9lC4=',NULL,'2025-06-30 04:28:42.764837','2025-06-30 04:28:43.619140',1,'ff1f5fa542c14a40966f021f7400f632','79',1);
/*!40000 ALTER TABLE `django_q_task` ENABLE KEYS */;
UNLOCK TABLES;

--
-- Table structure for table `django_session`
--

DROP TABLE IF EXISTS `django_session`;
/*!40101 SET @saved_cs_client     = @@character_set_client */;
/*!50503 SET character_set_client = utf8mb4 */;
CREATE TABLE `django_session` (
  `session_key` varchar(40) COLLATE utf8mb4_unicode_ci NOT NULL,
  `session_data` longtext COLLATE utf8mb4_unicode_ci NOT NULL,
  `expire_date` datetime(6) NOT NULL,
  PRIMARY KEY (`session_key`),
  KEY `django_session_expire_date_a5c62663` (`expire_date`)
) ENGINE=InnoDB DEFAULT CHARSET=utf8mb4 COLLATE=utf8mb4_unicode_ci;
/*!40101 SET character_set_client = @saved_cs_client */;

--
-- Dumping data for table `django_session`
--

LOCK TABLES `django_session` WRITE;
/*!40000 ALTER TABLE `django_session` DISABLE KEYS */;
INSERT INTO `django_session` VALUES ('36ri5sm24r14x8foq2hbem5nv5pndzo1','.eJxVjMsOwiAQRf-FtSE8ChSX7v0GMsNMpWogKe3K-O_apAvd3nPOfYkE21rS1nlJM4mz0OL0uyHkB9cd0B3qrcnc6rrMKHdFHrTLayN-Xg7376BAL9_aAWs7QTRokQ2OlmLArDyPEeLgBgqMEYjIR6VZa-MmsAqdt4HYahbvD_0SOF4:1uVh0J:VJASpkGj8py1Lmz3mWa7C2mgZgjpiT9gHvtpYHLQGx8','2025-07-13 01:38:47.757029'),('hiqrkicv3snaqv2n3581t86wr1ndjrck','.eJxVjMsOwiAQRf-FtSE8ChSX7v0GMsNMpWogKe3K-O_apAvd3nPOfYkE21rS1nlJM4mz0OL0uyHkB9cd0B3qrcnc6rrMKHdFHrTLayN-Xg7376BAL9_aAWs7QTRokQ2OlmLArDyPEeLgBgqMEYjIR6VZa-MmsAqdt4HYahbvD_0SOF4:1uWPEL:oKJUVFvdB-eua7g5ruq93E5TvCjrescU4pAXGXifUI8','2025-07-15 00:52:13.594871'),('ism6pyvvdixavc60alz5ml2augjwc49m','.eJxVjMsOwiAQRf-FtSE8ChSX7v0GMsNMpWogKe3K-O_apAvd3nPOfYkE21rS1nlJM4mz0OL0uyHkB9cd0B3qrcnc6rrMKHdFHrTLayN-Xg7376BAL9_aAWs7QTRokQ2OlmLArDyPEeLgBgqMEYjIR6VZa-MmsAqdt4HYahbvD_0SOF4:1uW1oW:sJYmOcYnPbpJqnSiM0eElqMaboVFRADO3WuMhSrFtTI','2025-07-13 23:52:00.815574'),('xfov3pcovvvwa9whb88lnf4lwsww64rv','.eJxVjMsOwiAQRf-FtSE8ChSX7v0GMsNMpWogKe3K-O_apAvd3nPOfYkE21rS1nlJM4mz0OL0uyHkB9cd0B3qrcnc6rrMKHdFHrTLayN-Xg7376BAL9_aAWs7QTRokQ2OlmLArDyPEeLgBgqMEYjIR6VZa-MmsAqdt4HYahbvD_0SOF4:1uW53m:a80U8TOhVm65u6ygaxFcotqvS4djaRO_VwnFdVe_VPo','2025-07-14 03:19:58.978001');
/*!40000 ALTER TABLE `django_session` ENABLE KEYS */;
UNLOCK TABLES;

--
-- Dumping routines for database 'hospital_db_real'
--
/*!40103 SET TIME_ZONE=@OLD_TIME_ZONE */;

/*!40101 SET SQL_MODE=@OLD_SQL_MODE */;
/*!40014 SET FOREIGN_KEY_CHECKS=@OLD_FOREIGN_KEY_CHECKS */;
/*!40014 SET UNIQUE_CHECKS=@OLD_UNIQUE_CHECKS */;
/*!40101 SET CHARACTER_SET_CLIENT=@OLD_CHARACTER_SET_CLIENT */;
/*!40101 SET CHARACTER_SET_RESULTS=@OLD_CHARACTER_SET_RESULTS */;
/*!40101 SET COLLATION_CONNECTION=@OLD_COLLATION_CONNECTION */;
/*!40111 SET SQL_NOTES=@OLD_SQL_NOTES */;

-- Dump completed on 2025-07-01 10:53:31
