"history_id","changed_by","changes","original_case_number","id","ward_service","bed_number","has_philhealth","case_number","hospital_case_number","has_hmo","hmo","code","name","status","type_of_admission","admission_date","current_condition","date_of_birth","birth_place","gender","age","address","occupation","civil_status","nationality","religion","visit_type","consultation_datetime","referred_by","next_consultation_date","discharge_date","total_days","principal_diagnosis","other_diagnosis","principal_operation","other_operation","phone","emergency_contact_name","emergency_contact_phone","is_active","entry_date","height","weight","blood_pressure","pulse_rate","respiratory_rate","temperature","physical_examination","main_complaint","present_illness","clinical_findings","icd_code","diagnosis","treatment","disposition","result","membership","father_name","father_address","father_contact","mother_name","mother_address","mother_contact","spouse_name","spouse_address","spouse_contact","archived","history_date","history_change_reason","history_type","attending_physician","history_user"
""55"",""[object Object]"",""[object Object]"",""CN-20250612-9999"",""7"",""private"","""","""",""CN-20250612-9999"",""HCN-20250617-68"","""",""HMO"",""V5A7K"",""Anne Y. Yari"",""Outpatient"",""New"",""2025-06-28T02:27:00Z"",""Not specified"",""2009-02-10"",""Taytay Rizal"",""Male"",""18"",""block 1 lot 38, Hinapao Street"",""Accountant"",""Married"",""Filipino"",""Roman Catholic"",""New"",""2025-06-28T02:57:00Z"",""Dr. Molina"","""","""","""","""","""","""","""",""09357773518"","""","""",""Active"",""2025-06-28T02:27:54.351386Z"",""120.00"",""54.00"",""120"",""25.00"",""120.00"",""45.00"",""ok"",""ok"","",,k"","""",""J45.9"","""",""h"",""Discharged"",""Died"",""SSS"","""","""","""","""","""","""","""","""","""","""",""6/28/2025"","""",""~"",""2"",""1""
""54"",""[object Object]"",""[object Object]"",""CN-20250612-9999"",""7"",""private"","""","""",""CN-20250612-9999"",""HCN-20250617-68"","""",""HMO"",""V5A7K"",""Anne Y. Yari"",""Outpatient"",""New"",""2025-06-28T02:27:00Z"",""Not specified"",""2009-02-10"",""Taytay Rizal"",""Male"",""18"",""block 1 lot 38, Hinapao Street"",""Accountant"",""Married"",""Filipino"",""Roman Catholic"",""New"",""2025-06-28T02:57:00Z"",""Dr. Molina"","""","""","""","""","""","""","""",""09357773518"","""","""",""Active"",""2025-06-28T02:27:54.351386Z"",""120.00"",""54.00"",""120"",""25.00"",""120.00"",""45.00"",""ok"",""ok"","",,k"","""",""J45.9"","""",""h"",""Discharged"",""Died"",""SSS"","""","""","""","""","""","""","""","""","""","""",""6/28/2025"","""",""~"",""2"",""1""
""53"",""[object Object]"",""[object Object]"",""CN-20250612-9999"",""7"",""private"","""","""",""CN-20250612-9999"",""HCN-20250617-68"","""",""HMO"",""V5A7K"",""Anne Y. Yari"",""Outpatient"",""New"",""2025-06-28T02:27:00Z"",""Not specified"",""2009-02-10"",""Taytay Rizal"",""Male"",""18"",""block 1 lot 38, Hinapao Street"",""Accountant"",""Married"",""Filipino"",""Roman Catholic"",""New"",""2025-06-28T02:57:00Z"",""Dr. Molina"","""","""","""","""","""","""","""",""09357773518"","""","""",""Active"",""2025-06-28T02:27:54.351386Z"",""120.00"",""54.00"",""120"",""25.00"",""120.00"",""45.00"",""ok"",""ok"","",,k"","""",""J45.9"","""",""h"",""Discharged"",""Died"",""SSS"","""","""","""","""","""","""","""","""","""","""",""6/28/2025"","""",""~"",""2"",""1""
""52"",""[object Object]"",""[object Object]"",""CN-20250612-9999"",""7"",""private"","""","""",""CN-20250612-9999"",""HCN-20250617-68"","""",""HMO"",""V5A7K"",""Anne Y. Yari"",""Outpatient"",""New"",""2025-06-28T02:27:00Z"",""Not specified"",""2009-02-10"",""Taytay Rizal"",""Male"",""18"",""block 1 lot 38, Hinapao Street"",""Accountant"",""Married"",""Filipino"",""Roman Catholic"",""New"",""2025-06-28T02:57:00Z"",""Dr. Molina"","""","""","""","""","""","""","""",""09357773518"","""","""",""Active"",""2025-06-28T02:27:54.351386Z"",""120.00"",""54.00"",""120"",""25.00"",""120.00"",""45.00"",""ok"",""ok"","",,k"","""",""J45.9"","""",""h"",""Discharged"",""Died"",""SSS"","""","""","""","""","""","""","""","""","""","""",""6/28/2025"","""",""~"",""2"",""1""
""51"",""[object Object]"",""[object Object]"",""CN-20250612-9999"",""7"",""private"","""","""",""CN-20250612-9999"",""HCN-20250617-68"","""",""HMO"",""V5A7K"",""Anne Y. Yari"",""Outpatient"",""New"",""2025-06-28T02:27:00Z"",""Not specified"",""2009-02-10"",""Taytay Rizal"",""Male"",""18"",""block 1 lot 38, Hinapao Street"",""Accountant"",""Married"",""Filipino"",""Roman Catholic"",""New"",""2025-06-28T02:57:00Z"",""Dr. Molina"","""","""","""","""","""","""","""",""09357773518"","""","""",""Active"",""2025-06-28T02:27:54.351386Z"",""120.00"",""54.00"",""120"",""25.00"",""120.00"",""45.00"",""ok"",""ok"","",,k"","""",""J45.9"","""",""h"",""Discharged"",""Died"",""SSS"","""","""","""","""","""","""","""","""","""","""",""6/28/2025"","""",""~"",""2"",""1""
""50"",""[object Object]"",""[object Object]"",""CN-20250612-9999"",""7"",""private"","""","""",""CN-20250612-9999"",""HCN-20250617-68"","""",""HMO"",""V5A7K"",""Anne Y. Yari"",""Outpatient"",""New"",""2025-06-28T02:27:00Z"",""Not specified"",""2009-02-10"",""Taytay Rizal"",""Male"",""18"",""block 1 lot 38, Hinapao Street"",""Accountant"",""Married"",""Filipino"",""Roman Catholic"",""New"",""2025-06-28T02:57:00Z"",""Dr. Molina"","""","""","""","""","""","""","""",""09357773518"","""","""",""Active"",""2025-06-28T02:27:54.351386Z"",""120.00"",""54.00"",""120"",""25.00"",""120.00"",""45.00"",""ok"",""ok"","",,k"","""",""J45.9"","""",""h"",""Discharged"",""Died"",""SSS"","""","""","""","""","""","""","""","""","""","""",""6/28/2025"","""",""~"",""2"",""1""
""48"",""[object Object]"",""[object Object]"",""CN-20250612-99"",""7"",""private"","""","""",""CN-20250612-99"",""HCN-20250617-68"","""",""HMO"",""V5A7K"",""Anne Y. Yari"",""Admitted"",""New"",""2025-06-28T02:27:00Z"",""Not specified"",""2009-02-10"",""Taytay Rizal"",""Male"",""18"",""block 1 lot 38, Hinapao Street"",""Accountant"",""Married"",""Filipino"",""Roman Catholic"",""New"","""",""Dr. Molina"","""","""","""","""","""","""","""",""09357773518"","""","""",""Active"",""2025-06-28T02:27:54.351386Z"","""","""","""","""","""","""","""","""","""","""","""","""","""",""Discharged"",""Died"",""SSS"","""","""","""","""","""","""","""","""","""","""",""6/28/2025"","""",""+"",""1"",""1""