"history_id","changed_by","changes","original_case_number","id","ward_service","bed_number","has_philhealth","case_number","hospital_case_number","has_hmo","hmo","code","name","status","type_of_admission","admission_date","current_condition","date_of_birth","birth_place","gender","age","address","occupation","civil_status","nationality","religion","visit_type","consultation_datetime","referred_by","next_consultation_date","discharge_date","total_days","principal_diagnosis","other_diagnosis","principal_operation","other_operation","phone","emergency_contact_name","emergency_contact_phone","is_active","entry_date","height","weight","blood_pressure","pulse_rate","respiratory_rate","temperature","physical_examination","main_complaint","present_illness","clinical_findings","icd_code","diagnosis","treatment","disposition","result","membership","father_name","father_address","father_contact","mother_name","mother_address","mother_contact","spouse_name","spouse_address","spouse_contact","archived","history_date","history_change_reason","history_type","attending_physician","history_user"
""33"",""[object Object]"",""[object Object]"",""CN-20250629-013"",""6"",""house"","""","""",""CN-20250629-013"",""Y4JRQ"","""",""Acme Health Plan"",""Y4JRQ"",""Mo E. Lester"",""Discharged"",""New"",""2025-06-29T05:03:00Z"",""Not specified"",""1995-06-17"",""Taytay Rizal"",""Male"",""30"",""block 1 lot 38, Hinapao Street"",""Accountant"",""Single"",""Filipino"",""Roman Catholic"",""New"","""",""Dr. Molina"","""","""","""",""Beaten up"",""Beaten up"",""Beaten up"",""Beaten up"",""09764926311"","""","""",""Active"",""2025-06-29T05:04:12.595270Z"","""","""","""","""","""","""","""","""","""","""",""u823af"",""Beaten up"","""",""Discharged"",""Died"",""SSS"","""","""","""","""","""","""","""","""","""","""",""6/29/2025"","""",""~"",""3"",""2""
""32"",""[object Object]"",""[object Object]"",""CN-20250629-013"",""6"",""house"",""102"","""",""CN-20250629-013"",""Y4JRQ"","""",""Acme Health Plan"",""Y4JRQ"",""Mo E. Lester"",""Admitted"",""New"",""2025-06-29T05:03:00Z"",""Not specified"",""1995-06-17"",""Taytay Rizal"",""Male"",""30"",""block 1 lot 38, Hinapao Street"",""Accountant"",""Single"",""Filipino"",""Roman Catholic"",""New"","""",""Dr. Molina"","""","""","""",""Beaten up"",""Beaten up"",""Beaten up"",""Beaten up"",""09764926311"","""","""",""Active"",""2025-06-29T05:04:12.595270Z"","""","""","""","""","""","""","""","""","""","""",""u823af"",""Beaten up"","""",""Discharged"",""Died"",""SSS"","""","""","""","""","""","""","""","""","""","""",""6/29/2025"","""",""~"",""3"",""2""
""31"",""[object Object]"",""[object Object]"",""CN-20250629-013"",""6"",""house"","""","""",""CN-20250629-013"",""Y4JRQ"","""",""Acme Health Plan"",""Y4JRQ"",""Mo E. Lester"",""Admitted"",""New"",""2025-06-29T05:03:00Z"",""Not specified"",""1995-06-17"",""Taytay Rizal"",""Male"",""30"",""block 1 lot 38, Hinapao Street"",""Accountant"",""Single"",""Filipino"",""Roman Catholic"",""New"","""",""Dr. Molina"","""","""","""",""Beaten up"",""Beaten up"",""Beaten up"",""Beaten up"",""09764926311"","""","""",""Active"",""2025-06-29T05:04:12.595270Z"","""","""","""","""","""","""","""","""","""","""",""u823af"",""Beaten up"","""",""Discharged"",""Died"",""SSS"","""","""","""","""","""","""","""","""","""","""",""6/29/2025"","""",""~"",""3"",""1""
""27"",""[object Object]"",""[object Object]"",""CN-20250629-011"",""6"",""house"","""","""",""CN-20250629-011"",""Y4JRQ"","""",""Acme Health Plan"",""Y4JRQ"",""Mo E. Lester"",""Admitted"",""New"",""2025-06-29T05:03:00Z"",""Not specified"",""1995-06-17"",""Taytay Rizal"",""Male"",""30"",""block 1 lot 38, Hinapao Street"",""Accountant"",""Single"",""Filipino"",""Roman Catholic"",""New"","""",""Dr. Molina"","""","""","""",""Beaten up"",""Beaten up"",""Beaten up"",""Beaten up"",""09764926311"","""","""",""Active"",""2025-06-29T05:04:12.595270Z"","""","""","""","""","""","""","""","""","""","""",""u823af"",""Beaten up"","""",""Discharged"",""Died"",""SSS"","""","""","""","""","""","""","""","""","""","""",""6/29/2025"","""",""~"",""3"",""1""
""26"",""[object Object]"",""[object Object]"",""CN-20250629-011"",""6"",""house"","""","""",""CN-20250629-011"","""","""",""Acme Health Plan"",""Y4JRQ"",""Mo E. Lester"",""Admitted"",""New"",""2025-06-29T05:03:00Z"",""Not specified"",""1995-06-17"",""Taytay Rizal"",""Male"",""30"",""block 1 lot 38, Hinapao Street"",""Accountant"",""Single"",""Filipino"",""Roman Catholic"",""New"","""",""Dr. Molina"","""","""","""",""Beaten up"",""Beaten up"",""Beaten up"",""Beaten up"",""09764926311"","""","""",""Active"",""2025-06-29T05:04:12.595270Z"","""","""","""","""","""","""","""","""","""","""",""u823af"",""Beaten up"","""",""Discharged"",""Died"",""SSS"","""","""","""","""","""","""","""","""","""","""",""6/29/2025"","""",""+"",""3"",""1""